{
  "id" : "03f67230-fd3b-11e7-ae08-f5542905e5ca-0",
  "name" : "email37.txt",
  "createdDate" : 0,
  "version" : 3,
  "text" : "This letter is to indicate that on Friday, January 12th 2018, John Patrick Mason escaped from Alcatraz prison in San Francisco California. He was born on 03/14/35 with the social security number of 012-16-5484. Please be sure to remove Mr Mason from the prison records and from the state of California. We will no longer proceed with John’s case at this point. If you wish to further probe the case, you can contact Officer Paul Mitchell who was born on January 10, 1965.",
  "docLength" : 0,
  "language" : "EN",
  "status" : "SUBMITTED",
  "modifiedDate" : 1516381775262,
  "documentSet" : [ ],
  "preannotation" : [ ],
  "sentences" : [ {
    "id" : "s0",
    "begin" : 0,
    "end" : 138,
    "text" : "This letter is to indicate that on Friday, January 12th 2018, John Patrick Mason escaped from Alcatraz prison in San Francisco California.",
    "tokens" : [ {
      "id" : "s0-t0",
      "begin" : 0,
      "end" : 4,
      "text" : "This",
      "whiteSpace" : false
    }, {
      "id" : "s0-t1",
      "begin" : 5,
      "end" : 11,
      "text" : "letter",
      "whiteSpace" : false
    }, {
      "id" : "s0-t2",
      "begin" : 12,
      "end" : 14,
      "text" : "is",
      "whiteSpace" : false
    }, {
      "id" : "s0-t3",
      "begin" : 15,
      "end" : 17,
      "text" : "to",
      "whiteSpace" : false
    }, {
      "id" : "s0-t4",
      "begin" : 18,
      "end" : 26,
      "text" : "indicate",
      "whiteSpace" : false
    }, {
      "id" : "s0-t5",
      "begin" : 27,
      "end" : 31,
      "text" : "that",
      "whiteSpace" : false
    }, {
      "id" : "s0-t6",
      "begin" : 32,
      "end" : 34,
      "text" : "on",
      "whiteSpace" : false
    }, {
      "id" : "s0-t7",
      "begin" : 35,
      "end" : 41,
      "text" : "Friday",
      "whiteSpace" : false
    }, {
      "id" : "s0-t8",
      "begin" : 41,
      "end" : 42,
      "text" : ",",
      "whiteSpace" : false
    }, {
      "id" : "s0-t9",
      "begin" : 43,
      "end" : 50,
      "text" : "January",
      "whiteSpace" : false
    }, {
      "id" : "s0-t10",
      "begin" : 51,
      "end" : 55,
      "text" : "12th",
      "whiteSpace" : false
    }, {
      "id" : "s0-t11",
      "begin" : 56,
      "end" : 60,
      "text" : "2018",
      "whiteSpace" : false
    }, {
      "id" : "s0-t12",
      "begin" : 60,
      "end" : 61,
      "text" : ",",
      "whiteSpace" : false
    }, {
      "id" : "s0-t13",
      "begin" : 62,
      "end" : 66,
      "text" : "John",
      "whiteSpace" : false
    }, {
      "id" : "s0-t14",
      "begin" : 67,
      "end" : 74,
      "text" : "Patrick",
      "whiteSpace" : false
    }, {
      "id" : "s0-t15",
      "begin" : 75,
      "end" : 80,
      "text" : "Mason",
      "whiteSpace" : false
    }, {
      "id" : "s0-t16",
      "begin" : 81,
      "end" : 88,
      "text" : "escaped",
      "whiteSpace" : false
    }, {
      "id" : "s0-t17",
      "begin" : 89,
      "end" : 93,
      "text" : "from",
      "whiteSpace" : false
    }, {
      "id" : "s0-t18",
      "begin" : 94,
      "end" : 102,
      "text" : "Alcatraz",
      "whiteSpace" : false
    }, {
      "id" : "s0-t19",
      "begin" : 103,
      "end" : 109,
      "text" : "prison",
      "whiteSpace" : false
    }, {
      "id" : "s0-t20",
      "begin" : 110,
      "end" : 112,
      "text" : "in",
      "whiteSpace" : false
    }, {
      "id" : "s0-t21",
      "begin" : 113,
      "end" : 116,
      "text" : "San",
      "whiteSpace" : false
    }, {
      "id" : "s0-t22",
      "begin" : 117,
      "end" : 126,
      "text" : "Francisco",
      "whiteSpace" : false
    }, {
      "id" : "s0-t23",
      "begin" : 127,
      "end" : 137,
      "text" : "California",
      "whiteSpace" : false
    }, {
      "id" : "s0-t24",
      "begin" : 137,
      "end" : 138,
      "text" : ".",
      "whiteSpace" : false
    } ]
  }, {
    "id" : "s1",
    "begin" : 139,
    "end" : 210,
    "text" : "He was born on 03/14/35 with the social security number of 012-16-5484.",
    "tokens" : [ {
      "id" : "s1-t0",
      "begin" : 139,
      "end" : 141,
      "text" : "He",
      "whiteSpace" : false
    }, {
      "id" : "s1-t1",
      "begin" : 142,
      "end" : 145,
      "text" : "was",
      "whiteSpace" : false
    }, {
      "id" : "s1-t2",
      "begin" : 146,
      "end" : 150,
      "text" : "born",
      "whiteSpace" : false
    }, {
      "id" : "s1-t3",
      "begin" : 151,
      "end" : 153,
      "text" : "on",
      "whiteSpace" : false
    }, {
      "id" : "s1-t4",
      "begin" : 154,
      "end" : 162,
      "text" : "03/14/35",
      "whiteSpace" : false
    }, {
      "id" : "s1-t5",
      "begin" : 163,
      "end" : 167,
      "text" : "with",
      "whiteSpace" : false
    }, {
      "id" : "s1-t6",
      "begin" : 168,
      "end" : 171,
      "text" : "the",
      "whiteSpace" : false
    }, {
      "id" : "s1-t7",
      "begin" : 172,
      "end" : 178,
      "text" : "social",
      "whiteSpace" : false
    }, {
      "id" : "s1-t8",
      "begin" : 179,
      "end" : 187,
      "text" : "security",
      "whiteSpace" : false
    }, {
      "id" : "s1-t9",
      "begin" : 188,
      "end" : 194,
      "text" : "number",
      "whiteSpace" : false
    }, {
      "id" : "s1-t10",
      "begin" : 195,
      "end" : 197,
      "text" : "of",
      "whiteSpace" : false
    }, {
      "id" : "s1-t11",
      "begin" : 198,
      "end" : 209,
      "text" : "012-16-5484",
      "whiteSpace" : false
    }, {
      "id" : "s1-t12",
      "begin" : 209,
      "end" : 210,
      "text" : ".",
      "whiteSpace" : false
    } ]
  }, {
    "id" : "s2",
    "begin" : 211,
    "end" : 302,
    "text" : "Please be sure to remove Mr Mason from the prison records and from the state of California.",
    "tokens" : [ {
      "id" : "s2-t0",
      "begin" : 211,
      "end" : 217,
      "text" : "Please",
      "whiteSpace" : false
    }, {
      "id" : "s2-t1",
      "begin" : 218,
      "end" : 220,
      "text" : "be",
      "whiteSpace" : false
    }, {
      "id" : "s2-t2",
      "begin" : 221,
      "end" : 225,
      "text" : "sure",
      "whiteSpace" : false
    }, {
      "id" : "s2-t3",
      "begin" : 226,
      "end" : 228,
      "text" : "to",
      "whiteSpace" : false
    }, {
      "id" : "s2-t4",
      "begin" : 229,
      "end" : 235,
      "text" : "remove",
      "whiteSpace" : false
    }, {
      "id" : "s2-t5",
      "begin" : 236,
      "end" : 238,
      "text" : "Mr",
      "whiteSpace" : false
    }, {
      "id" : "s2-t6",
      "begin" : 239,
      "end" : 244,
      "text" : "Mason",
      "whiteSpace" : false
    }, {
      "id" : "s2-t7",
      "begin" : 245,
      "end" : 249,
      "text" : "from",
      "whiteSpace" : false
    }, {
      "id" : "s2-t8",
      "begin" : 250,
      "end" : 253,
      "text" : "the",
      "whiteSpace" : false
    }, {
      "id" : "s2-t9",
      "begin" : 254,
      "end" : 260,
      "text" : "prison",
      "whiteSpace" : false
    }, {
      "id" : "s2-t10",
      "begin" : 261,
      "end" : 268,
      "text" : "records",
      "whiteSpace" : false
    }, {
      "id" : "s2-t11",
      "begin" : 269,
      "end" : 272,
      "text" : "and",
      "whiteSpace" : false
    }, {
      "id" : "s2-t12",
      "begin" : 273,
      "end" : 277,
      "text" : "from",
      "whiteSpace" : false
    }, {
      "id" : "s2-t13",
      "begin" : 278,
      "end" : 281,
      "text" : "the",
      "whiteSpace" : false
    }, {
      "id" : "s2-t14",
      "begin" : 282,
      "end" : 287,
      "text" : "state",
      "whiteSpace" : false
    }, {
      "id" : "s2-t15",
      "begin" : 288,
      "end" : 290,
      "text" : "of",
      "whiteSpace" : false
    }, {
      "id" : "s2-t16",
      "begin" : 291,
      "end" : 301,
      "text" : "California",
      "whiteSpace" : false
    }, {
      "id" : "s2-t17",
      "begin" : 301,
      "end" : 302,
      "text" : ".",
      "whiteSpace" : false
    } ]
  }, {
    "id" : "s3",
    "begin" : 303,
    "end" : 360,
    "text" : "We will no longer proceed with John’s case at this point.",
    "tokens" : [ {
      "id" : "s3-t0",
      "begin" : 303,
      "end" : 305,
      "text" : "We",
      "whiteSpace" : false
    }, {
      "id" : "s3-t1",
      "begin" : 306,
      "end" : 310,
      "text" : "will",
      "whiteSpace" : false
    }, {
      "id" : "s3-t2",
      "begin" : 311,
      "end" : 313,
      "text" : "no",
      "whiteSpace" : false
    }, {
      "id" : "s3-t3",
      "begin" : 314,
      "end" : 320,
      "text" : "longer",
      "whiteSpace" : false
    }, {
      "id" : "s3-t4",
      "begin" : 321,
      "end" : 328,
      "text" : "proceed",
      "whiteSpace" : false
    }, {
      "id" : "s3-t5",
      "begin" : 329,
      "end" : 333,
      "text" : "with",
      "whiteSpace" : false
    }, {
      "id" : "s3-t6",
      "begin" : 334,
      "end" : 338,
      "text" : "John",
      "whiteSpace" : false
    }, {
      "id" : "s3-t7",
      "begin" : 338,
      "end" : 340,
      "text" : "’s",
      "whiteSpace" : false
    }, {
      "id" : "s3-t8",
      "begin" : 341,
      "end" : 345,
      "text" : "case",
      "whiteSpace" : false
    }, {
      "id" : "s3-t9",
      "begin" : 346,
      "end" : 348,
      "text" : "at",
      "whiteSpace" : false
    }, {
      "id" : "s3-t10",
      "begin" : 349,
      "end" : 353,
      "text" : "this",
      "whiteSpace" : false
    }, {
      "id" : "s3-t11",
      "begin" : 354,
      "end" : 359,
      "text" : "point",
      "whiteSpace" : false
    }, {
      "id" : "s3-t12",
      "begin" : 359,
      "end" : 360,
      "text" : ".",
      "whiteSpace" : false
    } ]
  }, {
    "id" : "s4",
    "begin" : 361,
    "end" : 471,
    "text" : "If you wish to further probe the case, you can contact Officer Paul Mitchell who was born on January 10, 1965.",
    "tokens" : [ {
      "id" : "s4-t0",
      "begin" : 361,
      "end" : 363,
      "text" : "If",
      "whiteSpace" : false
    }, {
      "id" : "s4-t1",
      "begin" : 364,
      "end" : 367,
      "text" : "you",
      "whiteSpace" : false
    }, {
      "id" : "s4-t2",
      "begin" : 368,
      "end" : 372,
      "text" : "wish",
      "whiteSpace" : false
    }, {
      "id" : "s4-t3",
      "begin" : 373,
      "end" : 375,
      "text" : "to",
      "whiteSpace" : false
    }, {
      "id" : "s4-t4",
      "begin" : 376,
      "end" : 383,
      "text" : "further",
      "whiteSpace" : false
    }, {
      "id" : "s4-t5",
      "begin" : 384,
      "end" : 389,
      "text" : "probe",
      "whiteSpace" : false
    }, {
      "id" : "s4-t6",
      "begin" : 390,
      "end" : 393,
      "text" : "the",
      "whiteSpace" : false
    }, {
      "id" : "s4-t7",
      "begin" : 394,
      "end" : 398,
      "text" : "case",
      "whiteSpace" : false
    }, {
      "id" : "s4-t8",
      "begin" : 398,
      "end" : 399,
      "text" : ",",
      "whiteSpace" : false
    }, {
      "id" : "s4-t9",
      "begin" : 400,
      "end" : 403,
      "text" : "you",
      "whiteSpace" : false
    }, {
      "id" : "s4-t10",
      "begin" : 404,
      "end" : 407,
      "text" : "can",
      "whiteSpace" : false
    }, {
      "id" : "s4-t11",
      "begin" : 408,
      "end" : 415,
      "text" : "contact",
      "whiteSpace" : false
    }, {
      "id" : "s4-t12",
      "begin" : 416,
      "end" : 423,
      "text" : "Officer",
      "whiteSpace" : false
    }, {
      "id" : "s4-t13",
      "begin" : 424,
      "end" : 428,
      "text" : "Paul",
      "whiteSpace" : false
    }, {
      "id" : "s4-t14",
      "begin" : 429,
      "end" : 437,
      "text" : "Mitchell",
      "whiteSpace" : false
    }, {
      "id" : "s4-t15",
      "begin" : 438,
      "end" : 441,
      "text" : "who",
      "whiteSpace" : false
    }, {
      "id" : "s4-t16",
      "begin" : 442,
      "end" : 445,
      "text" : "was",
      "whiteSpace" : false
    }, {
      "id" : "s4-t17",
      "begin" : 446,
      "end" : 450,
      "text" : "born",
      "whiteSpace" : false
    }, {
      "id" : "s4-t18",
      "begin" : 451,
      "end" : 453,
      "text" : "on",
      "whiteSpace" : false
    }, {
      "id" : "s4-t19",
      "begin" : 454,
      "end" : 461,
      "text" : "January",
      "whiteSpace" : false
    }, {
      "id" : "s4-t20",
      "begin" : 462,
      "end" : 464,
      "text" : "10",
      "whiteSpace" : false
    }, {
      "id" : "s4-t21",
      "begin" : 464,
      "end" : 465,
      "text" : ",",
      "whiteSpace" : false
    }, {
      "id" : "s4-t22",
      "begin" : 466,
      "end" : 470,
      "text" : "1965",
      "whiteSpace" : false
    }, {
      "id" : "s4-t23",
      "begin" : 470,
      "end" : 471,
      "text" : ".",
      "whiteSpace" : false
    } ]
  } ],
  "mentions" : [ {
    "id" : "s0-m1",
    "properties" : {
      "SIRE_MENTION_ROLE" : "Name",
      "SIRE_ENTITY_SUBTYPE" : "NONE",
      "SIRE_MENTION_TYPE" : "NONE",
      "SIRE_MENTION_CLASS" : "SPC"
    },
    "type" : "Name",
    "begin" : 62,
    "end" : 80,
    "inCoref" : false
  }, {
    "id" : "s1-m1",
    "properties" : {
      "SIRE_MENTION_ROLE" : "DOB",
      "SIRE_ENTITY_SUBTYPE" : "NONE",
      "SIRE_MENTION_TYPE" : "NONE",
      "SIRE_MENTION_CLASS" : "SPC"
    },
    "type" : "DOB",
    "begin" : 154,
    "end" : 162,
    "inCoref" : false
  }, {
    "id" : "s1-m2",
    "properties" : {
      "SIRE_MENTION_ROLE" : "SSN",
      "SIRE_ENTITY_SUBTYPE" : "NONE",
      "SIRE_MENTION_TYPE" : "NONE",
      "SIRE_MENTION_CLASS" : "SPC"
    },
    "type" : "SSN",
    "begin" : 198,
    "end" : 209,
    "inCoref" : false
  }, {
    "id" : "s2-m1",
    "properties" : {
      "SIRE_MENTION_ROLE" : "Name",
      "SIRE_ENTITY_SUBTYPE" : "NONE",
      "SIRE_MENTION_TYPE" : "NONE",
      "SIRE_MENTION_CLASS" : "SPC"
    },
    "type" : "Name",
    "begin" : 239,
    "end" : 244,
    "inCoref" : false
  }, {
    "id" : "s3-m1",
    "properties" : {
      "SIRE_MENTION_ROLE" : "Name",
      "SIRE_ENTITY_SUBTYPE" : "NONE",
      "SIRE_MENTION_TYPE" : "NONE",
      "SIRE_MENTION_CLASS" : "SPC"
    },
    "type" : "Name",
    "begin" : 334,
    "end" : 338,
    "inCoref" : false
  }, {
    "id" : "s4-m1",
    "properties" : {
      "SIRE_MENTION_ROLE" : "Name",
      "SIRE_ENTITY_SUBTYPE" : "NONE",
      "SIRE_MENTION_TYPE" : "NONE",
      "SIRE_MENTION_CLASS" : "SPC"
    },
    "type" : "Name",
    "begin" : 424,
    "end" : 437,
    "inCoref" : false
  }, {
    "id" : "s4-m2",
    "properties" : {
      "SIRE_MENTION_ROLE" : "DOB",
      "SIRE_ENTITY_SUBTYPE" : "NONE",
      "SIRE_MENTION_TYPE" : "NONE",
      "SIRE_MENTION_CLASS" : "SPC"
    },
    "type" : "DOB",
    "begin" : 454,
    "end" : 470,
    "inCoref" : false
  } ],
  "relations" : [ ],
  "corefs" : [ ],
  "typeResolved" : true,
  "userResolved" : false
}