{
  "id" : "03f67230-fd3b-11e7-ae08-f5542905e5ca-2",
  "name" : "email39.txt",
  "createdDate" : 0,
  "version" : 3,
  "text" : "Mary Tyler Moore, born on Saturday February 28th, 1900 has requested that she change her social security number from 030-22-1415 to 021541245. Please be sure to make this change. If this does not work, you may use the ssn 475-44-1649. Ask Bob if there are any issues getting Mary’s number changed. Bob can also engage Michael if needed. Michael Bolton can be very helpful.",
  "docLength" : 0,
  "language" : "EN",
  "status" : "SUBMITTED",
  "modifiedDate" : 1516381894402,
  "documentSet" : [ ],
  "preannotation" : [ ],
  "sentences" : [ {
    "id" : "s0",
    "begin" : 0,
    "end" : 142,
    "text" : "Mary Tyler Moore, born on Saturday February 28th, 1900 has requested that she change her social security number from 030-22-1415 to 021541245.",
    "tokens" : [ {
      "id" : "s0-t0",
      "begin" : 0,
      "end" : 4,
      "text" : "Mary",
      "whiteSpace" : false
    }, {
      "id" : "s0-t1",
      "begin" : 5,
      "end" : 10,
      "text" : "Tyler",
      "whiteSpace" : false
    }, {
      "id" : "s0-t2",
      "begin" : 11,
      "end" : 16,
      "text" : "Moore",
      "whiteSpace" : false
    }, {
      "id" : "s0-t3",
      "begin" : 16,
      "end" : 17,
      "text" : ",",
      "whiteSpace" : false
    }, {
      "id" : "s0-t4",
      "begin" : 18,
      "end" : 22,
      "text" : "born",
      "whiteSpace" : false
    }, {
      "id" : "s0-t5",
      "begin" : 23,
      "end" : 25,
      "text" : "on",
      "whiteSpace" : false
    }, {
      "id" : "s0-t6",
      "begin" : 26,
      "end" : 34,
      "text" : "Saturday",
      "whiteSpace" : false
    }, {
      "id" : "s0-t7",
      "begin" : 35,
      "end" : 43,
      "text" : "February",
      "whiteSpace" : false
    }, {
      "id" : "s0-t8",
      "begin" : 44,
      "end" : 48,
      "text" : "28th",
      "whiteSpace" : false
    }, {
      "id" : "s0-t9",
      "begin" : 48,
      "end" : 49,
      "text" : ",",
      "whiteSpace" : false
    }, {
      "id" : "s0-t10",
      "begin" : 50,
      "end" : 54,
      "text" : "1900",
      "whiteSpace" : false
    }, {
      "id" : "s0-t11",
      "begin" : 55,
      "end" : 58,
      "text" : "has",
      "whiteSpace" : false
    }, {
      "id" : "s0-t12",
      "begin" : 59,
      "end" : 68,
      "text" : "requested",
      "whiteSpace" : false
    }, {
      "id" : "s0-t13",
      "begin" : 69,
      "end" : 73,
      "text" : "that",
      "whiteSpace" : false
    }, {
      "id" : "s0-t14",
      "begin" : 74,
      "end" : 77,
      "text" : "she",
      "whiteSpace" : false
    }, {
      "id" : "s0-t15",
      "begin" : 78,
      "end" : 84,
      "text" : "change",
      "whiteSpace" : false
    }, {
      "id" : "s0-t16",
      "begin" : 85,
      "end" : 88,
      "text" : "her",
      "whiteSpace" : false
    }, {
      "id" : "s0-t17",
      "begin" : 89,
      "end" : 95,
      "text" : "social",
      "whiteSpace" : false
    }, {
      "id" : "s0-t18",
      "begin" : 96,
      "end" : 104,
      "text" : "security",
      "whiteSpace" : false
    }, {
      "id" : "s0-t19",
      "begin" : 105,
      "end" : 111,
      "text" : "number",
      "whiteSpace" : false
    }, {
      "id" : "s0-t20",
      "begin" : 112,
      "end" : 116,
      "text" : "from",
      "whiteSpace" : false
    }, {
      "id" : "s0-t21",
      "begin" : 117,
      "end" : 128,
      "text" : "030-22-1415",
      "whiteSpace" : false
    }, {
      "id" : "s0-t22",
      "begin" : 129,
      "end" : 131,
      "text" : "to",
      "whiteSpace" : false
    }, {
      "id" : "s0-t23",
      "begin" : 132,
      "end" : 141,
      "text" : "021541245",
      "whiteSpace" : false
    }, {
      "id" : "s0-t24",
      "begin" : 141,
      "end" : 142,
      "text" : ".",
      "whiteSpace" : false
    } ]
  }, {
    "id" : "s1",
    "begin" : 143,
    "end" : 178,
    "text" : "Please be sure to make this change.",
    "tokens" : [ {
      "id" : "s1-t0",
      "begin" : 143,
      "end" : 149,
      "text" : "Please",
      "whiteSpace" : false
    }, {
      "id" : "s1-t1",
      "begin" : 150,
      "end" : 152,
      "text" : "be",
      "whiteSpace" : false
    }, {
      "id" : "s1-t2",
      "begin" : 153,
      "end" : 157,
      "text" : "sure",
      "whiteSpace" : false
    }, {
      "id" : "s1-t3",
      "begin" : 158,
      "end" : 160,
      "text" : "to",
      "whiteSpace" : false
    }, {
      "id" : "s1-t4",
      "begin" : 161,
      "end" : 165,
      "text" : "make",
      "whiteSpace" : false
    }, {
      "id" : "s1-t5",
      "begin" : 166,
      "end" : 170,
      "text" : "this",
      "whiteSpace" : false
    }, {
      "id" : "s1-t6",
      "begin" : 171,
      "end" : 177,
      "text" : "change",
      "whiteSpace" : false
    }, {
      "id" : "s1-t7",
      "begin" : 177,
      "end" : 178,
      "text" : ".",
      "whiteSpace" : false
    } ]
  }, {
    "id" : "s2",
    "begin" : 179,
    "end" : 234,
    "text" : "If this does not work, you may use the ssn 475-44-1649.",
    "tokens" : [ {
      "id" : "s2-t0",
      "begin" : 179,
      "end" : 181,
      "text" : "If",
      "whiteSpace" : false
    }, {
      "id" : "s2-t1",
      "begin" : 182,
      "end" : 186,
      "text" : "this",
      "whiteSpace" : false
    }, {
      "id" : "s2-t2",
      "begin" : 187,
      "end" : 191,
      "text" : "does",
      "whiteSpace" : false
    }, {
      "id" : "s2-t3",
      "begin" : 192,
      "end" : 195,
      "text" : "not",
      "whiteSpace" : false
    }, {
      "id" : "s2-t4",
      "begin" : 196,
      "end" : 200,
      "text" : "work",
      "whiteSpace" : false
    }, {
      "id" : "s2-t5",
      "begin" : 200,
      "end" : 201,
      "text" : ",",
      "whiteSpace" : false
    }, {
      "id" : "s2-t6",
      "begin" : 202,
      "end" : 205,
      "text" : "you",
      "whiteSpace" : false
    }, {
      "id" : "s2-t7",
      "begin" : 206,
      "end" : 209,
      "text" : "may",
      "whiteSpace" : false
    }, {
      "id" : "s2-t8",
      "begin" : 210,
      "end" : 213,
      "text" : "use",
      "whiteSpace" : false
    }, {
      "id" : "s2-t9",
      "begin" : 214,
      "end" : 217,
      "text" : "the",
      "whiteSpace" : false
    }, {
      "id" : "s2-t10",
      "begin" : 218,
      "end" : 221,
      "text" : "ssn",
      "whiteSpace" : false
    }, {
      "id" : "s2-t11",
      "begin" : 222,
      "end" : 233,
      "text" : "475-44-1649",
      "whiteSpace" : false
    }, {
      "id" : "s2-t12",
      "begin" : 233,
      "end" : 234,
      "text" : ".",
      "whiteSpace" : false
    } ]
  }, {
    "id" : "s3",
    "begin" : 235,
    "end" : 297,
    "text" : "Ask Bob if there are any issues getting Mary’s number changed.",
    "tokens" : [ {
      "id" : "s3-t0",
      "begin" : 235,
      "end" : 238,
      "text" : "Ask",
      "whiteSpace" : false
    }, {
      "id" : "s3-t1",
      "begin" : 239,
      "end" : 242,
      "text" : "Bob",
      "whiteSpace" : false
    }, {
      "id" : "s3-t2",
      "begin" : 243,
      "end" : 245,
      "text" : "if",
      "whiteSpace" : false
    }, {
      "id" : "s3-t3",
      "begin" : 246,
      "end" : 251,
      "text" : "there",
      "whiteSpace" : false
    }, {
      "id" : "s3-t4",
      "begin" : 252,
      "end" : 255,
      "text" : "are",
      "whiteSpace" : false
    }, {
      "id" : "s3-t5",
      "begin" : 256,
      "end" : 259,
      "text" : "any",
      "whiteSpace" : false
    }, {
      "id" : "s3-t6",
      "begin" : 260,
      "end" : 266,
      "text" : "issues",
      "whiteSpace" : false
    }, {
      "id" : "s3-t7",
      "begin" : 267,
      "end" : 274,
      "text" : "getting",
      "whiteSpace" : false
    }, {
      "id" : "s3-t8",
      "begin" : 275,
      "end" : 279,
      "text" : "Mary",
      "whiteSpace" : false
    }, {
      "id" : "s3-t9",
      "begin" : 279,
      "end" : 281,
      "text" : "’s",
      "whiteSpace" : false
    }, {
      "id" : "s3-t10",
      "begin" : 282,
      "end" : 288,
      "text" : "number",
      "whiteSpace" : false
    }, {
      "id" : "s3-t11",
      "begin" : 289,
      "end" : 296,
      "text" : "changed",
      "whiteSpace" : false
    }, {
      "id" : "s3-t12",
      "begin" : 296,
      "end" : 297,
      "text" : ".",
      "whiteSpace" : false
    } ]
  }, {
    "id" : "s4",
    "begin" : 298,
    "end" : 336,
    "text" : "Bob can also engage Michael if needed.",
    "tokens" : [ {
      "id" : "s4-t0",
      "begin" : 298,
      "end" : 301,
      "text" : "Bob",
      "whiteSpace" : false
    }, {
      "id" : "s4-t1",
      "begin" : 302,
      "end" : 305,
      "text" : "can",
      "whiteSpace" : false
    }, {
      "id" : "s4-t2",
      "begin" : 306,
      "end" : 310,
      "text" : "also",
      "whiteSpace" : false
    }, {
      "id" : "s4-t3",
      "begin" : 311,
      "end" : 317,
      "text" : "engage",
      "whiteSpace" : false
    }, {
      "id" : "s4-t4",
      "begin" : 318,
      "end" : 325,
      "text" : "Michael",
      "whiteSpace" : false
    }, {
      "id" : "s4-t5",
      "begin" : 326,
      "end" : 328,
      "text" : "if",
      "whiteSpace" : false
    }, {
      "id" : "s4-t6",
      "begin" : 329,
      "end" : 335,
      "text" : "needed",
      "whiteSpace" : false
    }, {
      "id" : "s4-t7",
      "begin" : 335,
      "end" : 336,
      "text" : ".",
      "whiteSpace" : false
    } ]
  }, {
    "id" : "s5",
    "begin" : 337,
    "end" : 372,
    "text" : "Michael Bolton can be very helpful.",
    "tokens" : [ {
      "id" : "s5-t0",
      "begin" : 337,
      "end" : 344,
      "text" : "Michael",
      "whiteSpace" : false
    }, {
      "id" : "s5-t1",
      "begin" : 345,
      "end" : 351,
      "text" : "Bolton",
      "whiteSpace" : false
    }, {
      "id" : "s5-t2",
      "begin" : 352,
      "end" : 355,
      "text" : "can",
      "whiteSpace" : false
    }, {
      "id" : "s5-t3",
      "begin" : 356,
      "end" : 358,
      "text" : "be",
      "whiteSpace" : false
    }, {
      "id" : "s5-t4",
      "begin" : 359,
      "end" : 363,
      "text" : "very",
      "whiteSpace" : false
    }, {
      "id" : "s5-t5",
      "begin" : 364,
      "end" : 371,
      "text" : "helpful",
      "whiteSpace" : false
    }, {
      "id" : "s5-t6",
      "begin" : 371,
      "end" : 372,
      "text" : ".",
      "whiteSpace" : false
    } ]
  } ],
  "mentions" : [ {
    "id" : "s0-m1",
    "properties" : {
      "SIRE_MENTION_ROLE" : "Name",
      "SIRE_ENTITY_SUBTYPE" : "NONE",
      "SIRE_MENTION_TYPE" : "NONE",
      "SIRE_MENTION_CLASS" : "SPC"
    },
    "type" : "Name",
    "begin" : 0,
    "end" : 16,
    "inCoref" : false
  }, {
    "id" : "s0-m2",
    "properties" : {
      "SIRE_MENTION_ROLE" : "DOB",
      "SIRE_ENTITY_SUBTYPE" : "NONE",
      "SIRE_MENTION_TYPE" : "NONE",
      "SIRE_MENTION_CLASS" : "SPC"
    },
    "type" : "DOB",
    "begin" : 35,
    "end" : 54,
    "inCoref" : false
  }, {
    "id" : "s0-m3",
    "properties" : {
      "SIRE_MENTION_ROLE" : "SSN",
      "SIRE_ENTITY_SUBTYPE" : "NONE",
      "SIRE_MENTION_TYPE" : "NONE",
      "SIRE_MENTION_CLASS" : "SPC"
    },
    "type" : "SSN",
    "begin" : 117,
    "end" : 128,
    "inCoref" : false
  }, {
    "id" : "s0-m4",
    "properties" : {
      "SIRE_MENTION_ROLE" : "SSN",
      "SIRE_ENTITY_SUBTYPE" : "NONE",
      "SIRE_MENTION_TYPE" : "NONE",
      "SIRE_MENTION_CLASS" : "SPC"
    },
    "type" : "SSN",
    "begin" : 132,
    "end" : 141,
    "inCoref" : false
  }, {
    "id" : "s2-m1",
    "properties" : {
      "SIRE_MENTION_ROLE" : "SSN",
      "SIRE_ENTITY_SUBTYPE" : "NONE",
      "SIRE_MENTION_TYPE" : "NONE",
      "SIRE_MENTION_CLASS" : "SPC"
    },
    "type" : "SSN",
    "begin" : 222,
    "end" : 233,
    "inCoref" : false
  }, {
    "id" : "s3-m1",
    "properties" : {
      "SIRE_MENTION_ROLE" : "Name",
      "SIRE_ENTITY_SUBTYPE" : "NONE",
      "SIRE_MENTION_TYPE" : "NONE",
      "SIRE_MENTION_CLASS" : "SPC"
    },
    "type" : "Name",
    "begin" : 239,
    "end" : 242,
    "inCoref" : false
  }, {
    "id" : "s3-m2",
    "properties" : {
      "SIRE_MENTION_ROLE" : "Name",
      "SIRE_ENTITY_SUBTYPE" : "NONE",
      "SIRE_MENTION_TYPE" : "NONE",
      "SIRE_MENTION_CLASS" : "SPC"
    },
    "type" : "Name",
    "begin" : 275,
    "end" : 279,
    "inCoref" : false
  }, {
    "id" : "s4-m1",
    "properties" : {
      "SIRE_MENTION_ROLE" : "Name",
      "SIRE_ENTITY_SUBTYPE" : "NONE",
      "SIRE_MENTION_TYPE" : "NONE",
      "SIRE_MENTION_CLASS" : "SPC"
    },
    "type" : "Name",
    "begin" : 298,
    "end" : 301,
    "inCoref" : false
  }, {
    "id" : "s4-m2",
    "properties" : {
      "SIRE_MENTION_ROLE" : "Name",
      "SIRE_ENTITY_SUBTYPE" : "NONE",
      "SIRE_MENTION_TYPE" : "NONE",
      "SIRE_MENTION_CLASS" : "SPC"
    },
    "type" : "Name",
    "begin" : 318,
    "end" : 325,
    "inCoref" : false
  }, {
    "id" : "s5-m1",
    "properties" : {
      "SIRE_MENTION_ROLE" : "Name",
      "SIRE_ENTITY_SUBTYPE" : "NONE",
      "SIRE_MENTION_TYPE" : "NONE",
      "SIRE_MENTION_CLASS" : "SPC"
    },
    "type" : "Name",
    "begin" : 337,
    "end" : 351,
    "inCoref" : false
  } ],
  "relations" : [ ],
  "corefs" : [ ],
  "typeResolved" : true,
  "userResolved" : false
}