{
  "id" : "03f67230-fd3b-11e7-ae08-f5542905e5ca-1",
  "name" : "email38.txt",
  "createdDate" : 0,
  "version" : 3,
  "text" : "This letter is to indicate that Rebecca Kate Stamos has been employed by my company in Idaho. She was born on 02-22-1922 with an ssn of 023321545. Please be sure to welcome Mrs Stamos to our organization and to the state of Idaho. We will no longer be looking for a new employee as we have hired Rebecca at this point. If you wish to further probe the position, you can contact HR’s Paulette Morgan who was born on March 5th 1999. She will be happy to assist.",
  "docLength" : 0,
  "language" : "EN",
  "status" : "SUBMITTED",
  "modifiedDate" : 1516381849631,
  "documentSet" : [ ],
  "preannotation" : [ ],
  "sentences" : [ {
    "id" : "s0",
    "begin" : 0,
    "end" : 93,
    "text" : "This letter is to indicate that Rebecca Kate Stamos has been employed by my company in Idaho.",
    "tokens" : [ {
      "id" : "s0-t0",
      "begin" : 0,
      "end" : 4,
      "text" : "This",
      "whiteSpace" : false
    }, {
      "id" : "s0-t1",
      "begin" : 5,
      "end" : 11,
      "text" : "letter",
      "whiteSpace" : false
    }, {
      "id" : "s0-t2",
      "begin" : 12,
      "end" : 14,
      "text" : "is",
      "whiteSpace" : false
    }, {
      "id" : "s0-t3",
      "begin" : 15,
      "end" : 17,
      "text" : "to",
      "whiteSpace" : false
    }, {
      "id" : "s0-t4",
      "begin" : 18,
      "end" : 26,
      "text" : "indicate",
      "whiteSpace" : false
    }, {
      "id" : "s0-t5",
      "begin" : 27,
      "end" : 31,
      "text" : "that",
      "whiteSpace" : false
    }, {
      "id" : "s0-t6",
      "begin" : 32,
      "end" : 39,
      "text" : "Rebecca",
      "whiteSpace" : false
    }, {
      "id" : "s0-t7",
      "begin" : 40,
      "end" : 44,
      "text" : "Kate",
      "whiteSpace" : false
    }, {
      "id" : "s0-t8",
      "begin" : 45,
      "end" : 51,
      "text" : "Stamos",
      "whiteSpace" : false
    }, {
      "id" : "s0-t9",
      "begin" : 52,
      "end" : 55,
      "text" : "has",
      "whiteSpace" : false
    }, {
      "id" : "s0-t10",
      "begin" : 56,
      "end" : 60,
      "text" : "been",
      "whiteSpace" : false
    }, {
      "id" : "s0-t11",
      "begin" : 61,
      "end" : 69,
      "text" : "employed",
      "whiteSpace" : false
    }, {
      "id" : "s0-t12",
      "begin" : 70,
      "end" : 72,
      "text" : "by",
      "whiteSpace" : false
    }, {
      "id" : "s0-t13",
      "begin" : 73,
      "end" : 75,
      "text" : "my",
      "whiteSpace" : false
    }, {
      "id" : "s0-t14",
      "begin" : 76,
      "end" : 83,
      "text" : "company",
      "whiteSpace" : false
    }, {
      "id" : "s0-t15",
      "begin" : 84,
      "end" : 86,
      "text" : "in",
      "whiteSpace" : false
    }, {
      "id" : "s0-t16",
      "begin" : 87,
      "end" : 92,
      "text" : "Idaho",
      "whiteSpace" : false
    }, {
      "id" : "s0-t17",
      "begin" : 92,
      "end" : 93,
      "text" : ".",
      "whiteSpace" : false
    } ]
  }, {
    "id" : "s1",
    "begin" : 94,
    "end" : 146,
    "text" : "She was born on 02-22-1922 with an ssn of 023321545.",
    "tokens" : [ {
      "id" : "s1-t0",
      "begin" : 94,
      "end" : 97,
      "text" : "She",
      "whiteSpace" : false
    }, {
      "id" : "s1-t1",
      "begin" : 98,
      "end" : 101,
      "text" : "was",
      "whiteSpace" : false
    }, {
      "id" : "s1-t2",
      "begin" : 102,
      "end" : 106,
      "text" : "born",
      "whiteSpace" : false
    }, {
      "id" : "s1-t3",
      "begin" : 107,
      "end" : 109,
      "text" : "on",
      "whiteSpace" : false
    }, {
      "id" : "s1-t4",
      "begin" : 110,
      "end" : 120,
      "text" : "02-22-1922",
      "whiteSpace" : false
    }, {
      "id" : "s1-t5",
      "begin" : 121,
      "end" : 125,
      "text" : "with",
      "whiteSpace" : false
    }, {
      "id" : "s1-t6",
      "begin" : 126,
      "end" : 128,
      "text" : "an",
      "whiteSpace" : false
    }, {
      "id" : "s1-t7",
      "begin" : 129,
      "end" : 132,
      "text" : "ssn",
      "whiteSpace" : false
    }, {
      "id" : "s1-t8",
      "begin" : 133,
      "end" : 135,
      "text" : "of",
      "whiteSpace" : false
    }, {
      "id" : "s1-t9",
      "begin" : 136,
      "end" : 145,
      "text" : "023321545",
      "whiteSpace" : false
    }, {
      "id" : "s1-t10",
      "begin" : 145,
      "end" : 146,
      "text" : ".",
      "whiteSpace" : false
    } ]
  }, {
    "id" : "s2",
    "begin" : 147,
    "end" : 230,
    "text" : "Please be sure to welcome Mrs Stamos to our organization and to the state of Idaho.",
    "tokens" : [ {
      "id" : "s2-t0",
      "begin" : 147,
      "end" : 153,
      "text" : "Please",
      "whiteSpace" : false
    }, {
      "id" : "s2-t1",
      "begin" : 154,
      "end" : 156,
      "text" : "be",
      "whiteSpace" : false
    }, {
      "id" : "s2-t2",
      "begin" : 157,
      "end" : 161,
      "text" : "sure",
      "whiteSpace" : false
    }, {
      "id" : "s2-t3",
      "begin" : 162,
      "end" : 164,
      "text" : "to",
      "whiteSpace" : false
    }, {
      "id" : "s2-t4",
      "begin" : 165,
      "end" : 172,
      "text" : "welcome",
      "whiteSpace" : false
    }, {
      "id" : "s2-t5",
      "begin" : 173,
      "end" : 176,
      "text" : "Mrs",
      "whiteSpace" : false
    }, {
      "id" : "s2-t6",
      "begin" : 177,
      "end" : 183,
      "text" : "Stamos",
      "whiteSpace" : false
    }, {
      "id" : "s2-t7",
      "begin" : 184,
      "end" : 186,
      "text" : "to",
      "whiteSpace" : false
    }, {
      "id" : "s2-t8",
      "begin" : 187,
      "end" : 190,
      "text" : "our",
      "whiteSpace" : false
    }, {
      "id" : "s2-t9",
      "begin" : 191,
      "end" : 203,
      "text" : "organization",
      "whiteSpace" : false
    }, {
      "id" : "s2-t10",
      "begin" : 204,
      "end" : 207,
      "text" : "and",
      "whiteSpace" : false
    }, {
      "id" : "s2-t11",
      "begin" : 208,
      "end" : 210,
      "text" : "to",
      "whiteSpace" : false
    }, {
      "id" : "s2-t12",
      "begin" : 211,
      "end" : 214,
      "text" : "the",
      "whiteSpace" : false
    }, {
      "id" : "s2-t13",
      "begin" : 215,
      "end" : 220,
      "text" : "state",
      "whiteSpace" : false
    }, {
      "id" : "s2-t14",
      "begin" : 221,
      "end" : 223,
      "text" : "of",
      "whiteSpace" : false
    }, {
      "id" : "s2-t15",
      "begin" : 224,
      "end" : 229,
      "text" : "Idaho",
      "whiteSpace" : false
    }, {
      "id" : "s2-t16",
      "begin" : 229,
      "end" : 230,
      "text" : ".",
      "whiteSpace" : false
    } ]
  }, {
    "id" : "s3",
    "begin" : 231,
    "end" : 318,
    "text" : "We will no longer be looking for a new employee as we have hired Rebecca at this point.",
    "tokens" : [ {
      "id" : "s3-t0",
      "begin" : 231,
      "end" : 233,
      "text" : "We",
      "whiteSpace" : false
    }, {
      "id" : "s3-t1",
      "begin" : 234,
      "end" : 238,
      "text" : "will",
      "whiteSpace" : false
    }, {
      "id" : "s3-t2",
      "begin" : 239,
      "end" : 241,
      "text" : "no",
      "whiteSpace" : false
    }, {
      "id" : "s3-t3",
      "begin" : 242,
      "end" : 248,
      "text" : "longer",
      "whiteSpace" : false
    }, {
      "id" : "s3-t4",
      "begin" : 249,
      "end" : 251,
      "text" : "be",
      "whiteSpace" : false
    }, {
      "id" : "s3-t5",
      "begin" : 252,
      "end" : 259,
      "text" : "looking",
      "whiteSpace" : false
    }, {
      "id" : "s3-t6",
      "begin" : 260,
      "end" : 263,
      "text" : "for",
      "whiteSpace" : false
    }, {
      "id" : "s3-t7",
      "begin" : 264,
      "end" : 265,
      "text" : "a",
      "whiteSpace" : false
    }, {
      "id" : "s3-t8",
      "begin" : 266,
      "end" : 269,
      "text" : "new",
      "whiteSpace" : false
    }, {
      "id" : "s3-t9",
      "begin" : 270,
      "end" : 278,
      "text" : "employee",
      "whiteSpace" : false
    }, {
      "id" : "s3-t10",
      "begin" : 279,
      "end" : 281,
      "text" : "as",
      "whiteSpace" : false
    }, {
      "id" : "s3-t11",
      "begin" : 282,
      "end" : 284,
      "text" : "we",
      "whiteSpace" : false
    }, {
      "id" : "s3-t12",
      "begin" : 285,
      "end" : 289,
      "text" : "have",
      "whiteSpace" : false
    }, {
      "id" : "s3-t13",
      "begin" : 290,
      "end" : 295,
      "text" : "hired",
      "whiteSpace" : false
    }, {
      "id" : "s3-t14",
      "begin" : 296,
      "end" : 303,
      "text" : "Rebecca",
      "whiteSpace" : false
    }, {
      "id" : "s3-t15",
      "begin" : 304,
      "end" : 306,
      "text" : "at",
      "whiteSpace" : false
    }, {
      "id" : "s3-t16",
      "begin" : 307,
      "end" : 311,
      "text" : "this",
      "whiteSpace" : false
    }, {
      "id" : "s3-t17",
      "begin" : 312,
      "end" : 317,
      "text" : "point",
      "whiteSpace" : false
    }, {
      "id" : "s3-t18",
      "begin" : 317,
      "end" : 318,
      "text" : ".",
      "whiteSpace" : false
    } ]
  }, {
    "id" : "s4",
    "begin" : 319,
    "end" : 430,
    "text" : "If you wish to further probe the position, you can contact HR’s Paulette Morgan who was born on March 5th 1999.",
    "tokens" : [ {
      "id" : "s4-t0",
      "begin" : 319,
      "end" : 321,
      "text" : "If",
      "whiteSpace" : false
    }, {
      "id" : "s4-t1",
      "begin" : 322,
      "end" : 325,
      "text" : "you",
      "whiteSpace" : false
    }, {
      "id" : "s4-t2",
      "begin" : 326,
      "end" : 330,
      "text" : "wish",
      "whiteSpace" : false
    }, {
      "id" : "s4-t3",
      "begin" : 331,
      "end" : 333,
      "text" : "to",
      "whiteSpace" : false
    }, {
      "id" : "s4-t4",
      "begin" : 334,
      "end" : 341,
      "text" : "further",
      "whiteSpace" : false
    }, {
      "id" : "s4-t5",
      "begin" : 342,
      "end" : 347,
      "text" : "probe",
      "whiteSpace" : false
    }, {
      "id" : "s4-t6",
      "begin" : 348,
      "end" : 351,
      "text" : "the",
      "whiteSpace" : false
    }, {
      "id" : "s4-t7",
      "begin" : 352,
      "end" : 360,
      "text" : "position",
      "whiteSpace" : false
    }, {
      "id" : "s4-t8",
      "begin" : 360,
      "end" : 361,
      "text" : ",",
      "whiteSpace" : false
    }, {
      "id" : "s4-t9",
      "begin" : 362,
      "end" : 365,
      "text" : "you",
      "whiteSpace" : false
    }, {
      "id" : "s4-t10",
      "begin" : 366,
      "end" : 369,
      "text" : "can",
      "whiteSpace" : false
    }, {
      "id" : "s4-t11",
      "begin" : 370,
      "end" : 377,
      "text" : "contact",
      "whiteSpace" : false
    }, {
      "id" : "s4-t12",
      "begin" : 378,
      "end" : 380,
      "text" : "HR",
      "whiteSpace" : false
    }, {
      "id" : "s4-t13",
      "begin" : 380,
      "end" : 382,
      "text" : "’s",
      "whiteSpace" : false
    }, {
      "id" : "s4-t14",
      "begin" : 383,
      "end" : 391,
      "text" : "Paulette",
      "whiteSpace" : false
    }, {
      "id" : "s4-t15",
      "begin" : 392,
      "end" : 398,
      "text" : "Morgan",
      "whiteSpace" : false
    }, {
      "id" : "s4-t16",
      "begin" : 399,
      "end" : 402,
      "text" : "who",
      "whiteSpace" : false
    }, {
      "id" : "s4-t17",
      "begin" : 403,
      "end" : 406,
      "text" : "was",
      "whiteSpace" : false
    }, {
      "id" : "s4-t18",
      "begin" : 407,
      "end" : 411,
      "text" : "born",
      "whiteSpace" : false
    }, {
      "id" : "s4-t19",
      "begin" : 412,
      "end" : 414,
      "text" : "on",
      "whiteSpace" : false
    }, {
      "id" : "s4-t20",
      "begin" : 415,
      "end" : 420,
      "text" : "March",
      "whiteSpace" : false
    }, {
      "id" : "s4-t21",
      "begin" : 421,
      "end" : 424,
      "text" : "5th",
      "whiteSpace" : false
    }, {
      "id" : "s4-t22",
      "begin" : 425,
      "end" : 429,
      "text" : "1999",
      "whiteSpace" : false
    }, {
      "id" : "s4-t23",
      "begin" : 429,
      "end" : 430,
      "text" : ".",
      "whiteSpace" : false
    } ]
  }, {
    "id" : "s5",
    "begin" : 431,
    "end" : 459,
    "text" : "She will be happy to assist.",
    "tokens" : [ {
      "id" : "s5-t0",
      "begin" : 431,
      "end" : 434,
      "text" : "She",
      "whiteSpace" : false
    }, {
      "id" : "s5-t1",
      "begin" : 435,
      "end" : 439,
      "text" : "will",
      "whiteSpace" : false
    }, {
      "id" : "s5-t2",
      "begin" : 440,
      "end" : 442,
      "text" : "be",
      "whiteSpace" : false
    }, {
      "id" : "s5-t3",
      "begin" : 443,
      "end" : 448,
      "text" : "happy",
      "whiteSpace" : false
    }, {
      "id" : "s5-t4",
      "begin" : 449,
      "end" : 451,
      "text" : "to",
      "whiteSpace" : false
    }, {
      "id" : "s5-t5",
      "begin" : 452,
      "end" : 458,
      "text" : "assist",
      "whiteSpace" : false
    }, {
      "id" : "s5-t6",
      "begin" : 458,
      "end" : 459,
      "text" : ".",
      "whiteSpace" : false
    } ]
  } ],
  "mentions" : [ {
    "id" : "s0-m1",
    "properties" : {
      "SIRE_MENTION_ROLE" : "Name",
      "SIRE_ENTITY_SUBTYPE" : "NONE",
      "SIRE_MENTION_TYPE" : "NONE",
      "SIRE_MENTION_CLASS" : "SPC"
    },
    "type" : "Name",
    "begin" : 32,
    "end" : 51,
    "inCoref" : false
  }, {
    "id" : "s1-m1",
    "properties" : {
      "SIRE_MENTION_ROLE" : "DOB",
      "SIRE_ENTITY_SUBTYPE" : "NONE",
      "SIRE_MENTION_TYPE" : "NONE",
      "SIRE_MENTION_CLASS" : "SPC"
    },
    "type" : "DOB",
    "begin" : 110,
    "end" : 120,
    "inCoref" : false
  }, {
    "id" : "s1-m2",
    "properties" : {
      "SIRE_MENTION_ROLE" : "SSN",
      "SIRE_ENTITY_SUBTYPE" : "NONE",
      "SIRE_MENTION_TYPE" : "NONE",
      "SIRE_MENTION_CLASS" : "SPC"
    },
    "type" : "SSN",
    "begin" : 136,
    "end" : 145,
    "inCoref" : false
  }, {
    "id" : "s2-m1",
    "properties" : {
      "SIRE_MENTION_ROLE" : "Name",
      "SIRE_ENTITY_SUBTYPE" : "NONE",
      "SIRE_MENTION_TYPE" : "NONE",
      "SIRE_MENTION_CLASS" : "SPC"
    },
    "type" : "Name",
    "begin" : 177,
    "end" : 183,
    "inCoref" : false
  }, {
    "id" : "s3-m1",
    "properties" : {
      "SIRE_MENTION_ROLE" : "Name",
      "SIRE_ENTITY_SUBTYPE" : "NONE",
      "SIRE_MENTION_TYPE" : "NONE",
      "SIRE_MENTION_CLASS" : "SPC"
    },
    "type" : "Name",
    "begin" : 296,
    "end" : 303,
    "inCoref" : false
  }, {
    "id" : "s4-m1",
    "properties" : {
      "SIRE_MENTION_ROLE" : "Name",
      "SIRE_ENTITY_SUBTYPE" : "NONE",
      "SIRE_MENTION_TYPE" : "NONE",
      "SIRE_MENTION_CLASS" : "SPC"
    },
    "type" : "Name",
    "begin" : 383,
    "end" : 398,
    "inCoref" : false
  }, {
    "id" : "s4-m2",
    "properties" : {
      "SIRE_MENTION_ROLE" : "DOB",
      "SIRE_ENTITY_SUBTYPE" : "NONE",
      "SIRE_MENTION_TYPE" : "NONE",
      "SIRE_MENTION_CLASS" : "SPC"
    },
    "type" : "DOB",
    "begin" : 415,
    "end" : 429,
    "inCoref" : false
  } ],
  "relations" : [ ],
  "corefs" : [ ],
  "typeResolved" : true,
  "userResolved" : false
}