{
  "id" : "31ad3470-f7dc-11e7-8ea5-e50734d6aae1-4",
  "name" : "email35.txt",
  "createdDate" : 0,
  "version" : 3,
  "text" : "Dear Mr. Mxyzptlk,\n    Our records indicate your attempt to run for president. This letter is to let you know that your application has been approved with the following information:\n        SSN: 000-00-0001\n        D.O.B: 09-15-1944\nWe thank you for your interest in public service.",
  "docLength" : 0,
  "language" : "EN",
  "status" : "SUBMITTED",
  "modifiedDate" : 1515791301658,
  "documentSet" : [ ],
  "preannotation" : [ ],
  "sentences" : [ {
    "id" : "s0",
    "begin" : 0,
    "end" : 78,
    "text" : "Dear Mr. Mxyzptlk,\n    Our records indicate your attempt to run for president.",
    "tokens" : [ {
      "id" : "s0-t0",
      "begin" : 0,
      "end" : 4,
      "text" : "Dear",
      "whiteSpace" : false
    }, {
      "id" : "s0-t1",
      "begin" : 5,
      "end" : 8,
      "text" : "Mr.",
      "whiteSpace" : false
    }, {
      "id" : "s0-t2",
      "begin" : 9,
      "end" : 17,
      "text" : "Mxyzptlk",
      "whiteSpace" : false
    }, {
      "id" : "s0-t3",
      "begin" : 17,
      "end" : 18,
      "text" : ",",
      "whiteSpace" : false
    }, {
      "id" : "s0-t4",
      "begin" : 23,
      "end" : 26,
      "text" : "Our",
      "whiteSpace" : false
    }, {
      "id" : "s0-t5",
      "begin" : 27,
      "end" : 34,
      "text" : "records",
      "whiteSpace" : false
    }, {
      "id" : "s0-t6",
      "begin" : 35,
      "end" : 43,
      "text" : "indicate",
      "whiteSpace" : false
    }, {
      "id" : "s0-t7",
      "begin" : 44,
      "end" : 48,
      "text" : "your",
      "whiteSpace" : false
    }, {
      "id" : "s0-t8",
      "begin" : 49,
      "end" : 56,
      "text" : "attempt",
      "whiteSpace" : false
    }, {
      "id" : "s0-t9",
      "begin" : 57,
      "end" : 59,
      "text" : "to",
      "whiteSpace" : false
    }, {
      "id" : "s0-t10",
      "begin" : 60,
      "end" : 63,
      "text" : "run",
      "whiteSpace" : false
    }, {
      "id" : "s0-t11",
      "begin" : 64,
      "end" : 67,
      "text" : "for",
      "whiteSpace" : false
    }, {
      "id" : "s0-t12",
      "begin" : 68,
      "end" : 77,
      "text" : "president",
      "whiteSpace" : false
    }, {
      "id" : "s0-t13",
      "begin" : 77,
      "end" : 78,
      "text" : ".",
      "whiteSpace" : false
    } ]
  }, {
    "id" : "s1",
    "begin" : 79,
    "end" : 282,
    "text" : "This letter is to let you know that your application has been approved with the following information:\n        SSN: 000-00-0001\n        D.O.B: 09-15-1944\nWe thank you for your interest in public service.",
    "tokens" : [ {
      "id" : "s1-t0",
      "begin" : 79,
      "end" : 83,
      "text" : "This",
      "whiteSpace" : false
    }, {
      "id" : "s1-t1",
      "begin" : 84,
      "end" : 90,
      "text" : "letter",
      "whiteSpace" : false
    }, {
      "id" : "s1-t2",
      "begin" : 91,
      "end" : 93,
      "text" : "is",
      "whiteSpace" : false
    }, {
      "id" : "s1-t3",
      "begin" : 94,
      "end" : 96,
      "text" : "to",
      "whiteSpace" : false
    }, {
      "id" : "s1-t4",
      "begin" : 97,
      "end" : 100,
      "text" : "let",
      "whiteSpace" : false
    }, {
      "id" : "s1-t5",
      "begin" : 101,
      "end" : 104,
      "text" : "you",
      "whiteSpace" : false
    }, {
      "id" : "s1-t6",
      "begin" : 105,
      "end" : 109,
      "text" : "know",
      "whiteSpace" : false
    }, {
      "id" : "s1-t7",
      "begin" : 110,
      "end" : 114,
      "text" : "that",
      "whiteSpace" : false
    }, {
      "id" : "s1-t8",
      "begin" : 115,
      "end" : 119,
      "text" : "your",
      "whiteSpace" : false
    }, {
      "id" : "s1-t9",
      "begin" : 120,
      "end" : 131,
      "text" : "application",
      "whiteSpace" : false
    }, {
      "id" : "s1-t10",
      "begin" : 132,
      "end" : 135,
      "text" : "has",
      "whiteSpace" : false
    }, {
      "id" : "s1-t11",
      "begin" : 136,
      "end" : 140,
      "text" : "been",
      "whiteSpace" : false
    }, {
      "id" : "s1-t12",
      "begin" : 141,
      "end" : 149,
      "text" : "approved",
      "whiteSpace" : false
    }, {
      "id" : "s1-t13",
      "begin" : 150,
      "end" : 154,
      "text" : "with",
      "whiteSpace" : false
    }, {
      "id" : "s1-t14",
      "begin" : 155,
      "end" : 158,
      "text" : "the",
      "whiteSpace" : false
    }, {
      "id" : "s1-t15",
      "begin" : 159,
      "end" : 168,
      "text" : "following",
      "whiteSpace" : false
    }, {
      "id" : "s1-t16",
      "begin" : 169,
      "end" : 180,
      "text" : "information",
      "whiteSpace" : false
    }, {
      "id" : "s1-t17",
      "begin" : 180,
      "end" : 181,
      "text" : ":",
      "whiteSpace" : false
    }, {
      "id" : "s1-t18",
      "begin" : 190,
      "end" : 193,
      "text" : "SSN",
      "whiteSpace" : false
    }, {
      "id" : "s1-t19",
      "begin" : 193,
      "end" : 194,
      "text" : ":",
      "whiteSpace" : false
    }, {
      "id" : "s1-t20",
      "begin" : 195,
      "end" : 206,
      "text" : "000-00-0001",
      "whiteSpace" : false
    }, {
      "id" : "s1-t21",
      "begin" : 215,
      "end" : 220,
      "text" : "D.O.B",
      "whiteSpace" : false
    }, {
      "id" : "s1-t22",
      "begin" : 220,
      "end" : 221,
      "text" : ":",
      "whiteSpace" : false
    }, {
      "id" : "s1-t23",
      "begin" : 222,
      "end" : 227,
      "text" : "09-15",
      "whiteSpace" : false
    }, {
      "id" : "s1-t24",
      "begin" : 227,
      "end" : 232,
      "text" : "-1944",
      "whiteSpace" : false
    }, {
      "id" : "s1-t25",
      "begin" : 233,
      "end" : 235,
      "text" : "We",
      "whiteSpace" : false
    }, {
      "id" : "s1-t26",
      "begin" : 236,
      "end" : 241,
      "text" : "thank",
      "whiteSpace" : false
    }, {
      "id" : "s1-t27",
      "begin" : 242,
      "end" : 245,
      "text" : "you",
      "whiteSpace" : false
    }, {
      "id" : "s1-t28",
      "begin" : 246,
      "end" : 249,
      "text" : "for",
      "whiteSpace" : false
    }, {
      "id" : "s1-t29",
      "begin" : 250,
      "end" : 254,
      "text" : "your",
      "whiteSpace" : false
    }, {
      "id" : "s1-t30",
      "begin" : 255,
      "end" : 263,
      "text" : "interest",
      "whiteSpace" : false
    }, {
      "id" : "s1-t31",
      "begin" : 264,
      "end" : 266,
      "text" : "in",
      "whiteSpace" : false
    }, {
      "id" : "s1-t32",
      "begin" : 267,
      "end" : 273,
      "text" : "public",
      "whiteSpace" : false
    }, {
      "id" : "s1-t33",
      "begin" : 274,
      "end" : 281,
      "text" : "service",
      "whiteSpace" : false
    }, {
      "id" : "s1-t34",
      "begin" : 281,
      "end" : 282,
      "text" : ".",
      "whiteSpace" : false
    } ]
  } ],
  "mentions" : [ {
    "id" : "s0-m1",
    "properties" : {
      "SIRE_MENTION_ROLE" : "Name",
      "SIRE_ENTITY_SUBTYPE" : "NONE",
      "SIRE_MENTION_TYPE" : "NONE",
      "SIRE_MENTION_CLASS" : "SPC"
    },
    "type" : "Name",
    "begin" : 9,
    "end" : 17,
    "inCoref" : false
  }, {
    "id" : "s1-m1",
    "properties" : {
      "SIRE_MENTION_ROLE" : "SSN",
      "SIRE_ENTITY_SUBTYPE" : "NONE",
      "SIRE_MENTION_TYPE" : "NONE",
      "SIRE_MENTION_CLASS" : "SPC"
    },
    "type" : "SSN",
    "begin" : 195,
    "end" : 206,
    "inCoref" : false
  }, {
    "id" : "s1-m2",
    "properties" : {
      "SIRE_MENTION_ROLE" : "DOB",
      "SIRE_ENTITY_SUBTYPE" : "NONE",
      "SIRE_MENTION_TYPE" : "NONE",
      "SIRE_MENTION_CLASS" : "SPC"
    },
    "type" : "DOB",
    "begin" : 222,
    "end" : 232,
    "inCoref" : false
  } ],
  "relations" : [ ],
  "corefs" : [ ],
  "typeResolved" : true,
  "userResolved" : false
}