{
  "id" : "31ad3470-f7dc-11e7-8ea5-e50734d6aae1-2",
  "name" : "email33.txt",
  "createdDate" : 0,
  "version" : 3,
  "text" : "Hi May, \n\nPer our discussion today, here is the information on the two patients I was telling you about.. The first one is Dick Rosenthal and he is 30 years old with a date of birth is 2-2-1988. He is looking to do the X procedure. His social is 656-22-1514 and it may be wrong so here is the other potential one 421-17-3341.\n\nThe second individual that I mentioned was Cherry Jo Goldberg but she also goes by Summer Jones. The ssn for this person – 174-21-62355, but she also has another social which is 242-44-1724. She was born on 2000-04-15. Her second dob is 2001/07/14. I am not sure which ones are the right one but I think you can look all these up and figure it out.\n\nYou are the best April! Let me know if you need anything else and please circle back with me on the information.\n\nSincerely,\n\nDick West\ncooldude@ibm.com\nPhone",
  "docLength" : 0,
  "language" : "EN",
  "status" : "SUBMITTED",
  "modifiedDate" : 1515791270595,
  "documentSet" : [ ],
  "preannotation" : [ ],
  "sentences" : [ {
    "id" : "s0",
    "begin" : 0,
    "end" : 7,
    "text" : "Hi May,",
    "tokens" : [ {
      "id" : "s0-t0",
      "begin" : 0,
      "end" : 2,
      "text" : "Hi",
      "whiteSpace" : false
    }, {
      "id" : "s0-t1",
      "begin" : 3,
      "end" : 6,
      "text" : "May",
      "whiteSpace" : false
    }, {
      "id" : "s0-t2",
      "begin" : 6,
      "end" : 7,
      "text" : ",",
      "whiteSpace" : false
    } ]
  }, {
    "id" : "s1",
    "begin" : 10,
    "end" : 194,
    "text" : "Per our discussion today, here is the information on the two patients I was telling you about.. The first one is Dick Rosenthal and he is 30 years old with a date of birth is 2-2-1988.",
    "tokens" : [ {
      "id" : "s1-t0",
      "begin" : 10,
      "end" : 13,
      "text" : "Per",
      "whiteSpace" : false
    }, {
      "id" : "s1-t1",
      "begin" : 14,
      "end" : 17,
      "text" : "our",
      "whiteSpace" : false
    }, {
      "id" : "s1-t2",
      "begin" : 18,
      "end" : 28,
      "text" : "discussion",
      "whiteSpace" : false
    }, {
      "id" : "s1-t3",
      "begin" : 29,
      "end" : 34,
      "text" : "today",
      "whiteSpace" : false
    }, {
      "id" : "s1-t4",
      "begin" : 34,
      "end" : 35,
      "text" : ",",
      "whiteSpace" : false
    }, {
      "id" : "s1-t5",
      "begin" : 36,
      "end" : 40,
      "text" : "here",
      "whiteSpace" : false
    }, {
      "id" : "s1-t6",
      "begin" : 41,
      "end" : 43,
      "text" : "is",
      "whiteSpace" : false
    }, {
      "id" : "s1-t7",
      "begin" : 44,
      "end" : 47,
      "text" : "the",
      "whiteSpace" : false
    }, {
      "id" : "s1-t8",
      "begin" : 48,
      "end" : 59,
      "text" : "information",
      "whiteSpace" : false
    }, {
      "id" : "s1-t9",
      "begin" : 60,
      "end" : 62,
      "text" : "on",
      "whiteSpace" : false
    }, {
      "id" : "s1-t10",
      "begin" : 63,
      "end" : 66,
      "text" : "the",
      "whiteSpace" : false
    }, {
      "id" : "s1-t11",
      "begin" : 67,
      "end" : 70,
      "text" : "two",
      "whiteSpace" : false
    }, {
      "id" : "s1-t12",
      "begin" : 71,
      "end" : 79,
      "text" : "patients",
      "whiteSpace" : false
    }, {
      "id" : "s1-t13",
      "begin" : 80,
      "end" : 81,
      "text" : "I",
      "whiteSpace" : false
    }, {
      "id" : "s1-t14",
      "begin" : 82,
      "end" : 85,
      "text" : "was",
      "whiteSpace" : false
    }, {
      "id" : "s1-t15",
      "begin" : 86,
      "end" : 93,
      "text" : "telling",
      "whiteSpace" : false
    }, {
      "id" : "s1-t16",
      "begin" : 94,
      "end" : 97,
      "text" : "you",
      "whiteSpace" : false
    }, {
      "id" : "s1-t17",
      "begin" : 98,
      "end" : 103,
      "text" : "about",
      "whiteSpace" : false
    }, {
      "id" : "s1-t18",
      "begin" : 103,
      "end" : 105,
      "text" : "..",
      "whiteSpace" : false
    }, {
      "id" : "s1-t19",
      "begin" : 106,
      "end" : 109,
      "text" : "The",
      "whiteSpace" : false
    }, {
      "id" : "s1-t20",
      "begin" : 110,
      "end" : 115,
      "text" : "first",
      "whiteSpace" : false
    }, {
      "id" : "s1-t21",
      "begin" : 116,
      "end" : 119,
      "text" : "one",
      "whiteSpace" : false
    }, {
      "id" : "s1-t22",
      "begin" : 120,
      "end" : 122,
      "text" : "is",
      "whiteSpace" : false
    }, {
      "id" : "s1-t23",
      "begin" : 123,
      "end" : 127,
      "text" : "Dick",
      "whiteSpace" : false
    }, {
      "id" : "s1-t24",
      "begin" : 128,
      "end" : 137,
      "text" : "Rosenthal",
      "whiteSpace" : false
    }, {
      "id" : "s1-t25",
      "begin" : 138,
      "end" : 141,
      "text" : "and",
      "whiteSpace" : false
    }, {
      "id" : "s1-t26",
      "begin" : 142,
      "end" : 144,
      "text" : "he",
      "whiteSpace" : false
    }, {
      "id" : "s1-t27",
      "begin" : 145,
      "end" : 147,
      "text" : "is",
      "whiteSpace" : false
    }, {
      "id" : "s1-t28",
      "begin" : 148,
      "end" : 150,
      "text" : "30",
      "whiteSpace" : false
    }, {
      "id" : "s1-t29",
      "begin" : 151,
      "end" : 156,
      "text" : "years",
      "whiteSpace" : false
    }, {
      "id" : "s1-t30",
      "begin" : 157,
      "end" : 160,
      "text" : "old",
      "whiteSpace" : false
    }, {
      "id" : "s1-t31",
      "begin" : 161,
      "end" : 165,
      "text" : "with",
      "whiteSpace" : false
    }, {
      "id" : "s1-t32",
      "begin" : 166,
      "end" : 167,
      "text" : "a",
      "whiteSpace" : false
    }, {
      "id" : "s1-t33",
      "begin" : 168,
      "end" : 172,
      "text" : "date",
      "whiteSpace" : false
    }, {
      "id" : "s1-t34",
      "begin" : 173,
      "end" : 175,
      "text" : "of",
      "whiteSpace" : false
    }, {
      "id" : "s1-t35",
      "begin" : 176,
      "end" : 181,
      "text" : "birth",
      "whiteSpace" : false
    }, {
      "id" : "s1-t36",
      "begin" : 182,
      "end" : 184,
      "text" : "is",
      "whiteSpace" : false
    }, {
      "id" : "s1-t37",
      "begin" : 185,
      "end" : 193,
      "text" : "2-2-1988",
      "whiteSpace" : false
    }, {
      "id" : "s1-t38",
      "begin" : 193,
      "end" : 194,
      "text" : ".",
      "whiteSpace" : false
    } ]
  }, {
    "id" : "s2",
    "begin" : 195,
    "end" : 231,
    "text" : "He is looking to do the X procedure.",
    "tokens" : [ {
      "id" : "s2-t0",
      "begin" : 195,
      "end" : 197,
      "text" : "He",
      "whiteSpace" : false
    }, {
      "id" : "s2-t1",
      "begin" : 198,
      "end" : 200,
      "text" : "is",
      "whiteSpace" : false
    }, {
      "id" : "s2-t2",
      "begin" : 201,
      "end" : 208,
      "text" : "looking",
      "whiteSpace" : false
    }, {
      "id" : "s2-t3",
      "begin" : 209,
      "end" : 211,
      "text" : "to",
      "whiteSpace" : false
    }, {
      "id" : "s2-t4",
      "begin" : 212,
      "end" : 214,
      "text" : "do",
      "whiteSpace" : false
    }, {
      "id" : "s2-t5",
      "begin" : 215,
      "end" : 218,
      "text" : "the",
      "whiteSpace" : false
    }, {
      "id" : "s2-t6",
      "begin" : 219,
      "end" : 220,
      "text" : "X",
      "whiteSpace" : false
    }, {
      "id" : "s2-t7",
      "begin" : 221,
      "end" : 230,
      "text" : "procedure",
      "whiteSpace" : false
    }, {
      "id" : "s2-t8",
      "begin" : 230,
      "end" : 231,
      "text" : ".",
      "whiteSpace" : false
    } ]
  }, {
    "id" : "s3",
    "begin" : 232,
    "end" : 325,
    "text" : "His social is 656-22-1514 and it may be wrong so here is the other potential one 421-17-3341.",
    "tokens" : [ {
      "id" : "s3-t0",
      "begin" : 232,
      "end" : 235,
      "text" : "His",
      "whiteSpace" : false
    }, {
      "id" : "s3-t1",
      "begin" : 236,
      "end" : 242,
      "text" : "social",
      "whiteSpace" : false
    }, {
      "id" : "s3-t2",
      "begin" : 243,
      "end" : 245,
      "text" : "is",
      "whiteSpace" : false
    }, {
      "id" : "s3-t3",
      "begin" : 246,
      "end" : 257,
      "text" : "656-22-1514",
      "whiteSpace" : false
    }, {
      "id" : "s3-t4",
      "begin" : 258,
      "end" : 261,
      "text" : "and",
      "whiteSpace" : false
    }, {
      "id" : "s3-t5",
      "begin" : 262,
      "end" : 264,
      "text" : "it",
      "whiteSpace" : false
    }, {
      "id" : "s3-t6",
      "begin" : 265,
      "end" : 268,
      "text" : "may",
      "whiteSpace" : false
    }, {
      "id" : "s3-t7",
      "begin" : 269,
      "end" : 271,
      "text" : "be",
      "whiteSpace" : false
    }, {
      "id" : "s3-t8",
      "begin" : 272,
      "end" : 277,
      "text" : "wrong",
      "whiteSpace" : false
    }, {
      "id" : "s3-t9",
      "begin" : 278,
      "end" : 280,
      "text" : "so",
      "whiteSpace" : false
    }, {
      "id" : "s3-t10",
      "begin" : 281,
      "end" : 285,
      "text" : "here",
      "whiteSpace" : false
    }, {
      "id" : "s3-t11",
      "begin" : 286,
      "end" : 288,
      "text" : "is",
      "whiteSpace" : false
    }, {
      "id" : "s3-t12",
      "begin" : 289,
      "end" : 292,
      "text" : "the",
      "whiteSpace" : false
    }, {
      "id" : "s3-t13",
      "begin" : 293,
      "end" : 298,
      "text" : "other",
      "whiteSpace" : false
    }, {
      "id" : "s3-t14",
      "begin" : 299,
      "end" : 308,
      "text" : "potential",
      "whiteSpace" : false
    }, {
      "id" : "s3-t15",
      "begin" : 309,
      "end" : 312,
      "text" : "one",
      "whiteSpace" : false
    }, {
      "id" : "s3-t16",
      "begin" : 313,
      "end" : 324,
      "text" : "421-17-3341",
      "whiteSpace" : false
    }, {
      "id" : "s3-t17",
      "begin" : 324,
      "end" : 325,
      "text" : ".",
      "whiteSpace" : false
    } ]
  }, {
    "id" : "s4",
    "begin" : 327,
    "end" : 423,
    "text" : "The second individual that I mentioned was Cherry Jo Goldberg but she also goes by Summer Jones.",
    "tokens" : [ {
      "id" : "s4-t0",
      "begin" : 327,
      "end" : 330,
      "text" : "The",
      "whiteSpace" : false
    }, {
      "id" : "s4-t1",
      "begin" : 331,
      "end" : 337,
      "text" : "second",
      "whiteSpace" : false
    }, {
      "id" : "s4-t2",
      "begin" : 338,
      "end" : 348,
      "text" : "individual",
      "whiteSpace" : false
    }, {
      "id" : "s4-t3",
      "begin" : 349,
      "end" : 353,
      "text" : "that",
      "whiteSpace" : false
    }, {
      "id" : "s4-t4",
      "begin" : 354,
      "end" : 355,
      "text" : "I",
      "whiteSpace" : false
    }, {
      "id" : "s4-t5",
      "begin" : 356,
      "end" : 365,
      "text" : "mentioned",
      "whiteSpace" : false
    }, {
      "id" : "s4-t6",
      "begin" : 366,
      "end" : 369,
      "text" : "was",
      "whiteSpace" : false
    }, {
      "id" : "s4-t7",
      "begin" : 370,
      "end" : 376,
      "text" : "Cherry",
      "whiteSpace" : false
    }, {
      "id" : "s4-t8",
      "begin" : 377,
      "end" : 379,
      "text" : "Jo",
      "whiteSpace" : false
    }, {
      "id" : "s4-t9",
      "begin" : 380,
      "end" : 388,
      "text" : "Goldberg",
      "whiteSpace" : false
    }, {
      "id" : "s4-t10",
      "begin" : 389,
      "end" : 392,
      "text" : "but",
      "whiteSpace" : false
    }, {
      "id" : "s4-t11",
      "begin" : 393,
      "end" : 396,
      "text" : "she",
      "whiteSpace" : false
    }, {
      "id" : "s4-t12",
      "begin" : 397,
      "end" : 401,
      "text" : "also",
      "whiteSpace" : false
    }, {
      "id" : "s4-t13",
      "begin" : 402,
      "end" : 406,
      "text" : "goes",
      "whiteSpace" : false
    }, {
      "id" : "s4-t14",
      "begin" : 407,
      "end" : 409,
      "text" : "by",
      "whiteSpace" : false
    }, {
      "id" : "s4-t15",
      "begin" : 410,
      "end" : 416,
      "text" : "Summer",
      "whiteSpace" : false
    }, {
      "id" : "s4-t16",
      "begin" : 417,
      "end" : 422,
      "text" : "Jones",
      "whiteSpace" : false
    }, {
      "id" : "s4-t17",
      "begin" : 422,
      "end" : 423,
      "text" : ".",
      "whiteSpace" : false
    } ]
  }, {
    "id" : "s5",
    "begin" : 424,
    "end" : 517,
    "text" : "The ssn for this person – 174-21-62355, but she also has another social which is 242-44-1724.",
    "tokens" : [ {
      "id" : "s5-t0",
      "begin" : 424,
      "end" : 427,
      "text" : "The",
      "whiteSpace" : false
    }, {
      "id" : "s5-t1",
      "begin" : 428,
      "end" : 431,
      "text" : "ssn",
      "whiteSpace" : false
    }, {
      "id" : "s5-t2",
      "begin" : 432,
      "end" : 435,
      "text" : "for",
      "whiteSpace" : false
    }, {
      "id" : "s5-t3",
      "begin" : 436,
      "end" : 440,
      "text" : "this",
      "whiteSpace" : false
    }, {
      "id" : "s5-t4",
      "begin" : 441,
      "end" : 447,
      "text" : "person",
      "whiteSpace" : false
    }, {
      "id" : "s5-t5",
      "begin" : 448,
      "end" : 449,
      "text" : "–",
      "whiteSpace" : false
    }, {
      "id" : "s5-t6",
      "begin" : 450,
      "end" : 462,
      "text" : "174-21-62355",
      "whiteSpace" : false
    }, {
      "id" : "s5-t7",
      "begin" : 462,
      "end" : 463,
      "text" : ",",
      "whiteSpace" : false
    }, {
      "id" : "s5-t8",
      "begin" : 464,
      "end" : 467,
      "text" : "but",
      "whiteSpace" : false
    }, {
      "id" : "s5-t9",
      "begin" : 468,
      "end" : 471,
      "text" : "she",
      "whiteSpace" : false
    }, {
      "id" : "s5-t10",
      "begin" : 472,
      "end" : 476,
      "text" : "also",
      "whiteSpace" : false
    }, {
      "id" : "s5-t11",
      "begin" : 477,
      "end" : 480,
      "text" : "has",
      "whiteSpace" : false
    }, {
      "id" : "s5-t12",
      "begin" : 481,
      "end" : 488,
      "text" : "another",
      "whiteSpace" : false
    }, {
      "id" : "s5-t13",
      "begin" : 489,
      "end" : 495,
      "text" : "social",
      "whiteSpace" : false
    }, {
      "id" : "s5-t14",
      "begin" : 496,
      "end" : 501,
      "text" : "which",
      "whiteSpace" : false
    }, {
      "id" : "s5-t15",
      "begin" : 502,
      "end" : 504,
      "text" : "is",
      "whiteSpace" : false
    }, {
      "id" : "s5-t16",
      "begin" : 505,
      "end" : 516,
      "text" : "242-44-1724",
      "whiteSpace" : false
    }, {
      "id" : "s5-t17",
      "begin" : 516,
      "end" : 517,
      "text" : ".",
      "whiteSpace" : false
    } ]
  }, {
    "id" : "s6",
    "begin" : 518,
    "end" : 545,
    "text" : "She was born on 2000-04-15.",
    "tokens" : [ {
      "id" : "s6-t0",
      "begin" : 518,
      "end" : 521,
      "text" : "She",
      "whiteSpace" : false
    }, {
      "id" : "s6-t1",
      "begin" : 522,
      "end" : 525,
      "text" : "was",
      "whiteSpace" : false
    }, {
      "id" : "s6-t2",
      "begin" : 526,
      "end" : 530,
      "text" : "born",
      "whiteSpace" : false
    }, {
      "id" : "s6-t3",
      "begin" : 531,
      "end" : 533,
      "text" : "on",
      "whiteSpace" : false
    }, {
      "id" : "s6-t4",
      "begin" : 534,
      "end" : 544,
      "text" : "2000-04-15",
      "whiteSpace" : false
    }, {
      "id" : "s6-t5",
      "begin" : 544,
      "end" : 545,
      "text" : ".",
      "whiteSpace" : false
    } ]
  }, {
    "id" : "s7",
    "begin" : 546,
    "end" : 575,
    "text" : "Her second dob is 2001/07/14.",
    "tokens" : [ {
      "id" : "s7-t0",
      "begin" : 546,
      "end" : 549,
      "text" : "Her",
      "whiteSpace" : false
    }, {
      "id" : "s7-t1",
      "begin" : 550,
      "end" : 556,
      "text" : "second",
      "whiteSpace" : false
    }, {
      "id" : "s7-t2",
      "begin" : 557,
      "end" : 560,
      "text" : "dob",
      "whiteSpace" : false
    }, {
      "id" : "s7-t3",
      "begin" : 561,
      "end" : 563,
      "text" : "is",
      "whiteSpace" : false
    }, {
      "id" : "s7-t4",
      "begin" : 564,
      "end" : 574,
      "text" : "2001/07/14",
      "whiteSpace" : false
    }, {
      "id" : "s7-t5",
      "begin" : 574,
      "end" : 575,
      "text" : ".",
      "whiteSpace" : false
    } ]
  }, {
    "id" : "s8",
    "begin" : 576,
    "end" : 675,
    "text" : "I am not sure which ones are the right one but I think you can look all these up and figure it out.",
    "tokens" : [ {
      "id" : "s8-t0",
      "begin" : 576,
      "end" : 577,
      "text" : "I",
      "whiteSpace" : false
    }, {
      "id" : "s8-t1",
      "begin" : 578,
      "end" : 580,
      "text" : "am",
      "whiteSpace" : false
    }, {
      "id" : "s8-t2",
      "begin" : 581,
      "end" : 584,
      "text" : "not",
      "whiteSpace" : false
    }, {
      "id" : "s8-t3",
      "begin" : 585,
      "end" : 589,
      "text" : "sure",
      "whiteSpace" : false
    }, {
      "id" : "s8-t4",
      "begin" : 590,
      "end" : 595,
      "text" : "which",
      "whiteSpace" : false
    }, {
      "id" : "s8-t5",
      "begin" : 596,
      "end" : 600,
      "text" : "ones",
      "whiteSpace" : false
    }, {
      "id" : "s8-t6",
      "begin" : 601,
      "end" : 604,
      "text" : "are",
      "whiteSpace" : false
    }, {
      "id" : "s8-t7",
      "begin" : 605,
      "end" : 608,
      "text" : "the",
      "whiteSpace" : false
    }, {
      "id" : "s8-t8",
      "begin" : 609,
      "end" : 614,
      "text" : "right",
      "whiteSpace" : false
    }, {
      "id" : "s8-t9",
      "begin" : 615,
      "end" : 618,
      "text" : "one",
      "whiteSpace" : false
    }, {
      "id" : "s8-t10",
      "begin" : 619,
      "end" : 622,
      "text" : "but",
      "whiteSpace" : false
    }, {
      "id" : "s8-t11",
      "begin" : 623,
      "end" : 624,
      "text" : "I",
      "whiteSpace" : false
    }, {
      "id" : "s8-t12",
      "begin" : 625,
      "end" : 630,
      "text" : "think",
      "whiteSpace" : false
    }, {
      "id" : "s8-t13",
      "begin" : 631,
      "end" : 634,
      "text" : "you",
      "whiteSpace" : false
    }, {
      "id" : "s8-t14",
      "begin" : 635,
      "end" : 638,
      "text" : "can",
      "whiteSpace" : false
    }, {
      "id" : "s8-t15",
      "begin" : 639,
      "end" : 643,
      "text" : "look",
      "whiteSpace" : false
    }, {
      "id" : "s8-t16",
      "begin" : 644,
      "end" : 647,
      "text" : "all",
      "whiteSpace" : false
    }, {
      "id" : "s8-t17",
      "begin" : 648,
      "end" : 653,
      "text" : "these",
      "whiteSpace" : false
    }, {
      "id" : "s8-t18",
      "begin" : 654,
      "end" : 656,
      "text" : "up",
      "whiteSpace" : false
    }, {
      "id" : "s8-t19",
      "begin" : 657,
      "end" : 660,
      "text" : "and",
      "whiteSpace" : false
    }, {
      "id" : "s8-t20",
      "begin" : 661,
      "end" : 667,
      "text" : "figure",
      "whiteSpace" : false
    }, {
      "id" : "s8-t21",
      "begin" : 668,
      "end" : 670,
      "text" : "it",
      "whiteSpace" : false
    }, {
      "id" : "s8-t22",
      "begin" : 671,
      "end" : 674,
      "text" : "out",
      "whiteSpace" : false
    }, {
      "id" : "s8-t23",
      "begin" : 674,
      "end" : 675,
      "text" : ".",
      "whiteSpace" : false
    } ]
  }, {
    "id" : "s9",
    "begin" : 677,
    "end" : 700,
    "text" : "You are the best April!",
    "tokens" : [ {
      "id" : "s9-t0",
      "begin" : 677,
      "end" : 680,
      "text" : "You",
      "whiteSpace" : false
    }, {
      "id" : "s9-t1",
      "begin" : 681,
      "end" : 684,
      "text" : "are",
      "whiteSpace" : false
    }, {
      "id" : "s9-t2",
      "begin" : 685,
      "end" : 688,
      "text" : "the",
      "whiteSpace" : false
    }, {
      "id" : "s9-t3",
      "begin" : 689,
      "end" : 693,
      "text" : "best",
      "whiteSpace" : false
    }, {
      "id" : "s9-t4",
      "begin" : 694,
      "end" : 699,
      "text" : "April",
      "whiteSpace" : false
    }, {
      "id" : "s9-t5",
      "begin" : 699,
      "end" : 700,
      "text" : "!",
      "whiteSpace" : false
    } ]
  }, {
    "id" : "s10",
    "begin" : 701,
    "end" : 789,
    "text" : "Let me know if you need anything else and please circle back with me on the information.",
    "tokens" : [ {
      "id" : "s10-t0",
      "begin" : 701,
      "end" : 704,
      "text" : "Let",
      "whiteSpace" : false
    }, {
      "id" : "s10-t1",
      "begin" : 705,
      "end" : 707,
      "text" : "me",
      "whiteSpace" : false
    }, {
      "id" : "s10-t2",
      "begin" : 708,
      "end" : 712,
      "text" : "know",
      "whiteSpace" : false
    }, {
      "id" : "s10-t3",
      "begin" : 713,
      "end" : 715,
      "text" : "if",
      "whiteSpace" : false
    }, {
      "id" : "s10-t4",
      "begin" : 716,
      "end" : 719,
      "text" : "you",
      "whiteSpace" : false
    }, {
      "id" : "s10-t5",
      "begin" : 720,
      "end" : 724,
      "text" : "need",
      "whiteSpace" : false
    }, {
      "id" : "s10-t6",
      "begin" : 725,
      "end" : 733,
      "text" : "anything",
      "whiteSpace" : false
    }, {
      "id" : "s10-t7",
      "begin" : 734,
      "end" : 738,
      "text" : "else",
      "whiteSpace" : false
    }, {
      "id" : "s10-t8",
      "begin" : 739,
      "end" : 742,
      "text" : "and",
      "whiteSpace" : false
    }, {
      "id" : "s10-t9",
      "begin" : 743,
      "end" : 749,
      "text" : "please",
      "whiteSpace" : false
    }, {
      "id" : "s10-t10",
      "begin" : 750,
      "end" : 756,
      "text" : "circle",
      "whiteSpace" : false
    }, {
      "id" : "s10-t11",
      "begin" : 757,
      "end" : 761,
      "text" : "back",
      "whiteSpace" : false
    }, {
      "id" : "s10-t12",
      "begin" : 762,
      "end" : 766,
      "text" : "with",
      "whiteSpace" : false
    }, {
      "id" : "s10-t13",
      "begin" : 767,
      "end" : 769,
      "text" : "me",
      "whiteSpace" : false
    }, {
      "id" : "s10-t14",
      "begin" : 770,
      "end" : 772,
      "text" : "on",
      "whiteSpace" : false
    }, {
      "id" : "s10-t15",
      "begin" : 773,
      "end" : 776,
      "text" : "the",
      "whiteSpace" : false
    }, {
      "id" : "s10-t16",
      "begin" : 777,
      "end" : 788,
      "text" : "information",
      "whiteSpace" : false
    }, {
      "id" : "s10-t17",
      "begin" : 788,
      "end" : 789,
      "text" : ".",
      "whiteSpace" : false
    } ]
  }, {
    "id" : "s11",
    "begin" : 791,
    "end" : 801,
    "text" : "Sincerely,",
    "tokens" : [ {
      "id" : "s11-t0",
      "begin" : 791,
      "end" : 800,
      "text" : "Sincerely",
      "whiteSpace" : false
    }, {
      "id" : "s11-t1",
      "begin" : 800,
      "end" : 801,
      "text" : ",",
      "whiteSpace" : false
    } ]
  }, {
    "id" : "s12",
    "begin" : 803,
    "end" : 835,
    "text" : "Dick West\ncooldude@ibm.com\nPhone",
    "tokens" : [ {
      "id" : "s12-t0",
      "begin" : 803,
      "end" : 807,
      "text" : "Dick",
      "whiteSpace" : false
    }, {
      "id" : "s12-t1",
      "begin" : 808,
      "end" : 812,
      "text" : "West",
      "whiteSpace" : false
    }, {
      "id" : "s12-t2",
      "begin" : 813,
      "end" : 829,
      "text" : "cooldude@ibm.com",
      "whiteSpace" : false
    }, {
      "id" : "s12-t3",
      "begin" : 830,
      "end" : 835,
      "text" : "Phone",
      "whiteSpace" : false
    } ]
  } ],
  "mentions" : [ {
    "id" : "s0-m1",
    "properties" : {
      "SIRE_MENTION_ROLE" : "Name",
      "SIRE_ENTITY_SUBTYPE" : "NONE",
      "SIRE_MENTION_TYPE" : "NONE",
      "SIRE_MENTION_CLASS" : "SPC"
    },
    "type" : "Name",
    "begin" : 3,
    "end" : 6,
    "inCoref" : false
  }, {
    "id" : "s1-m1",
    "properties" : {
      "SIRE_MENTION_ROLE" : "Name",
      "SIRE_ENTITY_SUBTYPE" : "NONE",
      "SIRE_MENTION_TYPE" : "NONE",
      "SIRE_MENTION_CLASS" : "SPC"
    },
    "type" : "Name",
    "begin" : 123,
    "end" : 137,
    "inCoref" : false
  }, {
    "id" : "s1-m2",
    "properties" : {
      "SIRE_MENTION_ROLE" : "DOB",
      "SIRE_ENTITY_SUBTYPE" : "NONE",
      "SIRE_MENTION_TYPE" : "NONE",
      "SIRE_MENTION_CLASS" : "SPC"
    },
    "type" : "DOB",
    "begin" : 185,
    "end" : 193,
    "inCoref" : false
  }, {
    "id" : "s3-m1",
    "properties" : {
      "SIRE_MENTION_ROLE" : "SSN",
      "SIRE_ENTITY_SUBTYPE" : "NONE",
      "SIRE_MENTION_TYPE" : "NONE",
      "SIRE_MENTION_CLASS" : "SPC"
    },
    "type" : "SSN",
    "begin" : 246,
    "end" : 257,
    "inCoref" : false
  }, {
    "id" : "s3-m2",
    "properties" : {
      "SIRE_MENTION_ROLE" : "SSN",
      "SIRE_ENTITY_SUBTYPE" : "NONE",
      "SIRE_MENTION_TYPE" : "NONE",
      "SIRE_MENTION_CLASS" : "SPC"
    },
    "type" : "SSN",
    "begin" : 313,
    "end" : 324,
    "inCoref" : false
  }, {
    "id" : "s4-m1",
    "properties" : {
      "SIRE_MENTION_ROLE" : "Name",
      "SIRE_ENTITY_SUBTYPE" : "NONE",
      "SIRE_MENTION_TYPE" : "NONE",
      "SIRE_MENTION_CLASS" : "SPC"
    },
    "type" : "Name",
    "begin" : 370,
    "end" : 388,
    "inCoref" : false
  }, {
    "id" : "s4-m2",
    "properties" : {
      "SIRE_MENTION_ROLE" : "Name",
      "SIRE_ENTITY_SUBTYPE" : "NONE",
      "SIRE_MENTION_TYPE" : "NONE",
      "SIRE_MENTION_CLASS" : "SPC"
    },
    "type" : "Name",
    "begin" : 410,
    "end" : 422,
    "inCoref" : false
  }, {
    "id" : "s5-m1",
    "properties" : {
      "SIRE_MENTION_ROLE" : "SSN",
      "SIRE_ENTITY_SUBTYPE" : "NONE",
      "SIRE_MENTION_TYPE" : "NONE",
      "SIRE_MENTION_CLASS" : "SPC"
    },
    "type" : "SSN",
    "begin" : 450,
    "end" : 462,
    "inCoref" : false
  }, {
    "id" : "s5-m2",
    "properties" : {
      "SIRE_MENTION_ROLE" : "SSN",
      "SIRE_ENTITY_SUBTYPE" : "NONE",
      "SIRE_MENTION_TYPE" : "NONE",
      "SIRE_MENTION_CLASS" : "SPC"
    },
    "type" : "SSN",
    "begin" : 505,
    "end" : 516,
    "inCoref" : false
  }, {
    "id" : "s6-m1",
    "properties" : {
      "SIRE_MENTION_ROLE" : "DOB",
      "SIRE_ENTITY_SUBTYPE" : "NONE",
      "SIRE_MENTION_TYPE" : "NONE",
      "SIRE_MENTION_CLASS" : "SPC"
    },
    "type" : "DOB",
    "begin" : 534,
    "end" : 544,
    "inCoref" : false
  }, {
    "id" : "s7-m1",
    "properties" : {
      "SIRE_MENTION_ROLE" : "DOB",
      "SIRE_ENTITY_SUBTYPE" : "NONE",
      "SIRE_MENTION_TYPE" : "NONE",
      "SIRE_MENTION_CLASS" : "SPC"
    },
    "type" : "DOB",
    "begin" : 564,
    "end" : 574,
    "inCoref" : false
  }, {
    "id" : "s9-m1",
    "properties" : {
      "SIRE_MENTION_ROLE" : "Name",
      "SIRE_ENTITY_SUBTYPE" : "NONE",
      "SIRE_MENTION_TYPE" : "NONE",
      "SIRE_MENTION_CLASS" : "SPC"
    },
    "type" : "Name",
    "begin" : 694,
    "end" : 699,
    "inCoref" : false
  }, {
    "id" : "s12-m1",
    "properties" : {
      "SIRE_MENTION_ROLE" : "Name",
      "SIRE_ENTITY_SUBTYPE" : "NONE",
      "SIRE_MENTION_TYPE" : "NONE",
      "SIRE_MENTION_CLASS" : "SPC"
    },
    "type" : "Name",
    "begin" : 803,
    "end" : 812,
    "inCoref" : false
  } ],
  "relations" : [ ],
  "corefs" : [ ],
  "typeResolved" : true,
  "userResolved" : false
}