{
  "id" : "31ad3470-f7dc-11e7-8ea5-e50734d6aae1-0",
  "name" : "email31.txt",
  "createdDate" : 0,
  "version" : 3,
  "text" : "Dear Mr. Takeshi Kitano,\n    Congratulations on your recent acceptance of American citizenship. We have your date of birth listed down as 8/23/1964. If this is incorrect, please return the form that was included with this letter with your correct date of birth listed in the MM/DD/YYYY format. If this D.O.B. is correct, we have issued you a social security card with the number 890-34-5492 it should arrive shortly. If this is not your D.O.B. then please send the card back with the included form\nUnited States Social Security Office",
  "docLength" : 0,
  "language" : "EN",
  "status" : "SUBMITTED",
  "modifiedDate" : 1515791177653,
  "documentSet" : [ ],
  "preannotation" : [ ],
  "sentences" : [ {
    "id" : "s0",
    "begin" : 0,
    "end" : 95,
    "text" : "Dear Mr. Takeshi Kitano,\n    Congratulations on your recent acceptance of American citizenship.",
    "tokens" : [ {
      "id" : "s0-t0",
      "begin" : 0,
      "end" : 4,
      "text" : "Dear",
      "whiteSpace" : false
    }, {
      "id" : "s0-t1",
      "begin" : 5,
      "end" : 8,
      "text" : "Mr.",
      "whiteSpace" : false
    }, {
      "id" : "s0-t2",
      "begin" : 9,
      "end" : 16,
      "text" : "Takeshi",
      "whiteSpace" : false
    }, {
      "id" : "s0-t3",
      "begin" : 17,
      "end" : 23,
      "text" : "Kitano",
      "whiteSpace" : false
    }, {
      "id" : "s0-t4",
      "begin" : 23,
      "end" : 24,
      "text" : ",",
      "whiteSpace" : false
    }, {
      "id" : "s0-t5",
      "begin" : 29,
      "end" : 44,
      "text" : "Congratulations",
      "whiteSpace" : false
    }, {
      "id" : "s0-t6",
      "begin" : 45,
      "end" : 47,
      "text" : "on",
      "whiteSpace" : false
    }, {
      "id" : "s0-t7",
      "begin" : 48,
      "end" : 52,
      "text" : "your",
      "whiteSpace" : false
    }, {
      "id" : "s0-t8",
      "begin" : 53,
      "end" : 59,
      "text" : "recent",
      "whiteSpace" : false
    }, {
      "id" : "s0-t9",
      "begin" : 60,
      "end" : 70,
      "text" : "acceptance",
      "whiteSpace" : false
    }, {
      "id" : "s0-t10",
      "begin" : 71,
      "end" : 73,
      "text" : "of",
      "whiteSpace" : false
    }, {
      "id" : "s0-t11",
      "begin" : 74,
      "end" : 82,
      "text" : "American",
      "whiteSpace" : false
    }, {
      "id" : "s0-t12",
      "begin" : 83,
      "end" : 94,
      "text" : "citizenship",
      "whiteSpace" : false
    }, {
      "id" : "s0-t13",
      "begin" : 94,
      "end" : 95,
      "text" : ".",
      "whiteSpace" : false
    } ]
  }, {
    "id" : "s1",
    "begin" : 96,
    "end" : 148,
    "text" : "We have your date of birth listed down as 8/23/1964.",
    "tokens" : [ {
      "id" : "s1-t0",
      "begin" : 96,
      "end" : 98,
      "text" : "We",
      "whiteSpace" : false
    }, {
      "id" : "s1-t1",
      "begin" : 99,
      "end" : 103,
      "text" : "have",
      "whiteSpace" : false
    }, {
      "id" : "s1-t2",
      "begin" : 104,
      "end" : 108,
      "text" : "your",
      "whiteSpace" : false
    }, {
      "id" : "s1-t3",
      "begin" : 109,
      "end" : 113,
      "text" : "date",
      "whiteSpace" : false
    }, {
      "id" : "s1-t4",
      "begin" : 114,
      "end" : 116,
      "text" : "of",
      "whiteSpace" : false
    }, {
      "id" : "s1-t5",
      "begin" : 117,
      "end" : 122,
      "text" : "birth",
      "whiteSpace" : false
    }, {
      "id" : "s1-t6",
      "begin" : 123,
      "end" : 129,
      "text" : "listed",
      "whiteSpace" : false
    }, {
      "id" : "s1-t7",
      "begin" : 130,
      "end" : 134,
      "text" : "down",
      "whiteSpace" : false
    }, {
      "id" : "s1-t8",
      "begin" : 135,
      "end" : 137,
      "text" : "as",
      "whiteSpace" : false
    }, {
      "id" : "s1-t9",
      "begin" : 138,
      "end" : 147,
      "text" : "8/23/1964",
      "whiteSpace" : false
    }, {
      "id" : "s1-t10",
      "begin" : 147,
      "end" : 148,
      "text" : ".",
      "whiteSpace" : false
    } ]
  }, {
    "id" : "s2",
    "begin" : 149,
    "end" : 293,
    "text" : "If this is incorrect, please return the form that was included with this letter with your correct date of birth listed in the MM/DD/YYYY format.",
    "tokens" : [ {
      "id" : "s2-t0",
      "begin" : 149,
      "end" : 151,
      "text" : "If",
      "whiteSpace" : false
    }, {
      "id" : "s2-t1",
      "begin" : 152,
      "end" : 156,
      "text" : "this",
      "whiteSpace" : false
    }, {
      "id" : "s2-t2",
      "begin" : 157,
      "end" : 159,
      "text" : "is",
      "whiteSpace" : false
    }, {
      "id" : "s2-t3",
      "begin" : 160,
      "end" : 169,
      "text" : "incorrect",
      "whiteSpace" : false
    }, {
      "id" : "s2-t4",
      "begin" : 169,
      "end" : 170,
      "text" : ",",
      "whiteSpace" : false
    }, {
      "id" : "s2-t5",
      "begin" : 171,
      "end" : 177,
      "text" : "please",
      "whiteSpace" : false
    }, {
      "id" : "s2-t6",
      "begin" : 178,
      "end" : 184,
      "text" : "return",
      "whiteSpace" : false
    }, {
      "id" : "s2-t7",
      "begin" : 185,
      "end" : 188,
      "text" : "the",
      "whiteSpace" : false
    }, {
      "id" : "s2-t8",
      "begin" : 189,
      "end" : 193,
      "text" : "form",
      "whiteSpace" : false
    }, {
      "id" : "s2-t9",
      "begin" : 194,
      "end" : 198,
      "text" : "that",
      "whiteSpace" : false
    }, {
      "id" : "s2-t10",
      "begin" : 199,
      "end" : 202,
      "text" : "was",
      "whiteSpace" : false
    }, {
      "id" : "s2-t11",
      "begin" : 203,
      "end" : 211,
      "text" : "included",
      "whiteSpace" : false
    }, {
      "id" : "s2-t12",
      "begin" : 212,
      "end" : 216,
      "text" : "with",
      "whiteSpace" : false
    }, {
      "id" : "s2-t13",
      "begin" : 217,
      "end" : 221,
      "text" : "this",
      "whiteSpace" : false
    }, {
      "id" : "s2-t14",
      "begin" : 222,
      "end" : 228,
      "text" : "letter",
      "whiteSpace" : false
    }, {
      "id" : "s2-t15",
      "begin" : 229,
      "end" : 233,
      "text" : "with",
      "whiteSpace" : false
    }, {
      "id" : "s2-t16",
      "begin" : 234,
      "end" : 238,
      "text" : "your",
      "whiteSpace" : false
    }, {
      "id" : "s2-t17",
      "begin" : 239,
      "end" : 246,
      "text" : "correct",
      "whiteSpace" : false
    }, {
      "id" : "s2-t18",
      "begin" : 247,
      "end" : 251,
      "text" : "date",
      "whiteSpace" : false
    }, {
      "id" : "s2-t19",
      "begin" : 252,
      "end" : 254,
      "text" : "of",
      "whiteSpace" : false
    }, {
      "id" : "s2-t20",
      "begin" : 255,
      "end" : 260,
      "text" : "birth",
      "whiteSpace" : false
    }, {
      "id" : "s2-t21",
      "begin" : 261,
      "end" : 267,
      "text" : "listed",
      "whiteSpace" : false
    }, {
      "id" : "s2-t22",
      "begin" : 268,
      "end" : 270,
      "text" : "in",
      "whiteSpace" : false
    }, {
      "id" : "s2-t23",
      "begin" : 271,
      "end" : 274,
      "text" : "the",
      "whiteSpace" : false
    }, {
      "id" : "s2-t24",
      "begin" : 275,
      "end" : 285,
      "text" : "MM/DD/YYYY",
      "whiteSpace" : false
    }, {
      "id" : "s2-t25",
      "begin" : 286,
      "end" : 292,
      "text" : "format",
      "whiteSpace" : false
    }, {
      "id" : "s2-t26",
      "begin" : 292,
      "end" : 293,
      "text" : ".",
      "whiteSpace" : false
    } ]
  }, {
    "id" : "s3",
    "begin" : 294,
    "end" : 416,
    "text" : "If this D.O.B. is correct, we have issued you a social security card with the number 890-34-5492 it should arrive shortly.",
    "tokens" : [ {
      "id" : "s3-t0",
      "begin" : 294,
      "end" : 296,
      "text" : "If",
      "whiteSpace" : false
    }, {
      "id" : "s3-t1",
      "begin" : 297,
      "end" : 301,
      "text" : "this",
      "whiteSpace" : false
    }, {
      "id" : "s3-t2",
      "begin" : 302,
      "end" : 308,
      "text" : "D.O.B.",
      "whiteSpace" : false
    }, {
      "id" : "s3-t3",
      "begin" : 309,
      "end" : 311,
      "text" : "is",
      "whiteSpace" : false
    }, {
      "id" : "s3-t4",
      "begin" : 312,
      "end" : 319,
      "text" : "correct",
      "whiteSpace" : false
    }, {
      "id" : "s3-t5",
      "begin" : 319,
      "end" : 320,
      "text" : ",",
      "whiteSpace" : false
    }, {
      "id" : "s3-t6",
      "begin" : 321,
      "end" : 323,
      "text" : "we",
      "whiteSpace" : false
    }, {
      "id" : "s3-t7",
      "begin" : 324,
      "end" : 328,
      "text" : "have",
      "whiteSpace" : false
    }, {
      "id" : "s3-t8",
      "begin" : 329,
      "end" : 335,
      "text" : "issued",
      "whiteSpace" : false
    }, {
      "id" : "s3-t9",
      "begin" : 336,
      "end" : 339,
      "text" : "you",
      "whiteSpace" : false
    }, {
      "id" : "s3-t10",
      "begin" : 340,
      "end" : 341,
      "text" : "a",
      "whiteSpace" : false
    }, {
      "id" : "s3-t11",
      "begin" : 342,
      "end" : 348,
      "text" : "social",
      "whiteSpace" : false
    }, {
      "id" : "s3-t12",
      "begin" : 349,
      "end" : 357,
      "text" : "security",
      "whiteSpace" : false
    }, {
      "id" : "s3-t13",
      "begin" : 358,
      "end" : 362,
      "text" : "card",
      "whiteSpace" : false
    }, {
      "id" : "s3-t14",
      "begin" : 363,
      "end" : 367,
      "text" : "with",
      "whiteSpace" : false
    }, {
      "id" : "s3-t15",
      "begin" : 368,
      "end" : 371,
      "text" : "the",
      "whiteSpace" : false
    }, {
      "id" : "s3-t16",
      "begin" : 372,
      "end" : 378,
      "text" : "number",
      "whiteSpace" : false
    }, {
      "id" : "s3-t17",
      "begin" : 379,
      "end" : 390,
      "text" : "890-34-5492",
      "whiteSpace" : false
    }, {
      "id" : "s3-t18",
      "begin" : 391,
      "end" : 393,
      "text" : "it",
      "whiteSpace" : false
    }, {
      "id" : "s3-t19",
      "begin" : 394,
      "end" : 400,
      "text" : "should",
      "whiteSpace" : false
    }, {
      "id" : "s3-t20",
      "begin" : 401,
      "end" : 407,
      "text" : "arrive",
      "whiteSpace" : false
    }, {
      "id" : "s3-t21",
      "begin" : 408,
      "end" : 415,
      "text" : "shortly",
      "whiteSpace" : false
    }, {
      "id" : "s3-t22",
      "begin" : 415,
      "end" : 416,
      "text" : ".",
      "whiteSpace" : false
    } ]
  }, {
    "id" : "s4",
    "begin" : 417,
    "end" : 534,
    "text" : "If this is not your D.O.B. then please send the card back with the included form\nUnited States Social Security Office",
    "tokens" : [ {
      "id" : "s4-t0",
      "begin" : 417,
      "end" : 419,
      "text" : "If",
      "whiteSpace" : false
    }, {
      "id" : "s4-t1",
      "begin" : 420,
      "end" : 424,
      "text" : "this",
      "whiteSpace" : false
    }, {
      "id" : "s4-t2",
      "begin" : 425,
      "end" : 427,
      "text" : "is",
      "whiteSpace" : false
    }, {
      "id" : "s4-t3",
      "begin" : 428,
      "end" : 431,
      "text" : "not",
      "whiteSpace" : false
    }, {
      "id" : "s4-t4",
      "begin" : 432,
      "end" : 436,
      "text" : "your",
      "whiteSpace" : false
    }, {
      "id" : "s4-t5",
      "begin" : 437,
      "end" : 443,
      "text" : "D.O.B.",
      "whiteSpace" : false
    }, {
      "id" : "s4-t6",
      "begin" : 444,
      "end" : 448,
      "text" : "then",
      "whiteSpace" : false
    }, {
      "id" : "s4-t7",
      "begin" : 449,
      "end" : 455,
      "text" : "please",
      "whiteSpace" : false
    }, {
      "id" : "s4-t8",
      "begin" : 456,
      "end" : 460,
      "text" : "send",
      "whiteSpace" : false
    }, {
      "id" : "s4-t9",
      "begin" : 461,
      "end" : 464,
      "text" : "the",
      "whiteSpace" : false
    }, {
      "id" : "s4-t10",
      "begin" : 465,
      "end" : 469,
      "text" : "card",
      "whiteSpace" : false
    }, {
      "id" : "s4-t11",
      "begin" : 470,
      "end" : 474,
      "text" : "back",
      "whiteSpace" : false
    }, {
      "id" : "s4-t12",
      "begin" : 475,
      "end" : 479,
      "text" : "with",
      "whiteSpace" : false
    }, {
      "id" : "s4-t13",
      "begin" : 480,
      "end" : 483,
      "text" : "the",
      "whiteSpace" : false
    }, {
      "id" : "s4-t14",
      "begin" : 484,
      "end" : 492,
      "text" : "included",
      "whiteSpace" : false
    }, {
      "id" : "s4-t15",
      "begin" : 493,
      "end" : 497,
      "text" : "form",
      "whiteSpace" : false
    }, {
      "id" : "s4-t16",
      "begin" : 498,
      "end" : 504,
      "text" : "United",
      "whiteSpace" : false
    }, {
      "id" : "s4-t17",
      "begin" : 505,
      "end" : 511,
      "text" : "States",
      "whiteSpace" : false
    }, {
      "id" : "s4-t18",
      "begin" : 512,
      "end" : 518,
      "text" : "Social",
      "whiteSpace" : false
    }, {
      "id" : "s4-t19",
      "begin" : 519,
      "end" : 527,
      "text" : "Security",
      "whiteSpace" : false
    }, {
      "id" : "s4-t20",
      "begin" : 528,
      "end" : 534,
      "text" : "Office",
      "whiteSpace" : false
    } ]
  } ],
  "mentions" : [ {
    "id" : "s0-m1",
    "properties" : {
      "SIRE_MENTION_ROLE" : "Name",
      "SIRE_ENTITY_SUBTYPE" : "NONE",
      "SIRE_MENTION_TYPE" : "NONE",
      "SIRE_MENTION_CLASS" : "SPC"
    },
    "type" : "Name",
    "begin" : 9,
    "end" : 23,
    "inCoref" : false
  }, {
    "id" : "s1-m1",
    "properties" : {
      "SIRE_MENTION_ROLE" : "DOB",
      "SIRE_ENTITY_SUBTYPE" : "NONE",
      "SIRE_MENTION_TYPE" : "NONE",
      "SIRE_MENTION_CLASS" : "SPC"
    },
    "type" : "DOB",
    "begin" : 138,
    "end" : 147,
    "inCoref" : false
  }, {
    "id" : "s3-m1",
    "properties" : {
      "SIRE_MENTION_ROLE" : "SSN",
      "SIRE_ENTITY_SUBTYPE" : "NONE",
      "SIRE_MENTION_TYPE" : "NONE",
      "SIRE_MENTION_CLASS" : "SPC"
    },
    "type" : "SSN",
    "begin" : 379,
    "end" : 390,
    "inCoref" : false
  } ],
  "relations" : [ ],
  "corefs" : [ ],
  "typeResolved" : true,
  "userResolved" : false
}