{
  "id" : "31ad3470-f7dc-11e7-8ea5-e50734d6aae1-1",
  "name" : "email32.txt",
  "createdDate" : 0,
  "version" : 3,
  "text" : "Robin, \n\nMy name is Birdie Johnson and I need some of your help. I’m trying to track down some of my medical records but am struggling to get a response. I was born on 12-2-98 and need this information quickly. I would appreciate your assistance in this matter and let me know what else you may need. Please adivse that my social is 999-14-7878. Again, my born day was December 2nd 1998. I look forward to hearing back from you.\n\nOh and it would be great if you could also lookup my dad’s information as well. His name is Magic J. Johnson. He was born on 24-03-1970 and his ssn# 818-515-7272. He needs this information for some new job offer that he is going after. Again, appreciate the assistance here.\n\nSincerely,\n\nBirdie Johnson\n978-555-124",
  "docLength" : 0,
  "language" : "EN",
  "status" : "SUBMITTED",
  "modifiedDate" : 1515791217804,
  "documentSet" : [ ],
  "preannotation" : [ ],
  "sentences" : [ {
    "id" : "s0",
    "begin" : 0,
    "end" : 6,
    "text" : "Robin,",
    "tokens" : [ {
      "id" : "s0-t0",
      "begin" : 0,
      "end" : 5,
      "text" : "Robin",
      "whiteSpace" : false
    }, {
      "id" : "s0-t1",
      "begin" : 5,
      "end" : 6,
      "text" : ",",
      "whiteSpace" : false
    } ]
  }, {
    "id" : "s1",
    "begin" : 9,
    "end" : 64,
    "text" : "My name is Birdie Johnson and I need some of your help.",
    "tokens" : [ {
      "id" : "s1-t0",
      "begin" : 9,
      "end" : 11,
      "text" : "My",
      "whiteSpace" : false
    }, {
      "id" : "s1-t1",
      "begin" : 12,
      "end" : 16,
      "text" : "name",
      "whiteSpace" : false
    }, {
      "id" : "s1-t2",
      "begin" : 17,
      "end" : 19,
      "text" : "is",
      "whiteSpace" : false
    }, {
      "id" : "s1-t3",
      "begin" : 20,
      "end" : 26,
      "text" : "Birdie",
      "whiteSpace" : false
    }, {
      "id" : "s1-t4",
      "begin" : 27,
      "end" : 34,
      "text" : "Johnson",
      "whiteSpace" : false
    }, {
      "id" : "s1-t5",
      "begin" : 35,
      "end" : 38,
      "text" : "and",
      "whiteSpace" : false
    }, {
      "id" : "s1-t6",
      "begin" : 39,
      "end" : 40,
      "text" : "I",
      "whiteSpace" : false
    }, {
      "id" : "s1-t7",
      "begin" : 41,
      "end" : 45,
      "text" : "need",
      "whiteSpace" : false
    }, {
      "id" : "s1-t8",
      "begin" : 46,
      "end" : 50,
      "text" : "some",
      "whiteSpace" : false
    }, {
      "id" : "s1-t9",
      "begin" : 51,
      "end" : 53,
      "text" : "of",
      "whiteSpace" : false
    }, {
      "id" : "s1-t10",
      "begin" : 54,
      "end" : 58,
      "text" : "your",
      "whiteSpace" : false
    }, {
      "id" : "s1-t11",
      "begin" : 59,
      "end" : 63,
      "text" : "help",
      "whiteSpace" : false
    }, {
      "id" : "s1-t12",
      "begin" : 63,
      "end" : 64,
      "text" : ".",
      "whiteSpace" : false
    } ]
  }, {
    "id" : "s2",
    "begin" : 65,
    "end" : 153,
    "text" : "I’m trying to track down some of my medical records but am struggling to get a response.",
    "tokens" : [ {
      "id" : "s2-t0",
      "begin" : 65,
      "end" : 66,
      "text" : "I",
      "whiteSpace" : false
    }, {
      "id" : "s2-t1",
      "begin" : 66,
      "end" : 68,
      "text" : "’m",
      "whiteSpace" : false
    }, {
      "id" : "s2-t2",
      "begin" : 69,
      "end" : 75,
      "text" : "trying",
      "whiteSpace" : false
    }, {
      "id" : "s2-t3",
      "begin" : 76,
      "end" : 78,
      "text" : "to",
      "whiteSpace" : false
    }, {
      "id" : "s2-t4",
      "begin" : 79,
      "end" : 84,
      "text" : "track",
      "whiteSpace" : false
    }, {
      "id" : "s2-t5",
      "begin" : 85,
      "end" : 89,
      "text" : "down",
      "whiteSpace" : false
    }, {
      "id" : "s2-t6",
      "begin" : 90,
      "end" : 94,
      "text" : "some",
      "whiteSpace" : false
    }, {
      "id" : "s2-t7",
      "begin" : 95,
      "end" : 97,
      "text" : "of",
      "whiteSpace" : false
    }, {
      "id" : "s2-t8",
      "begin" : 98,
      "end" : 100,
      "text" : "my",
      "whiteSpace" : false
    }, {
      "id" : "s2-t9",
      "begin" : 101,
      "end" : 108,
      "text" : "medical",
      "whiteSpace" : false
    }, {
      "id" : "s2-t10",
      "begin" : 109,
      "end" : 116,
      "text" : "records",
      "whiteSpace" : false
    }, {
      "id" : "s2-t11",
      "begin" : 117,
      "end" : 120,
      "text" : "but",
      "whiteSpace" : false
    }, {
      "id" : "s2-t12",
      "begin" : 121,
      "end" : 123,
      "text" : "am",
      "whiteSpace" : false
    }, {
      "id" : "s2-t13",
      "begin" : 124,
      "end" : 134,
      "text" : "struggling",
      "whiteSpace" : false
    }, {
      "id" : "s2-t14",
      "begin" : 135,
      "end" : 137,
      "text" : "to",
      "whiteSpace" : false
    }, {
      "id" : "s2-t15",
      "begin" : 138,
      "end" : 141,
      "text" : "get",
      "whiteSpace" : false
    }, {
      "id" : "s2-t16",
      "begin" : 142,
      "end" : 143,
      "text" : "a",
      "whiteSpace" : false
    }, {
      "id" : "s2-t17",
      "begin" : 144,
      "end" : 152,
      "text" : "response",
      "whiteSpace" : false
    }, {
      "id" : "s2-t18",
      "begin" : 152,
      "end" : 153,
      "text" : ".",
      "whiteSpace" : false
    } ]
  }, {
    "id" : "s3",
    "begin" : 154,
    "end" : 210,
    "text" : "I was born on 12-2-98 and need this information quickly.",
    "tokens" : [ {
      "id" : "s3-t0",
      "begin" : 154,
      "end" : 155,
      "text" : "I",
      "whiteSpace" : false
    }, {
      "id" : "s3-t1",
      "begin" : 156,
      "end" : 159,
      "text" : "was",
      "whiteSpace" : false
    }, {
      "id" : "s3-t2",
      "begin" : 160,
      "end" : 164,
      "text" : "born",
      "whiteSpace" : false
    }, {
      "id" : "s3-t3",
      "begin" : 165,
      "end" : 167,
      "text" : "on",
      "whiteSpace" : false
    }, {
      "id" : "s3-t4",
      "begin" : 168,
      "end" : 175,
      "text" : "12-2-98",
      "whiteSpace" : false
    }, {
      "id" : "s3-t5",
      "begin" : 176,
      "end" : 179,
      "text" : "and",
      "whiteSpace" : false
    }, {
      "id" : "s3-t6",
      "begin" : 180,
      "end" : 184,
      "text" : "need",
      "whiteSpace" : false
    }, {
      "id" : "s3-t7",
      "begin" : 185,
      "end" : 189,
      "text" : "this",
      "whiteSpace" : false
    }, {
      "id" : "s3-t8",
      "begin" : 190,
      "end" : 201,
      "text" : "information",
      "whiteSpace" : false
    }, {
      "id" : "s3-t9",
      "begin" : 202,
      "end" : 209,
      "text" : "quickly",
      "whiteSpace" : false
    }, {
      "id" : "s3-t10",
      "begin" : 209,
      "end" : 210,
      "text" : ".",
      "whiteSpace" : false
    } ]
  }, {
    "id" : "s4",
    "begin" : 211,
    "end" : 300,
    "text" : "I would appreciate your assistance in this matter and let me know what else you may need.",
    "tokens" : [ {
      "id" : "s4-t0",
      "begin" : 211,
      "end" : 212,
      "text" : "I",
      "whiteSpace" : false
    }, {
      "id" : "s4-t1",
      "begin" : 213,
      "end" : 218,
      "text" : "would",
      "whiteSpace" : false
    }, {
      "id" : "s4-t2",
      "begin" : 219,
      "end" : 229,
      "text" : "appreciate",
      "whiteSpace" : false
    }, {
      "id" : "s4-t3",
      "begin" : 230,
      "end" : 234,
      "text" : "your",
      "whiteSpace" : false
    }, {
      "id" : "s4-t4",
      "begin" : 235,
      "end" : 245,
      "text" : "assistance",
      "whiteSpace" : false
    }, {
      "id" : "s4-t5",
      "begin" : 246,
      "end" : 248,
      "text" : "in",
      "whiteSpace" : false
    }, {
      "id" : "s4-t6",
      "begin" : 249,
      "end" : 253,
      "text" : "this",
      "whiteSpace" : false
    }, {
      "id" : "s4-t7",
      "begin" : 254,
      "end" : 260,
      "text" : "matter",
      "whiteSpace" : false
    }, {
      "id" : "s4-t8",
      "begin" : 261,
      "end" : 264,
      "text" : "and",
      "whiteSpace" : false
    }, {
      "id" : "s4-t9",
      "begin" : 265,
      "end" : 268,
      "text" : "let",
      "whiteSpace" : false
    }, {
      "id" : "s4-t10",
      "begin" : 269,
      "end" : 271,
      "text" : "me",
      "whiteSpace" : false
    }, {
      "id" : "s4-t11",
      "begin" : 272,
      "end" : 276,
      "text" : "know",
      "whiteSpace" : false
    }, {
      "id" : "s4-t12",
      "begin" : 277,
      "end" : 281,
      "text" : "what",
      "whiteSpace" : false
    }, {
      "id" : "s4-t13",
      "begin" : 282,
      "end" : 286,
      "text" : "else",
      "whiteSpace" : false
    }, {
      "id" : "s4-t14",
      "begin" : 287,
      "end" : 290,
      "text" : "you",
      "whiteSpace" : false
    }, {
      "id" : "s4-t15",
      "begin" : 291,
      "end" : 294,
      "text" : "may",
      "whiteSpace" : false
    }, {
      "id" : "s4-t16",
      "begin" : 295,
      "end" : 299,
      "text" : "need",
      "whiteSpace" : false
    }, {
      "id" : "s4-t17",
      "begin" : 299,
      "end" : 300,
      "text" : ".",
      "whiteSpace" : false
    } ]
  }, {
    "id" : "s5",
    "begin" : 301,
    "end" : 345,
    "text" : "Please adivse that my social is 999-14-7878.",
    "tokens" : [ {
      "id" : "s5-t0",
      "begin" : 301,
      "end" : 307,
      "text" : "Please",
      "whiteSpace" : false
    }, {
      "id" : "s5-t1",
      "begin" : 308,
      "end" : 314,
      "text" : "adivse",
      "whiteSpace" : false
    }, {
      "id" : "s5-t2",
      "begin" : 315,
      "end" : 319,
      "text" : "that",
      "whiteSpace" : false
    }, {
      "id" : "s5-t3",
      "begin" : 320,
      "end" : 322,
      "text" : "my",
      "whiteSpace" : false
    }, {
      "id" : "s5-t4",
      "begin" : 323,
      "end" : 329,
      "text" : "social",
      "whiteSpace" : false
    }, {
      "id" : "s5-t5",
      "begin" : 330,
      "end" : 332,
      "text" : "is",
      "whiteSpace" : false
    }, {
      "id" : "s5-t6",
      "begin" : 333,
      "end" : 344,
      "text" : "999-14-7878",
      "whiteSpace" : false
    }, {
      "id" : "s5-t7",
      "begin" : 344,
      "end" : 345,
      "text" : ".",
      "whiteSpace" : false
    } ]
  }, {
    "id" : "s6",
    "begin" : 346,
    "end" : 387,
    "text" : "Again, my born day was December 2nd 1998.",
    "tokens" : [ {
      "id" : "s6-t0",
      "begin" : 346,
      "end" : 351,
      "text" : "Again",
      "whiteSpace" : false
    }, {
      "id" : "s6-t1",
      "begin" : 351,
      "end" : 352,
      "text" : ",",
      "whiteSpace" : false
    }, {
      "id" : "s6-t2",
      "begin" : 353,
      "end" : 355,
      "text" : "my",
      "whiteSpace" : false
    }, {
      "id" : "s6-t3",
      "begin" : 356,
      "end" : 360,
      "text" : "born",
      "whiteSpace" : false
    }, {
      "id" : "s6-t4",
      "begin" : 361,
      "end" : 364,
      "text" : "day",
      "whiteSpace" : false
    }, {
      "id" : "s6-t5",
      "begin" : 365,
      "end" : 368,
      "text" : "was",
      "whiteSpace" : false
    }, {
      "id" : "s6-t6",
      "begin" : 369,
      "end" : 377,
      "text" : "December",
      "whiteSpace" : false
    }, {
      "id" : "s6-t7",
      "begin" : 378,
      "end" : 381,
      "text" : "2nd",
      "whiteSpace" : false
    }, {
      "id" : "s6-t8",
      "begin" : 382,
      "end" : 386,
      "text" : "1998",
      "whiteSpace" : false
    }, {
      "id" : "s6-t9",
      "begin" : 386,
      "end" : 387,
      "text" : ".",
      "whiteSpace" : false
    } ]
  }, {
    "id" : "s7",
    "begin" : 388,
    "end" : 428,
    "text" : "I look forward to hearing back from you.",
    "tokens" : [ {
      "id" : "s7-t0",
      "begin" : 388,
      "end" : 389,
      "text" : "I",
      "whiteSpace" : false
    }, {
      "id" : "s7-t1",
      "begin" : 390,
      "end" : 394,
      "text" : "look",
      "whiteSpace" : false
    }, {
      "id" : "s7-t2",
      "begin" : 395,
      "end" : 402,
      "text" : "forward",
      "whiteSpace" : false
    }, {
      "id" : "s7-t3",
      "begin" : 403,
      "end" : 405,
      "text" : "to",
      "whiteSpace" : false
    }, {
      "id" : "s7-t4",
      "begin" : 406,
      "end" : 413,
      "text" : "hearing",
      "whiteSpace" : false
    }, {
      "id" : "s7-t5",
      "begin" : 414,
      "end" : 418,
      "text" : "back",
      "whiteSpace" : false
    }, {
      "id" : "s7-t6",
      "begin" : 419,
      "end" : 423,
      "text" : "from",
      "whiteSpace" : false
    }, {
      "id" : "s7-t7",
      "begin" : 424,
      "end" : 427,
      "text" : "you",
      "whiteSpace" : false
    }, {
      "id" : "s7-t8",
      "begin" : 427,
      "end" : 428,
      "text" : ".",
      "whiteSpace" : false
    } ]
  }, {
    "id" : "s8",
    "begin" : 430,
    "end" : 509,
    "text" : "Oh and it would be great if you could also lookup my dad’s information as well.",
    "tokens" : [ {
      "id" : "s8-t0",
      "begin" : 430,
      "end" : 432,
      "text" : "Oh",
      "whiteSpace" : false
    }, {
      "id" : "s8-t1",
      "begin" : 433,
      "end" : 436,
      "text" : "and",
      "whiteSpace" : false
    }, {
      "id" : "s8-t2",
      "begin" : 437,
      "end" : 439,
      "text" : "it",
      "whiteSpace" : false
    }, {
      "id" : "s8-t3",
      "begin" : 440,
      "end" : 445,
      "text" : "would",
      "whiteSpace" : false
    }, {
      "id" : "s8-t4",
      "begin" : 446,
      "end" : 448,
      "text" : "be",
      "whiteSpace" : false
    }, {
      "id" : "s8-t5",
      "begin" : 449,
      "end" : 454,
      "text" : "great",
      "whiteSpace" : false
    }, {
      "id" : "s8-t6",
      "begin" : 455,
      "end" : 457,
      "text" : "if",
      "whiteSpace" : false
    }, {
      "id" : "s8-t7",
      "begin" : 458,
      "end" : 461,
      "text" : "you",
      "whiteSpace" : false
    }, {
      "id" : "s8-t8",
      "begin" : 462,
      "end" : 467,
      "text" : "could",
      "whiteSpace" : false
    }, {
      "id" : "s8-t9",
      "begin" : 468,
      "end" : 472,
      "text" : "also",
      "whiteSpace" : false
    }, {
      "id" : "s8-t10",
      "begin" : 473,
      "end" : 479,
      "text" : "lookup",
      "whiteSpace" : false
    }, {
      "id" : "s8-t11",
      "begin" : 480,
      "end" : 482,
      "text" : "my",
      "whiteSpace" : false
    }, {
      "id" : "s8-t12",
      "begin" : 483,
      "end" : 486,
      "text" : "dad",
      "whiteSpace" : false
    }, {
      "id" : "s8-t13",
      "begin" : 486,
      "end" : 488,
      "text" : "’s",
      "whiteSpace" : false
    }, {
      "id" : "s8-t14",
      "begin" : 489,
      "end" : 500,
      "text" : "information",
      "whiteSpace" : false
    }, {
      "id" : "s8-t15",
      "begin" : 501,
      "end" : 503,
      "text" : "as",
      "whiteSpace" : false
    }, {
      "id" : "s8-t16",
      "begin" : 504,
      "end" : 508,
      "text" : "well",
      "whiteSpace" : false
    }, {
      "id" : "s8-t17",
      "begin" : 508,
      "end" : 509,
      "text" : ".",
      "whiteSpace" : false
    } ]
  }, {
    "id" : "s9",
    "begin" : 510,
    "end" : 539,
    "text" : "His name is Magic J. Johnson.",
    "tokens" : [ {
      "id" : "s9-t0",
      "begin" : 510,
      "end" : 513,
      "text" : "His",
      "whiteSpace" : false
    }, {
      "id" : "s9-t1",
      "begin" : 514,
      "end" : 518,
      "text" : "name",
      "whiteSpace" : false
    }, {
      "id" : "s9-t2",
      "begin" : 519,
      "end" : 521,
      "text" : "is",
      "whiteSpace" : false
    }, {
      "id" : "s9-t3",
      "begin" : 522,
      "end" : 527,
      "text" : "Magic",
      "whiteSpace" : false
    }, {
      "id" : "s9-t4",
      "begin" : 528,
      "end" : 530,
      "text" : "J.",
      "whiteSpace" : false
    }, {
      "id" : "s9-t5",
      "begin" : 531,
      "end" : 538,
      "text" : "Johnson",
      "whiteSpace" : false
    }, {
      "id" : "s9-t6",
      "begin" : 538,
      "end" : 539,
      "text" : ".",
      "whiteSpace" : false
    } ]
  }, {
    "id" : "s10",
    "begin" : 540,
    "end" : 592,
    "text" : "He was born on 24-03-1970 and his ssn# 818-515-7272.",
    "tokens" : [ {
      "id" : "s10-t0",
      "begin" : 540,
      "end" : 542,
      "text" : "He",
      "whiteSpace" : false
    }, {
      "id" : "s10-t1",
      "begin" : 543,
      "end" : 546,
      "text" : "was",
      "whiteSpace" : false
    }, {
      "id" : "s10-t2",
      "begin" : 547,
      "end" : 551,
      "text" : "born",
      "whiteSpace" : false
    }, {
      "id" : "s10-t3",
      "begin" : 552,
      "end" : 554,
      "text" : "on",
      "whiteSpace" : false
    }, {
      "id" : "s10-t4",
      "begin" : 555,
      "end" : 565,
      "text" : "24-03-1970",
      "whiteSpace" : false
    }, {
      "id" : "s10-t5",
      "begin" : 566,
      "end" : 569,
      "text" : "and",
      "whiteSpace" : false
    }, {
      "id" : "s10-t6",
      "begin" : 570,
      "end" : 573,
      "text" : "his",
      "whiteSpace" : false
    }, {
      "id" : "s10-t7",
      "begin" : 574,
      "end" : 578,
      "text" : "ssn#",
      "whiteSpace" : false
    }, {
      "id" : "s10-t8",
      "begin" : 579,
      "end" : 586,
      "text" : "818-515",
      "whiteSpace" : false
    }, {
      "id" : "s10-t9",
      "begin" : 586,
      "end" : 591,
      "text" : "-7272",
      "whiteSpace" : false
    }, {
      "id" : "s10-t10",
      "begin" : 591,
      "end" : 592,
      "text" : ".",
      "whiteSpace" : false
    } ]
  }, {
    "id" : "s11",
    "begin" : 593,
    "end" : 665,
    "text" : "He needs this information for some new job offer that he is going after.",
    "tokens" : [ {
      "id" : "s11-t0",
      "begin" : 593,
      "end" : 595,
      "text" : "He",
      "whiteSpace" : false
    }, {
      "id" : "s11-t1",
      "begin" : 596,
      "end" : 601,
      "text" : "needs",
      "whiteSpace" : false
    }, {
      "id" : "s11-t2",
      "begin" : 602,
      "end" : 606,
      "text" : "this",
      "whiteSpace" : false
    }, {
      "id" : "s11-t3",
      "begin" : 607,
      "end" : 618,
      "text" : "information",
      "whiteSpace" : false
    }, {
      "id" : "s11-t4",
      "begin" : 619,
      "end" : 622,
      "text" : "for",
      "whiteSpace" : false
    }, {
      "id" : "s11-t5",
      "begin" : 623,
      "end" : 627,
      "text" : "some",
      "whiteSpace" : false
    }, {
      "id" : "s11-t6",
      "begin" : 628,
      "end" : 631,
      "text" : "new",
      "whiteSpace" : false
    }, {
      "id" : "s11-t7",
      "begin" : 632,
      "end" : 635,
      "text" : "job",
      "whiteSpace" : false
    }, {
      "id" : "s11-t8",
      "begin" : 636,
      "end" : 641,
      "text" : "offer",
      "whiteSpace" : false
    }, {
      "id" : "s11-t9",
      "begin" : 642,
      "end" : 646,
      "text" : "that",
      "whiteSpace" : false
    }, {
      "id" : "s11-t10",
      "begin" : 647,
      "end" : 649,
      "text" : "he",
      "whiteSpace" : false
    }, {
      "id" : "s11-t11",
      "begin" : 650,
      "end" : 652,
      "text" : "is",
      "whiteSpace" : false
    }, {
      "id" : "s11-t12",
      "begin" : 653,
      "end" : 658,
      "text" : "going",
      "whiteSpace" : false
    }, {
      "id" : "s11-t13",
      "begin" : 659,
      "end" : 664,
      "text" : "after",
      "whiteSpace" : false
    }, {
      "id" : "s11-t14",
      "begin" : 664,
      "end" : 665,
      "text" : ".",
      "whiteSpace" : false
    } ]
  }, {
    "id" : "s12",
    "begin" : 666,
    "end" : 704,
    "text" : "Again, appreciate the assistance here.",
    "tokens" : [ {
      "id" : "s12-t0",
      "begin" : 666,
      "end" : 671,
      "text" : "Again",
      "whiteSpace" : false
    }, {
      "id" : "s12-t1",
      "begin" : 671,
      "end" : 672,
      "text" : ",",
      "whiteSpace" : false
    }, {
      "id" : "s12-t2",
      "begin" : 673,
      "end" : 683,
      "text" : "appreciate",
      "whiteSpace" : false
    }, {
      "id" : "s12-t3",
      "begin" : 684,
      "end" : 687,
      "text" : "the",
      "whiteSpace" : false
    }, {
      "id" : "s12-t4",
      "begin" : 688,
      "end" : 698,
      "text" : "assistance",
      "whiteSpace" : false
    }, {
      "id" : "s12-t5",
      "begin" : 699,
      "end" : 703,
      "text" : "here",
      "whiteSpace" : false
    }, {
      "id" : "s12-t6",
      "begin" : 703,
      "end" : 704,
      "text" : ".",
      "whiteSpace" : false
    } ]
  }, {
    "id" : "s13",
    "begin" : 706,
    "end" : 716,
    "text" : "Sincerely,",
    "tokens" : [ {
      "id" : "s13-t0",
      "begin" : 706,
      "end" : 715,
      "text" : "Sincerely",
      "whiteSpace" : false
    }, {
      "id" : "s13-t1",
      "begin" : 715,
      "end" : 716,
      "text" : ",",
      "whiteSpace" : false
    } ]
  }, {
    "id" : "s14",
    "begin" : 718,
    "end" : 744,
    "text" : "Birdie Johnson\n978-555-124",
    "tokens" : [ {
      "id" : "s14-t0",
      "begin" : 718,
      "end" : 724,
      "text" : "Birdie",
      "whiteSpace" : false
    }, {
      "id" : "s14-t1",
      "begin" : 725,
      "end" : 732,
      "text" : "Johnson",
      "whiteSpace" : false
    }, {
      "id" : "s14-t2",
      "begin" : 733,
      "end" : 744,
      "text" : "978-555-124",
      "whiteSpace" : false
    } ]
  } ],
  "mentions" : [ {
    "id" : "s0-m1",
    "properties" : {
      "SIRE_MENTION_ROLE" : "Name",
      "SIRE_ENTITY_SUBTYPE" : "NONE",
      "SIRE_MENTION_TYPE" : "NONE",
      "SIRE_MENTION_CLASS" : "SPC"
    },
    "type" : "Name",
    "begin" : 0,
    "end" : 5,
    "inCoref" : false
  }, {
    "id" : "s1-m1",
    "properties" : {
      "SIRE_MENTION_ROLE" : "Name",
      "SIRE_ENTITY_SUBTYPE" : "NONE",
      "SIRE_MENTION_TYPE" : "NONE",
      "SIRE_MENTION_CLASS" : "SPC"
    },
    "type" : "Name",
    "begin" : 20,
    "end" : 34,
    "inCoref" : false
  }, {
    "id" : "s3-m1",
    "properties" : {
      "SIRE_MENTION_ROLE" : "DOB",
      "SIRE_ENTITY_SUBTYPE" : "NONE",
      "SIRE_MENTION_TYPE" : "NONE",
      "SIRE_MENTION_CLASS" : "SPC"
    },
    "type" : "DOB",
    "begin" : 168,
    "end" : 175,
    "inCoref" : false
  }, {
    "id" : "s5-m1",
    "properties" : {
      "SIRE_MENTION_ROLE" : "SSN",
      "SIRE_ENTITY_SUBTYPE" : "NONE",
      "SIRE_MENTION_TYPE" : "NONE",
      "SIRE_MENTION_CLASS" : "SPC"
    },
    "type" : "SSN",
    "begin" : 333,
    "end" : 344,
    "inCoref" : false
  }, {
    "id" : "s6-m1",
    "properties" : {
      "SIRE_MENTION_ROLE" : "DOB",
      "SIRE_ENTITY_SUBTYPE" : "NONE",
      "SIRE_MENTION_TYPE" : "NONE",
      "SIRE_MENTION_CLASS" : "SPC"
    },
    "type" : "DOB",
    "begin" : 369,
    "end" : 386,
    "inCoref" : false
  }, {
    "id" : "s9-m1",
    "properties" : {
      "SIRE_MENTION_ROLE" : "Name",
      "SIRE_ENTITY_SUBTYPE" : "NONE",
      "SIRE_MENTION_TYPE" : "NONE",
      "SIRE_MENTION_CLASS" : "SPC"
    },
    "type" : "Name",
    "begin" : 522,
    "end" : 538,
    "inCoref" : false
  }, {
    "id" : "s10-m2",
    "properties" : {
      "SIRE_MENTION_ROLE" : "DOB",
      "SIRE_ENTITY_SUBTYPE" : "NONE",
      "SIRE_MENTION_TYPE" : "NONE",
      "SIRE_MENTION_CLASS" : "SPC"
    },
    "type" : "DOB",
    "begin" : 555,
    "end" : 565,
    "inCoref" : false
  }, {
    "id" : "s10-m1",
    "properties" : {
      "SIRE_MENTION_ROLE" : "SSN",
      "SIRE_ENTITY_SUBTYPE" : "NONE",
      "SIRE_MENTION_TYPE" : "NONE",
      "SIRE_MENTION_CLASS" : "SPC"
    },
    "type" : "SSN",
    "begin" : 579,
    "end" : 591,
    "inCoref" : false
  }, {
    "id" : "s14-m1",
    "properties" : {
      "SIRE_MENTION_ROLE" : "Name",
      "SIRE_ENTITY_SUBTYPE" : "NONE",
      "SIRE_MENTION_TYPE" : "NONE",
      "SIRE_MENTION_CLASS" : "SPC"
    },
    "type" : "Name",
    "begin" : 718,
    "end" : 732,
    "inCoref" : false
  } ],
  "relations" : [ ],
  "corefs" : [ ],
  "typeResolved" : true,
  "userResolved" : false
}