{
  "id" : "31ad3470-f7dc-11e7-8ea5-e50734d6aae1-3",
  "name" : "email34.txt",
  "createdDate" : 0,
  "version" : 3,
  "text" : "Dear Mr. SquarePants,\n    We regret to inform you that your previously issued social security card (number 433-30-4819) is now invalid. Please contact the Bikini Bottom records office with your D.O.B. (currently on file as 03/24/1986) and a valid photo id in order to get it reinstated. \nBest,\n    B.B. Social Records Office",
  "docLength" : 0,
  "language" : "EN",
  "status" : "SUBMITTED",
  "modifiedDate" : 1515791285543,
  "documentSet" : [ ],
  "preannotation" : [ ],
  "sentences" : [ {
    "id" : "s0",
    "begin" : 0,
    "end" : 135,
    "text" : "Dear Mr. SquarePants,\n    We regret to inform you that your previously issued social security card (number 433-30-4819) is now invalid.",
    "tokens" : [ {
      "id" : "s0-t0",
      "begin" : 0,
      "end" : 4,
      "text" : "Dear",
      "whiteSpace" : false
    }, {
      "id" : "s0-t1",
      "begin" : 5,
      "end" : 8,
      "text" : "Mr.",
      "whiteSpace" : false
    }, {
      "id" : "s0-t2",
      "begin" : 9,
      "end" : 20,
      "text" : "SquarePants",
      "whiteSpace" : false
    }, {
      "id" : "s0-t3",
      "begin" : 20,
      "end" : 21,
      "text" : ",",
      "whiteSpace" : false
    }, {
      "id" : "s0-t4",
      "begin" : 26,
      "end" : 28,
      "text" : "We",
      "whiteSpace" : false
    }, {
      "id" : "s0-t5",
      "begin" : 29,
      "end" : 35,
      "text" : "regret",
      "whiteSpace" : false
    }, {
      "id" : "s0-t6",
      "begin" : 36,
      "end" : 38,
      "text" : "to",
      "whiteSpace" : false
    }, {
      "id" : "s0-t7",
      "begin" : 39,
      "end" : 45,
      "text" : "inform",
      "whiteSpace" : false
    }, {
      "id" : "s0-t8",
      "begin" : 46,
      "end" : 49,
      "text" : "you",
      "whiteSpace" : false
    }, {
      "id" : "s0-t9",
      "begin" : 50,
      "end" : 54,
      "text" : "that",
      "whiteSpace" : false
    }, {
      "id" : "s0-t10",
      "begin" : 55,
      "end" : 59,
      "text" : "your",
      "whiteSpace" : false
    }, {
      "id" : "s0-t11",
      "begin" : 60,
      "end" : 70,
      "text" : "previously",
      "whiteSpace" : false
    }, {
      "id" : "s0-t12",
      "begin" : 71,
      "end" : 77,
      "text" : "issued",
      "whiteSpace" : false
    }, {
      "id" : "s0-t13",
      "begin" : 78,
      "end" : 84,
      "text" : "social",
      "whiteSpace" : false
    }, {
      "id" : "s0-t14",
      "begin" : 85,
      "end" : 93,
      "text" : "security",
      "whiteSpace" : false
    }, {
      "id" : "s0-t15",
      "begin" : 94,
      "end" : 98,
      "text" : "card",
      "whiteSpace" : false
    }, {
      "id" : "s0-t16",
      "begin" : 99,
      "end" : 100,
      "text" : "(",
      "whiteSpace" : false
    }, {
      "id" : "s0-t17",
      "begin" : 100,
      "end" : 106,
      "text" : "number",
      "whiteSpace" : false
    }, {
      "id" : "s0-t18",
      "begin" : 107,
      "end" : 118,
      "text" : "433-30-4819",
      "whiteSpace" : false
    }, {
      "id" : "s0-t19",
      "begin" : 118,
      "end" : 119,
      "text" : ")",
      "whiteSpace" : false
    }, {
      "id" : "s0-t20",
      "begin" : 120,
      "end" : 122,
      "text" : "is",
      "whiteSpace" : false
    }, {
      "id" : "s0-t21",
      "begin" : 123,
      "end" : 126,
      "text" : "now",
      "whiteSpace" : false
    }, {
      "id" : "s0-t22",
      "begin" : 127,
      "end" : 134,
      "text" : "invalid",
      "whiteSpace" : false
    }, {
      "id" : "s0-t23",
      "begin" : 134,
      "end" : 135,
      "text" : ".",
      "whiteSpace" : false
    } ]
  }, {
    "id" : "s1",
    "begin" : 136,
    "end" : 286,
    "text" : "Please contact the Bikini Bottom records office with your D.O.B. (currently on file as 03/24/1986) and a valid photo id in order to get it reinstated.",
    "tokens" : [ {
      "id" : "s1-t0",
      "begin" : 136,
      "end" : 142,
      "text" : "Please",
      "whiteSpace" : false
    }, {
      "id" : "s1-t1",
      "begin" : 143,
      "end" : 150,
      "text" : "contact",
      "whiteSpace" : false
    }, {
      "id" : "s1-t2",
      "begin" : 151,
      "end" : 154,
      "text" : "the",
      "whiteSpace" : false
    }, {
      "id" : "s1-t3",
      "begin" : 155,
      "end" : 161,
      "text" : "Bikini",
      "whiteSpace" : false
    }, {
      "id" : "s1-t4",
      "begin" : 162,
      "end" : 168,
      "text" : "Bottom",
      "whiteSpace" : false
    }, {
      "id" : "s1-t5",
      "begin" : 169,
      "end" : 176,
      "text" : "records",
      "whiteSpace" : false
    }, {
      "id" : "s1-t6",
      "begin" : 177,
      "end" : 183,
      "text" : "office",
      "whiteSpace" : false
    }, {
      "id" : "s1-t7",
      "begin" : 184,
      "end" : 188,
      "text" : "with",
      "whiteSpace" : false
    }, {
      "id" : "s1-t8",
      "begin" : 189,
      "end" : 193,
      "text" : "your",
      "whiteSpace" : false
    }, {
      "id" : "s1-t9",
      "begin" : 194,
      "end" : 200,
      "text" : "D.O.B.",
      "whiteSpace" : false
    }, {
      "id" : "s1-t10",
      "begin" : 201,
      "end" : 202,
      "text" : "(",
      "whiteSpace" : false
    }, {
      "id" : "s1-t11",
      "begin" : 202,
      "end" : 211,
      "text" : "currently",
      "whiteSpace" : false
    }, {
      "id" : "s1-t12",
      "begin" : 212,
      "end" : 214,
      "text" : "on",
      "whiteSpace" : false
    }, {
      "id" : "s1-t13",
      "begin" : 215,
      "end" : 219,
      "text" : "file",
      "whiteSpace" : false
    }, {
      "id" : "s1-t14",
      "begin" : 220,
      "end" : 222,
      "text" : "as",
      "whiteSpace" : false
    }, {
      "id" : "s1-t15",
      "begin" : 223,
      "end" : 233,
      "text" : "03/24/1986",
      "whiteSpace" : false
    }, {
      "id" : "s1-t16",
      "begin" : 233,
      "end" : 234,
      "text" : ")",
      "whiteSpace" : false
    }, {
      "id" : "s1-t17",
      "begin" : 235,
      "end" : 238,
      "text" : "and",
      "whiteSpace" : false
    }, {
      "id" : "s1-t18",
      "begin" : 239,
      "end" : 240,
      "text" : "a",
      "whiteSpace" : false
    }, {
      "id" : "s1-t19",
      "begin" : 241,
      "end" : 246,
      "text" : "valid",
      "whiteSpace" : false
    }, {
      "id" : "s1-t20",
      "begin" : 247,
      "end" : 252,
      "text" : "photo",
      "whiteSpace" : false
    }, {
      "id" : "s1-t21",
      "begin" : 253,
      "end" : 255,
      "text" : "id",
      "whiteSpace" : false
    }, {
      "id" : "s1-t22",
      "begin" : 256,
      "end" : 258,
      "text" : "in",
      "whiteSpace" : false
    }, {
      "id" : "s1-t23",
      "begin" : 259,
      "end" : 264,
      "text" : "order",
      "whiteSpace" : false
    }, {
      "id" : "s1-t24",
      "begin" : 265,
      "end" : 267,
      "text" : "to",
      "whiteSpace" : false
    }, {
      "id" : "s1-t25",
      "begin" : 268,
      "end" : 271,
      "text" : "get",
      "whiteSpace" : false
    }, {
      "id" : "s1-t26",
      "begin" : 272,
      "end" : 274,
      "text" : "it",
      "whiteSpace" : false
    }, {
      "id" : "s1-t27",
      "begin" : 275,
      "end" : 285,
      "text" : "reinstated",
      "whiteSpace" : false
    }, {
      "id" : "s1-t28",
      "begin" : 285,
      "end" : 286,
      "text" : ".",
      "whiteSpace" : false
    } ]
  }, {
    "id" : "s2",
    "begin" : 288,
    "end" : 324,
    "text" : "Best,\n    B.B. Social Records Office",
    "tokens" : [ {
      "id" : "s2-t0",
      "begin" : 288,
      "end" : 292,
      "text" : "Best",
      "whiteSpace" : false
    }, {
      "id" : "s2-t1",
      "begin" : 292,
      "end" : 293,
      "text" : ",",
      "whiteSpace" : false
    }, {
      "id" : "s2-t2",
      "begin" : 298,
      "end" : 302,
      "text" : "B.B.",
      "whiteSpace" : false
    }, {
      "id" : "s2-t3",
      "begin" : 303,
      "end" : 309,
      "text" : "Social",
      "whiteSpace" : false
    }, {
      "id" : "s2-t4",
      "begin" : 310,
      "end" : 317,
      "text" : "Records",
      "whiteSpace" : false
    }, {
      "id" : "s2-t5",
      "begin" : 318,
      "end" : 324,
      "text" : "Office",
      "whiteSpace" : false
    } ]
  } ],
  "mentions" : [ {
    "id" : "s0-m1",
    "properties" : {
      "SIRE_MENTION_ROLE" : "Name",
      "SIRE_ENTITY_SUBTYPE" : "NONE",
      "SIRE_MENTION_TYPE" : "NONE",
      "SIRE_MENTION_CLASS" : "SPC"
    },
    "type" : "Name",
    "begin" : 9,
    "end" : 20,
    "inCoref" : false
  }, {
    "id" : "s0-m2",
    "properties" : {
      "SIRE_MENTION_ROLE" : "SSN",
      "SIRE_ENTITY_SUBTYPE" : "NONE",
      "SIRE_MENTION_TYPE" : "NONE",
      "SIRE_MENTION_CLASS" : "SPC"
    },
    "type" : "SSN",
    "begin" : 107,
    "end" : 118,
    "inCoref" : false
  }, {
    "id" : "s1-m1",
    "properties" : {
      "SIRE_MENTION_ROLE" : "DOB",
      "SIRE_ENTITY_SUBTYPE" : "NONE",
      "SIRE_MENTION_TYPE" : "NONE",
      "SIRE_MENTION_CLASS" : "SPC"
    },
    "type" : "DOB",
    "begin" : 223,
    "end" : 233,
    "inCoref" : false
  } ],
  "relations" : [ ],
  "corefs" : [ ],
  "typeResolved" : true,
  "userResolved" : false
}