{
  "id" : "3887dcd0-f63f-11e7-9d71-b156e4f7b8e5-0",
  "name" : "email22.txt",
  "createdDate" : 0,
  "version" : 3,
  "text" : "Hello Vincent Thomas,\n\tI regret to inform you that your account request on 11/13/18 has been flagged due to incorrect information. The SSN you entered (378-47-3386) could not be verified to be yours. The DOB you entered (12/01/1994) could not be verified to be yours. Please try again with your correct information.\nThank you",
  "docLength" : 0,
  "language" : "EN",
  "status" : "SUBMITTED",
  "modifiedDate" : 1515613777490,
  "documentSet" : [ ],
  "preannotation" : [ ],
  "sentences" : [ {
    "id" : "s0",
    "begin" : 0,
    "end" : 130,
    "text" : "Hello Vincent Thomas,\n\tI regret to inform you that your account request on 11/13/18 has been flagged due to incorrect information.",
    "tokens" : [ {
      "id" : "s0-t0",
      "begin" : 0,
      "end" : 5,
      "text" : "Hello",
      "whiteSpace" : false
    }, {
      "id" : "s0-t1",
      "begin" : 6,
      "end" : 13,
      "text" : "Vincent",
      "whiteSpace" : false
    }, {
      "id" : "s0-t2",
      "begin" : 14,
      "end" : 20,
      "text" : "Thomas",
      "whiteSpace" : false
    }, {
      "id" : "s0-t3",
      "begin" : 20,
      "end" : 21,
      "text" : ",",
      "whiteSpace" : false
    }, {
      "id" : "s0-t4",
      "begin" : 23,
      "end" : 24,
      "text" : "I",
      "whiteSpace" : false
    }, {
      "id" : "s0-t5",
      "begin" : 25,
      "end" : 31,
      "text" : "regret",
      "whiteSpace" : false
    }, {
      "id" : "s0-t6",
      "begin" : 32,
      "end" : 34,
      "text" : "to",
      "whiteSpace" : false
    }, {
      "id" : "s0-t7",
      "begin" : 35,
      "end" : 41,
      "text" : "inform",
      "whiteSpace" : false
    }, {
      "id" : "s0-t8",
      "begin" : 42,
      "end" : 45,
      "text" : "you",
      "whiteSpace" : false
    }, {
      "id" : "s0-t9",
      "begin" : 46,
      "end" : 50,
      "text" : "that",
      "whiteSpace" : false
    }, {
      "id" : "s0-t10",
      "begin" : 51,
      "end" : 55,
      "text" : "your",
      "whiteSpace" : false
    }, {
      "id" : "s0-t11",
      "begin" : 56,
      "end" : 63,
      "text" : "account",
      "whiteSpace" : false
    }, {
      "id" : "s0-t12",
      "begin" : 64,
      "end" : 71,
      "text" : "request",
      "whiteSpace" : false
    }, {
      "id" : "s0-t13",
      "begin" : 72,
      "end" : 74,
      "text" : "on",
      "whiteSpace" : false
    }, {
      "id" : "s0-t14",
      "begin" : 75,
      "end" : 83,
      "text" : "11/13/18",
      "whiteSpace" : false
    }, {
      "id" : "s0-t15",
      "begin" : 84,
      "end" : 87,
      "text" : "has",
      "whiteSpace" : false
    }, {
      "id" : "s0-t16",
      "begin" : 88,
      "end" : 92,
      "text" : "been",
      "whiteSpace" : false
    }, {
      "id" : "s0-t17",
      "begin" : 93,
      "end" : 100,
      "text" : "flagged",
      "whiteSpace" : false
    }, {
      "id" : "s0-t18",
      "begin" : 101,
      "end" : 104,
      "text" : "due",
      "whiteSpace" : false
    }, {
      "id" : "s0-t19",
      "begin" : 105,
      "end" : 107,
      "text" : "to",
      "whiteSpace" : false
    }, {
      "id" : "s0-t20",
      "begin" : 108,
      "end" : 117,
      "text" : "incorrect",
      "whiteSpace" : false
    }, {
      "id" : "s0-t21",
      "begin" : 118,
      "end" : 129,
      "text" : "information",
      "whiteSpace" : false
    }, {
      "id" : "s0-t22",
      "begin" : 129,
      "end" : 130,
      "text" : ".",
      "whiteSpace" : false
    } ]
  }, {
    "id" : "s1",
    "begin" : 131,
    "end" : 199,
    "text" : "The SSN you entered (378-47-3386) could not be verified to be yours.",
    "tokens" : [ {
      "id" : "s1-t0",
      "begin" : 131,
      "end" : 134,
      "text" : "The",
      "whiteSpace" : false
    }, {
      "id" : "s1-t1",
      "begin" : 135,
      "end" : 138,
      "text" : "SSN",
      "whiteSpace" : false
    }, {
      "id" : "s1-t2",
      "begin" : 139,
      "end" : 142,
      "text" : "you",
      "whiteSpace" : false
    }, {
      "id" : "s1-t3",
      "begin" : 143,
      "end" : 150,
      "text" : "entered",
      "whiteSpace" : false
    }, {
      "id" : "s1-t4",
      "begin" : 151,
      "end" : 152,
      "text" : "(",
      "whiteSpace" : false
    }, {
      "id" : "s1-t5",
      "begin" : 152,
      "end" : 163,
      "text" : "378-47-3386",
      "whiteSpace" : false
    }, {
      "id" : "s1-t6",
      "begin" : 163,
      "end" : 164,
      "text" : ")",
      "whiteSpace" : false
    }, {
      "id" : "s1-t7",
      "begin" : 165,
      "end" : 170,
      "text" : "could",
      "whiteSpace" : false
    }, {
      "id" : "s1-t8",
      "begin" : 171,
      "end" : 174,
      "text" : "not",
      "whiteSpace" : false
    }, {
      "id" : "s1-t9",
      "begin" : 175,
      "end" : 177,
      "text" : "be",
      "whiteSpace" : false
    }, {
      "id" : "s1-t10",
      "begin" : 178,
      "end" : 186,
      "text" : "verified",
      "whiteSpace" : false
    }, {
      "id" : "s1-t11",
      "begin" : 187,
      "end" : 189,
      "text" : "to",
      "whiteSpace" : false
    }, {
      "id" : "s1-t12",
      "begin" : 190,
      "end" : 192,
      "text" : "be",
      "whiteSpace" : false
    }, {
      "id" : "s1-t13",
      "begin" : 193,
      "end" : 198,
      "text" : "yours",
      "whiteSpace" : false
    }, {
      "id" : "s1-t14",
      "begin" : 198,
      "end" : 199,
      "text" : ".",
      "whiteSpace" : false
    } ]
  }, {
    "id" : "s2",
    "begin" : 200,
    "end" : 267,
    "text" : "The DOB you entered (12/01/1994) could not be verified to be yours.",
    "tokens" : [ {
      "id" : "s2-t0",
      "begin" : 200,
      "end" : 203,
      "text" : "The",
      "whiteSpace" : false
    }, {
      "id" : "s2-t1",
      "begin" : 204,
      "end" : 207,
      "text" : "DOB",
      "whiteSpace" : false
    }, {
      "id" : "s2-t2",
      "begin" : 208,
      "end" : 211,
      "text" : "you",
      "whiteSpace" : false
    }, {
      "id" : "s2-t3",
      "begin" : 212,
      "end" : 219,
      "text" : "entered",
      "whiteSpace" : false
    }, {
      "id" : "s2-t4",
      "begin" : 220,
      "end" : 221,
      "text" : "(",
      "whiteSpace" : false
    }, {
      "id" : "s2-t5",
      "begin" : 221,
      "end" : 231,
      "text" : "12/01/1994",
      "whiteSpace" : false
    }, {
      "id" : "s2-t6",
      "begin" : 231,
      "end" : 232,
      "text" : ")",
      "whiteSpace" : false
    }, {
      "id" : "s2-t7",
      "begin" : 233,
      "end" : 238,
      "text" : "could",
      "whiteSpace" : false
    }, {
      "id" : "s2-t8",
      "begin" : 239,
      "end" : 242,
      "text" : "not",
      "whiteSpace" : false
    }, {
      "id" : "s2-t9",
      "begin" : 243,
      "end" : 245,
      "text" : "be",
      "whiteSpace" : false
    }, {
      "id" : "s2-t10",
      "begin" : 246,
      "end" : 254,
      "text" : "verified",
      "whiteSpace" : false
    }, {
      "id" : "s2-t11",
      "begin" : 255,
      "end" : 257,
      "text" : "to",
      "whiteSpace" : false
    }, {
      "id" : "s2-t12",
      "begin" : 258,
      "end" : 260,
      "text" : "be",
      "whiteSpace" : false
    }, {
      "id" : "s2-t13",
      "begin" : 261,
      "end" : 266,
      "text" : "yours",
      "whiteSpace" : false
    }, {
      "id" : "s2-t14",
      "begin" : 266,
      "end" : 267,
      "text" : ".",
      "whiteSpace" : false
    } ]
  }, {
    "id" : "s3",
    "begin" : 268,
    "end" : 315,
    "text" : "Please try again with your correct information.",
    "tokens" : [ {
      "id" : "s3-t0",
      "begin" : 268,
      "end" : 274,
      "text" : "Please",
      "whiteSpace" : false
    }, {
      "id" : "s3-t1",
      "begin" : 275,
      "end" : 278,
      "text" : "try",
      "whiteSpace" : false
    }, {
      "id" : "s3-t2",
      "begin" : 279,
      "end" : 284,
      "text" : "again",
      "whiteSpace" : false
    }, {
      "id" : "s3-t3",
      "begin" : 285,
      "end" : 289,
      "text" : "with",
      "whiteSpace" : false
    }, {
      "id" : "s3-t4",
      "begin" : 290,
      "end" : 294,
      "text" : "your",
      "whiteSpace" : false
    }, {
      "id" : "s3-t5",
      "begin" : 295,
      "end" : 302,
      "text" : "correct",
      "whiteSpace" : false
    }, {
      "id" : "s3-t6",
      "begin" : 303,
      "end" : 314,
      "text" : "information",
      "whiteSpace" : false
    }, {
      "id" : "s3-t7",
      "begin" : 314,
      "end" : 315,
      "text" : ".",
      "whiteSpace" : false
    } ]
  }, {
    "id" : "s4",
    "begin" : 316,
    "end" : 325,
    "text" : "Thank you",
    "tokens" : [ {
      "id" : "s4-t0",
      "begin" : 316,
      "end" : 321,
      "text" : "Thank",
      "whiteSpace" : false
    }, {
      "id" : "s4-t1",
      "begin" : 322,
      "end" : 325,
      "text" : "you",
      "whiteSpace" : false
    } ]
  } ],
  "mentions" : [ {
    "id" : "s0-m1",
    "properties" : {
      "SIRE_MENTION_ROLE" : "Name",
      "SIRE_ENTITY_SUBTYPE" : "NONE",
      "SIRE_MENTION_TYPE" : "NONE",
      "SIRE_MENTION_CLASS" : "SPC"
    },
    "type" : "Name",
    "begin" : 6,
    "end" : 20,
    "inCoref" : false
  }, {
    "id" : "s1-m1",
    "properties" : {
      "SIRE_MENTION_ROLE" : "SSN",
      "SIRE_ENTITY_SUBTYPE" : "NONE",
      "SIRE_MENTION_TYPE" : "NONE",
      "SIRE_MENTION_CLASS" : "SPC"
    },
    "type" : "SSN",
    "begin" : 152,
    "end" : 163,
    "inCoref" : false
  }, {
    "id" : "s2-m1",
    "properties" : {
      "SIRE_MENTION_ROLE" : "DOB",
      "SIRE_ENTITY_SUBTYPE" : "NONE",
      "SIRE_MENTION_TYPE" : "NONE",
      "SIRE_MENTION_CLASS" : "SPC"
    },
    "type" : "DOB",
    "begin" : 221,
    "end" : 231,
    "inCoref" : false
  } ],
  "relations" : [ ],
  "corefs" : [ ],
  "typeResolved" : true,
  "userResolved" : false
}