{
  "id" : "3887dcd0-f63f-11e7-9d71-b156e4f7b8e5-2",
  "name" : "email24.txt",
  "createdDate" : 0,
  "version" : 3,
  "text" : "Hello Dr. Kelly,\n\tHere are a list of patients from last week that we operated on.\n\tPatients:\n\t\t1. Keegan Michael:\n\t\t\ta. SSN: 382853849\n\t\t\tb. Date of Birth: 09/14/10\n\t\t\tc. Patient #: 292934093\n\t\t2. Eric Patel:\n\t\t\ta. SSN: 298473945\n\t\t\tb. Date of Birth: 10/05/89\n\t\t\tc. Patient #: 382393094\n\t\t3. Nadir Smith:\n\t\t\ta. SSN: 573-89-9293\n\t\t\tb. Date of Birth: 08/27/01\n\t\t\tc. Patient #: 874073748\n\tWe need to follow up on these patients by the end of 01/18/18.\nDr. Lauren",
  "docLength" : 0,
  "language" : "EN",
  "status" : "SUBMITTED",
  "modifiedDate" : 1515613838698,
  "documentSet" : [ ],
  "preannotation" : [ ],
  "sentences" : [ {
    "id" : "s0",
    "begin" : 0,
    "end" : 81,
    "text" : "Hello Dr. Kelly,\n\tHere are a list of patients from last week that we operated on.",
    "tokens" : [ {
      "id" : "s0-t0",
      "begin" : 0,
      "end" : 5,
      "text" : "Hello",
      "whiteSpace" : false
    }, {
      "id" : "s0-t1",
      "begin" : 6,
      "end" : 9,
      "text" : "Dr.",
      "whiteSpace" : false
    }, {
      "id" : "s0-t2",
      "begin" : 10,
      "end" : 15,
      "text" : "Kelly",
      "whiteSpace" : false
    }, {
      "id" : "s0-t3",
      "begin" : 15,
      "end" : 16,
      "text" : ",",
      "whiteSpace" : false
    }, {
      "id" : "s0-t4",
      "begin" : 18,
      "end" : 22,
      "text" : "Here",
      "whiteSpace" : false
    }, {
      "id" : "s0-t5",
      "begin" : 23,
      "end" : 26,
      "text" : "are",
      "whiteSpace" : false
    }, {
      "id" : "s0-t6",
      "begin" : 27,
      "end" : 28,
      "text" : "a",
      "whiteSpace" : false
    }, {
      "id" : "s0-t7",
      "begin" : 29,
      "end" : 33,
      "text" : "list",
      "whiteSpace" : false
    }, {
      "id" : "s0-t8",
      "begin" : 34,
      "end" : 36,
      "text" : "of",
      "whiteSpace" : false
    }, {
      "id" : "s0-t9",
      "begin" : 37,
      "end" : 45,
      "text" : "patients",
      "whiteSpace" : false
    }, {
      "id" : "s0-t10",
      "begin" : 46,
      "end" : 50,
      "text" : "from",
      "whiteSpace" : false
    }, {
      "id" : "s0-t11",
      "begin" : 51,
      "end" : 55,
      "text" : "last",
      "whiteSpace" : false
    }, {
      "id" : "s0-t12",
      "begin" : 56,
      "end" : 60,
      "text" : "week",
      "whiteSpace" : false
    }, {
      "id" : "s0-t13",
      "begin" : 61,
      "end" : 65,
      "text" : "that",
      "whiteSpace" : false
    }, {
      "id" : "s0-t14",
      "begin" : 66,
      "end" : 68,
      "text" : "we",
      "whiteSpace" : false
    }, {
      "id" : "s0-t15",
      "begin" : 69,
      "end" : 77,
      "text" : "operated",
      "whiteSpace" : false
    }, {
      "id" : "s0-t16",
      "begin" : 78,
      "end" : 80,
      "text" : "on",
      "whiteSpace" : false
    }, {
      "id" : "s0-t17",
      "begin" : 80,
      "end" : 81,
      "text" : ".",
      "whiteSpace" : false
    } ]
  }, {
    "id" : "s1",
    "begin" : 83,
    "end" : 97,
    "text" : "Patients:\n\t\t1.",
    "tokens" : [ {
      "id" : "s1-t0",
      "begin" : 83,
      "end" : 91,
      "text" : "Patients",
      "whiteSpace" : false
    }, {
      "id" : "s1-t1",
      "begin" : 91,
      "end" : 92,
      "text" : ":",
      "whiteSpace" : false
    }, {
      "id" : "s1-t2",
      "begin" : 95,
      "end" : 96,
      "text" : "1",
      "whiteSpace" : false
    }, {
      "id" : "s1-t3",
      "begin" : 96,
      "end" : 97,
      "text" : ".",
      "whiteSpace" : false
    } ]
  }, {
    "id" : "s2",
    "begin" : 98,
    "end" : 119,
    "text" : "Keegan Michael:\n\t\t\ta.",
    "tokens" : [ {
      "id" : "s2-t0",
      "begin" : 98,
      "end" : 104,
      "text" : "Keegan",
      "whiteSpace" : false
    }, {
      "id" : "s2-t1",
      "begin" : 105,
      "end" : 112,
      "text" : "Michael",
      "whiteSpace" : false
    }, {
      "id" : "s2-t2",
      "begin" : 112,
      "end" : 113,
      "text" : ":",
      "whiteSpace" : false
    }, {
      "id" : "s2-t3",
      "begin" : 117,
      "end" : 118,
      "text" : "a",
      "whiteSpace" : false
    }, {
      "id" : "s2-t4",
      "begin" : 118,
      "end" : 119,
      "text" : ".",
      "whiteSpace" : false
    } ]
  }, {
    "id" : "s3",
    "begin" : 120,
    "end" : 140,
    "text" : "SSN: 382853849\n\t\t\tb.",
    "tokens" : [ {
      "id" : "s3-t0",
      "begin" : 120,
      "end" : 123,
      "text" : "SSN",
      "whiteSpace" : false
    }, {
      "id" : "s3-t1",
      "begin" : 123,
      "end" : 124,
      "text" : ":",
      "whiteSpace" : false
    }, {
      "id" : "s3-t2",
      "begin" : 125,
      "end" : 134,
      "text" : "382853849",
      "whiteSpace" : false
    }, {
      "id" : "s3-t3",
      "begin" : 138,
      "end" : 139,
      "text" : "b",
      "whiteSpace" : false
    }, {
      "id" : "s3-t4",
      "begin" : 139,
      "end" : 140,
      "text" : ".",
      "whiteSpace" : false
    } ]
  }, {
    "id" : "s4",
    "begin" : 141,
    "end" : 170,
    "text" : "Date of Birth: 09/14/10\n\t\t\tc.",
    "tokens" : [ {
      "id" : "s4-t0",
      "begin" : 141,
      "end" : 145,
      "text" : "Date",
      "whiteSpace" : false
    }, {
      "id" : "s4-t1",
      "begin" : 146,
      "end" : 148,
      "text" : "of",
      "whiteSpace" : false
    }, {
      "id" : "s4-t2",
      "begin" : 149,
      "end" : 154,
      "text" : "Birth",
      "whiteSpace" : false
    }, {
      "id" : "s4-t3",
      "begin" : 154,
      "end" : 155,
      "text" : ":",
      "whiteSpace" : false
    }, {
      "id" : "s4-t4",
      "begin" : 156,
      "end" : 164,
      "text" : "09/14/10",
      "whiteSpace" : false
    }, {
      "id" : "s4-t5",
      "begin" : 168,
      "end" : 169,
      "text" : "c",
      "whiteSpace" : false
    }, {
      "id" : "s4-t6",
      "begin" : 169,
      "end" : 170,
      "text" : ".",
      "whiteSpace" : false
    } ]
  }, {
    "id" : "s5",
    "begin" : 171,
    "end" : 196,
    "text" : "Patient #: 292934093\n\t\t2.",
    "tokens" : [ {
      "id" : "s5-t0",
      "begin" : 171,
      "end" : 178,
      "text" : "Patient",
      "whiteSpace" : false
    }, {
      "id" : "s5-t1",
      "begin" : 179,
      "end" : 181,
      "text" : "#:",
      "whiteSpace" : false
    }, {
      "id" : "s5-t2",
      "begin" : 182,
      "end" : 191,
      "text" : "292934093",
      "whiteSpace" : false
    }, {
      "id" : "s5-t3",
      "begin" : 194,
      "end" : 195,
      "text" : "2",
      "whiteSpace" : false
    }, {
      "id" : "s5-t4",
      "begin" : 195,
      "end" : 196,
      "text" : ".",
      "whiteSpace" : false
    } ]
  }, {
    "id" : "s6",
    "begin" : 197,
    "end" : 214,
    "text" : "Eric Patel:\n\t\t\ta.",
    "tokens" : [ {
      "id" : "s6-t0",
      "begin" : 197,
      "end" : 201,
      "text" : "Eric",
      "whiteSpace" : false
    }, {
      "id" : "s6-t1",
      "begin" : 202,
      "end" : 207,
      "text" : "Patel",
      "whiteSpace" : false
    }, {
      "id" : "s6-t2",
      "begin" : 207,
      "end" : 208,
      "text" : ":",
      "whiteSpace" : false
    }, {
      "id" : "s6-t3",
      "begin" : 212,
      "end" : 213,
      "text" : "a",
      "whiteSpace" : false
    }, {
      "id" : "s6-t4",
      "begin" : 213,
      "end" : 214,
      "text" : ".",
      "whiteSpace" : false
    } ]
  }, {
    "id" : "s7",
    "begin" : 215,
    "end" : 235,
    "text" : "SSN: 298473945\n\t\t\tb.",
    "tokens" : [ {
      "id" : "s7-t0",
      "begin" : 215,
      "end" : 218,
      "text" : "SSN",
      "whiteSpace" : false
    }, {
      "id" : "s7-t1",
      "begin" : 218,
      "end" : 219,
      "text" : ":",
      "whiteSpace" : false
    }, {
      "id" : "s7-t2",
      "begin" : 220,
      "end" : 229,
      "text" : "298473945",
      "whiteSpace" : false
    }, {
      "id" : "s7-t3",
      "begin" : 233,
      "end" : 234,
      "text" : "b",
      "whiteSpace" : false
    }, {
      "id" : "s7-t4",
      "begin" : 234,
      "end" : 235,
      "text" : ".",
      "whiteSpace" : false
    } ]
  }, {
    "id" : "s8",
    "begin" : 236,
    "end" : 265,
    "text" : "Date of Birth: 10/05/89\n\t\t\tc.",
    "tokens" : [ {
      "id" : "s8-t0",
      "begin" : 236,
      "end" : 240,
      "text" : "Date",
      "whiteSpace" : false
    }, {
      "id" : "s8-t1",
      "begin" : 241,
      "end" : 243,
      "text" : "of",
      "whiteSpace" : false
    }, {
      "id" : "s8-t2",
      "begin" : 244,
      "end" : 249,
      "text" : "Birth",
      "whiteSpace" : false
    }, {
      "id" : "s8-t3",
      "begin" : 249,
      "end" : 250,
      "text" : ":",
      "whiteSpace" : false
    }, {
      "id" : "s8-t4",
      "begin" : 251,
      "end" : 259,
      "text" : "10/05/89",
      "whiteSpace" : false
    }, {
      "id" : "s8-t5",
      "begin" : 263,
      "end" : 264,
      "text" : "c",
      "whiteSpace" : false
    }, {
      "id" : "s8-t6",
      "begin" : 264,
      "end" : 265,
      "text" : ".",
      "whiteSpace" : false
    } ]
  }, {
    "id" : "s9",
    "begin" : 266,
    "end" : 291,
    "text" : "Patient #: 382393094\n\t\t3.",
    "tokens" : [ {
      "id" : "s9-t0",
      "begin" : 266,
      "end" : 273,
      "text" : "Patient",
      "whiteSpace" : false
    }, {
      "id" : "s9-t1",
      "begin" : 274,
      "end" : 276,
      "text" : "#:",
      "whiteSpace" : false
    }, {
      "id" : "s9-t2",
      "begin" : 277,
      "end" : 286,
      "text" : "382393094",
      "whiteSpace" : false
    }, {
      "id" : "s9-t3",
      "begin" : 289,
      "end" : 290,
      "text" : "3",
      "whiteSpace" : false
    }, {
      "id" : "s9-t4",
      "begin" : 290,
      "end" : 291,
      "text" : ".",
      "whiteSpace" : false
    } ]
  }, {
    "id" : "s10",
    "begin" : 292,
    "end" : 310,
    "text" : "Nadir Smith:\n\t\t\ta.",
    "tokens" : [ {
      "id" : "s10-t0",
      "begin" : 292,
      "end" : 297,
      "text" : "Nadir",
      "whiteSpace" : false
    }, {
      "id" : "s10-t1",
      "begin" : 298,
      "end" : 303,
      "text" : "Smith",
      "whiteSpace" : false
    }, {
      "id" : "s10-t2",
      "begin" : 303,
      "end" : 304,
      "text" : ":",
      "whiteSpace" : false
    }, {
      "id" : "s10-t3",
      "begin" : 308,
      "end" : 309,
      "text" : "a",
      "whiteSpace" : false
    }, {
      "id" : "s10-t4",
      "begin" : 309,
      "end" : 310,
      "text" : ".",
      "whiteSpace" : false
    } ]
  }, {
    "id" : "s11",
    "begin" : 311,
    "end" : 333,
    "text" : "SSN: 573-89-9293\n\t\t\tb.",
    "tokens" : [ {
      "id" : "s11-t0",
      "begin" : 311,
      "end" : 314,
      "text" : "SSN",
      "whiteSpace" : false
    }, {
      "id" : "s11-t1",
      "begin" : 314,
      "end" : 315,
      "text" : ":",
      "whiteSpace" : false
    }, {
      "id" : "s11-t2",
      "begin" : 316,
      "end" : 327,
      "text" : "573-89-9293",
      "whiteSpace" : false
    }, {
      "id" : "s11-t3",
      "begin" : 331,
      "end" : 332,
      "text" : "b",
      "whiteSpace" : false
    }, {
      "id" : "s11-t4",
      "begin" : 332,
      "end" : 333,
      "text" : ".",
      "whiteSpace" : false
    } ]
  }, {
    "id" : "s12",
    "begin" : 334,
    "end" : 363,
    "text" : "Date of Birth: 08/27/01\n\t\t\tc.",
    "tokens" : [ {
      "id" : "s12-t0",
      "begin" : 334,
      "end" : 338,
      "text" : "Date",
      "whiteSpace" : false
    }, {
      "id" : "s12-t1",
      "begin" : 339,
      "end" : 341,
      "text" : "of",
      "whiteSpace" : false
    }, {
      "id" : "s12-t2",
      "begin" : 342,
      "end" : 347,
      "text" : "Birth",
      "whiteSpace" : false
    }, {
      "id" : "s12-t3",
      "begin" : 347,
      "end" : 348,
      "text" : ":",
      "whiteSpace" : false
    }, {
      "id" : "s12-t4",
      "begin" : 349,
      "end" : 357,
      "text" : "08/27/01",
      "whiteSpace" : false
    }, {
      "id" : "s12-t5",
      "begin" : 361,
      "end" : 362,
      "text" : "c",
      "whiteSpace" : false
    }, {
      "id" : "s12-t6",
      "begin" : 362,
      "end" : 363,
      "text" : ".",
      "whiteSpace" : false
    } ]
  }, {
    "id" : "s13",
    "begin" : 364,
    "end" : 448,
    "text" : "Patient #: 874073748\n\tWe need to follow up on these patients by the end of 01/18/18.",
    "tokens" : [ {
      "id" : "s13-t0",
      "begin" : 364,
      "end" : 371,
      "text" : "Patient",
      "whiteSpace" : false
    }, {
      "id" : "s13-t1",
      "begin" : 372,
      "end" : 374,
      "text" : "#:",
      "whiteSpace" : false
    }, {
      "id" : "s13-t2",
      "begin" : 375,
      "end" : 384,
      "text" : "874073748",
      "whiteSpace" : false
    }, {
      "id" : "s13-t3",
      "begin" : 386,
      "end" : 388,
      "text" : "We",
      "whiteSpace" : false
    }, {
      "id" : "s13-t4",
      "begin" : 389,
      "end" : 393,
      "text" : "need",
      "whiteSpace" : false
    }, {
      "id" : "s13-t5",
      "begin" : 394,
      "end" : 396,
      "text" : "to",
      "whiteSpace" : false
    }, {
      "id" : "s13-t6",
      "begin" : 397,
      "end" : 403,
      "text" : "follow",
      "whiteSpace" : false
    }, {
      "id" : "s13-t7",
      "begin" : 404,
      "end" : 406,
      "text" : "up",
      "whiteSpace" : false
    }, {
      "id" : "s13-t8",
      "begin" : 407,
      "end" : 409,
      "text" : "on",
      "whiteSpace" : false
    }, {
      "id" : "s13-t9",
      "begin" : 410,
      "end" : 415,
      "text" : "these",
      "whiteSpace" : false
    }, {
      "id" : "s13-t10",
      "begin" : 416,
      "end" : 424,
      "text" : "patients",
      "whiteSpace" : false
    }, {
      "id" : "s13-t11",
      "begin" : 425,
      "end" : 427,
      "text" : "by",
      "whiteSpace" : false
    }, {
      "id" : "s13-t12",
      "begin" : 428,
      "end" : 431,
      "text" : "the",
      "whiteSpace" : false
    }, {
      "id" : "s13-t13",
      "begin" : 432,
      "end" : 435,
      "text" : "end",
      "whiteSpace" : false
    }, {
      "id" : "s13-t14",
      "begin" : 436,
      "end" : 438,
      "text" : "of",
      "whiteSpace" : false
    }, {
      "id" : "s13-t15",
      "begin" : 439,
      "end" : 447,
      "text" : "01/18/18",
      "whiteSpace" : false
    }, {
      "id" : "s13-t16",
      "begin" : 447,
      "end" : 448,
      "text" : ".",
      "whiteSpace" : false
    } ]
  }, {
    "id" : "s14",
    "begin" : 449,
    "end" : 459,
    "text" : "Dr. Lauren",
    "tokens" : [ {
      "id" : "s14-t0",
      "begin" : 449,
      "end" : 452,
      "text" : "Dr.",
      "whiteSpace" : false
    }, {
      "id" : "s14-t1",
      "begin" : 453,
      "end" : 459,
      "text" : "Lauren",
      "whiteSpace" : false
    } ]
  } ],
  "mentions" : [ {
    "id" : "s0-m1",
    "properties" : {
      "SIRE_MENTION_ROLE" : "Name",
      "SIRE_ENTITY_SUBTYPE" : "NONE",
      "SIRE_MENTION_TYPE" : "NONE",
      "SIRE_MENTION_CLASS" : "SPC"
    },
    "type" : "Name",
    "begin" : 10,
    "end" : 15,
    "inCoref" : false
  }, {
    "id" : "s2-m1",
    "properties" : {
      "SIRE_MENTION_ROLE" : "Name",
      "SIRE_ENTITY_SUBTYPE" : "NONE",
      "SIRE_MENTION_TYPE" : "NONE",
      "SIRE_MENTION_CLASS" : "SPC"
    },
    "type" : "Name",
    "begin" : 98,
    "end" : 112,
    "inCoref" : false
  }, {
    "id" : "s3-m1",
    "properties" : {
      "SIRE_MENTION_ROLE" : "SSN",
      "SIRE_ENTITY_SUBTYPE" : "NONE",
      "SIRE_MENTION_TYPE" : "NONE",
      "SIRE_MENTION_CLASS" : "SPC"
    },
    "type" : "SSN",
    "begin" : 125,
    "end" : 134,
    "inCoref" : false
  }, {
    "id" : "s4-m1",
    "properties" : {
      "SIRE_MENTION_ROLE" : "DOB",
      "SIRE_ENTITY_SUBTYPE" : "NONE",
      "SIRE_MENTION_TYPE" : "NONE",
      "SIRE_MENTION_CLASS" : "SPC"
    },
    "type" : "DOB",
    "begin" : 156,
    "end" : 164,
    "inCoref" : false
  }, {
    "id" : "s6-m1",
    "properties" : {
      "SIRE_MENTION_ROLE" : "Name",
      "SIRE_ENTITY_SUBTYPE" : "NONE",
      "SIRE_MENTION_TYPE" : "NONE",
      "SIRE_MENTION_CLASS" : "SPC"
    },
    "type" : "Name",
    "begin" : 197,
    "end" : 207,
    "inCoref" : false
  }, {
    "id" : "s7-m1",
    "properties" : {
      "SIRE_MENTION_ROLE" : "SSN",
      "SIRE_ENTITY_SUBTYPE" : "NONE",
      "SIRE_MENTION_TYPE" : "NONE",
      "SIRE_MENTION_CLASS" : "SPC"
    },
    "type" : "SSN",
    "begin" : 220,
    "end" : 229,
    "inCoref" : false
  }, {
    "id" : "s8-m1",
    "properties" : {
      "SIRE_MENTION_ROLE" : "DOB",
      "SIRE_ENTITY_SUBTYPE" : "NONE",
      "SIRE_MENTION_TYPE" : "NONE",
      "SIRE_MENTION_CLASS" : "SPC"
    },
    "type" : "DOB",
    "begin" : 251,
    "end" : 259,
    "inCoref" : false
  }, {
    "id" : "s10-m1",
    "properties" : {
      "SIRE_MENTION_ROLE" : "Name",
      "SIRE_ENTITY_SUBTYPE" : "NONE",
      "SIRE_MENTION_TYPE" : "NONE",
      "SIRE_MENTION_CLASS" : "SPC"
    },
    "type" : "Name",
    "begin" : 292,
    "end" : 303,
    "inCoref" : false
  }, {
    "id" : "s11-m1",
    "properties" : {
      "SIRE_MENTION_ROLE" : "SSN",
      "SIRE_ENTITY_SUBTYPE" : "NONE",
      "SIRE_MENTION_TYPE" : "NONE",
      "SIRE_MENTION_CLASS" : "SPC"
    },
    "type" : "SSN",
    "begin" : 316,
    "end" : 327,
    "inCoref" : false
  }, {
    "id" : "s12-m1",
    "properties" : {
      "SIRE_MENTION_ROLE" : "DOB",
      "SIRE_ENTITY_SUBTYPE" : "NONE",
      "SIRE_MENTION_TYPE" : "NONE",
      "SIRE_MENTION_CLASS" : "SPC"
    },
    "type" : "DOB",
    "begin" : 349,
    "end" : 357,
    "inCoref" : false
  }, {
    "id" : "s14-m1",
    "properties" : {
      "SIRE_MENTION_ROLE" : "Name",
      "SIRE_ENTITY_SUBTYPE" : "NONE",
      "SIRE_MENTION_TYPE" : "NONE",
      "SIRE_MENTION_CLASS" : "SPC"
    },
    "type" : "Name",
    "begin" : 453,
    "end" : 459,
    "inCoref" : false
  } ],
  "relations" : [ ],
  "corefs" : [ ],
  "typeResolved" : true,
  "userResolved" : false
}