{
  "id" : "3887dcd0-f63f-11e7-9d71-b156e4f7b8e5-1",
  "name" : "email23.txt",
  "createdDate" : 0,
  "version" : 3,
  "text" : "Hello Mr. Skywalker,\n\tI am emailing in regards to your DNA test results. Unfortunately, we have to inform you that your results show that D. Vader is your father. In order to find him, here is all the information we have on him before his departure.\n\t\tSSN: 382-04-3748\n\t\tBadge Number: 392384482\n\t\tDOB: 12/12/1962\n\tGoodluck young Skywalker.\nDNA Labs",
  "docLength" : 0,
  "language" : "EN",
  "status" : "SUBMITTED",
  "modifiedDate" : 1515613798421,
  "documentSet" : [ ],
  "preannotation" : [ ],
  "sentences" : [ {
    "id" : "s0",
    "begin" : 0,
    "end" : 72,
    "text" : "Hello Mr. Skywalker,\n\tI am emailing in regards to your DNA test results.",
    "tokens" : [ {
      "id" : "s0-t0",
      "begin" : 0,
      "end" : 5,
      "text" : "Hello",
      "whiteSpace" : false
    }, {
      "id" : "s0-t1",
      "begin" : 6,
      "end" : 9,
      "text" : "Mr.",
      "whiteSpace" : false
    }, {
      "id" : "s0-t2",
      "begin" : 10,
      "end" : 19,
      "text" : "Skywalker",
      "whiteSpace" : false
    }, {
      "id" : "s0-t3",
      "begin" : 19,
      "end" : 20,
      "text" : ",",
      "whiteSpace" : false
    }, {
      "id" : "s0-t4",
      "begin" : 22,
      "end" : 23,
      "text" : "I",
      "whiteSpace" : false
    }, {
      "id" : "s0-t5",
      "begin" : 24,
      "end" : 26,
      "text" : "am",
      "whiteSpace" : false
    }, {
      "id" : "s0-t6",
      "begin" : 27,
      "end" : 35,
      "text" : "emailing",
      "whiteSpace" : false
    }, {
      "id" : "s0-t7",
      "begin" : 36,
      "end" : 38,
      "text" : "in",
      "whiteSpace" : false
    }, {
      "id" : "s0-t8",
      "begin" : 39,
      "end" : 46,
      "text" : "regards",
      "whiteSpace" : false
    }, {
      "id" : "s0-t9",
      "begin" : 47,
      "end" : 49,
      "text" : "to",
      "whiteSpace" : false
    }, {
      "id" : "s0-t10",
      "begin" : 50,
      "end" : 54,
      "text" : "your",
      "whiteSpace" : false
    }, {
      "id" : "s0-t11",
      "begin" : 55,
      "end" : 58,
      "text" : "DNA",
      "whiteSpace" : false
    }, {
      "id" : "s0-t12",
      "begin" : 59,
      "end" : 63,
      "text" : "test",
      "whiteSpace" : false
    }, {
      "id" : "s0-t13",
      "begin" : 64,
      "end" : 71,
      "text" : "results",
      "whiteSpace" : false
    }, {
      "id" : "s0-t14",
      "begin" : 71,
      "end" : 72,
      "text" : ".",
      "whiteSpace" : false
    } ]
  }, {
    "id" : "s1",
    "begin" : 73,
    "end" : 162,
    "text" : "Unfortunately, we have to inform you that your results show that D. Vader is your father.",
    "tokens" : [ {
      "id" : "s1-t0",
      "begin" : 73,
      "end" : 86,
      "text" : "Unfortunately",
      "whiteSpace" : false
    }, {
      "id" : "s1-t1",
      "begin" : 86,
      "end" : 87,
      "text" : ",",
      "whiteSpace" : false
    }, {
      "id" : "s1-t2",
      "begin" : 88,
      "end" : 90,
      "text" : "we",
      "whiteSpace" : false
    }, {
      "id" : "s1-t3",
      "begin" : 91,
      "end" : 95,
      "text" : "have",
      "whiteSpace" : false
    }, {
      "id" : "s1-t4",
      "begin" : 96,
      "end" : 98,
      "text" : "to",
      "whiteSpace" : false
    }, {
      "id" : "s1-t5",
      "begin" : 99,
      "end" : 105,
      "text" : "inform",
      "whiteSpace" : false
    }, {
      "id" : "s1-t6",
      "begin" : 106,
      "end" : 109,
      "text" : "you",
      "whiteSpace" : false
    }, {
      "id" : "s1-t7",
      "begin" : 110,
      "end" : 114,
      "text" : "that",
      "whiteSpace" : false
    }, {
      "id" : "s1-t8",
      "begin" : 115,
      "end" : 119,
      "text" : "your",
      "whiteSpace" : false
    }, {
      "id" : "s1-t9",
      "begin" : 120,
      "end" : 127,
      "text" : "results",
      "whiteSpace" : false
    }, {
      "id" : "s1-t10",
      "begin" : 128,
      "end" : 132,
      "text" : "show",
      "whiteSpace" : false
    }, {
      "id" : "s1-t11",
      "begin" : 133,
      "end" : 137,
      "text" : "that",
      "whiteSpace" : false
    }, {
      "id" : "s1-t12",
      "begin" : 138,
      "end" : 140,
      "text" : "D.",
      "whiteSpace" : false
    }, {
      "id" : "s1-t13",
      "begin" : 141,
      "end" : 146,
      "text" : "Vader",
      "whiteSpace" : false
    }, {
      "id" : "s1-t14",
      "begin" : 147,
      "end" : 149,
      "text" : "is",
      "whiteSpace" : false
    }, {
      "id" : "s1-t15",
      "begin" : 150,
      "end" : 154,
      "text" : "your",
      "whiteSpace" : false
    }, {
      "id" : "s1-t16",
      "begin" : 155,
      "end" : 161,
      "text" : "father",
      "whiteSpace" : false
    }, {
      "id" : "s1-t17",
      "begin" : 161,
      "end" : 162,
      "text" : ".",
      "whiteSpace" : false
    } ]
  }, {
    "id" : "s2",
    "begin" : 163,
    "end" : 249,
    "text" : "In order to find him, here is all the information we have on him before his departure.",
    "tokens" : [ {
      "id" : "s2-t0",
      "begin" : 163,
      "end" : 165,
      "text" : "In",
      "whiteSpace" : false
    }, {
      "id" : "s2-t1",
      "begin" : 166,
      "end" : 171,
      "text" : "order",
      "whiteSpace" : false
    }, {
      "id" : "s2-t2",
      "begin" : 172,
      "end" : 174,
      "text" : "to",
      "whiteSpace" : false
    }, {
      "id" : "s2-t3",
      "begin" : 175,
      "end" : 179,
      "text" : "find",
      "whiteSpace" : false
    }, {
      "id" : "s2-t4",
      "begin" : 180,
      "end" : 183,
      "text" : "him",
      "whiteSpace" : false
    }, {
      "id" : "s2-t5",
      "begin" : 183,
      "end" : 184,
      "text" : ",",
      "whiteSpace" : false
    }, {
      "id" : "s2-t6",
      "begin" : 185,
      "end" : 189,
      "text" : "here",
      "whiteSpace" : false
    }, {
      "id" : "s2-t7",
      "begin" : 190,
      "end" : 192,
      "text" : "is",
      "whiteSpace" : false
    }, {
      "id" : "s2-t8",
      "begin" : 193,
      "end" : 196,
      "text" : "all",
      "whiteSpace" : false
    }, {
      "id" : "s2-t9",
      "begin" : 197,
      "end" : 200,
      "text" : "the",
      "whiteSpace" : false
    }, {
      "id" : "s2-t10",
      "begin" : 201,
      "end" : 212,
      "text" : "information",
      "whiteSpace" : false
    }, {
      "id" : "s2-t11",
      "begin" : 213,
      "end" : 215,
      "text" : "we",
      "whiteSpace" : false
    }, {
      "id" : "s2-t12",
      "begin" : 216,
      "end" : 220,
      "text" : "have",
      "whiteSpace" : false
    }, {
      "id" : "s2-t13",
      "begin" : 221,
      "end" : 223,
      "text" : "on",
      "whiteSpace" : false
    }, {
      "id" : "s2-t14",
      "begin" : 224,
      "end" : 227,
      "text" : "him",
      "whiteSpace" : false
    }, {
      "id" : "s2-t15",
      "begin" : 228,
      "end" : 234,
      "text" : "before",
      "whiteSpace" : false
    }, {
      "id" : "s2-t16",
      "begin" : 235,
      "end" : 238,
      "text" : "his",
      "whiteSpace" : false
    }, {
      "id" : "s2-t17",
      "begin" : 239,
      "end" : 248,
      "text" : "departure",
      "whiteSpace" : false
    }, {
      "id" : "s2-t18",
      "begin" : 248,
      "end" : 249,
      "text" : ".",
      "whiteSpace" : false
    } ]
  }, {
    "id" : "s3",
    "begin" : 252,
    "end" : 339,
    "text" : "SSN: 382-04-3748\n\t\tBadge Number: 392384482\n\t\tDOB: 12/12/1962\n\tGoodluck young Skywalker.",
    "tokens" : [ {
      "id" : "s3-t0",
      "begin" : 252,
      "end" : 255,
      "text" : "SSN",
      "whiteSpace" : false
    }, {
      "id" : "s3-t1",
      "begin" : 255,
      "end" : 256,
      "text" : ":",
      "whiteSpace" : false
    }, {
      "id" : "s3-t2",
      "begin" : 257,
      "end" : 268,
      "text" : "382-04-3748",
      "whiteSpace" : false
    }, {
      "id" : "s3-t3",
      "begin" : 271,
      "end" : 276,
      "text" : "Badge",
      "whiteSpace" : false
    }, {
      "id" : "s3-t4",
      "begin" : 277,
      "end" : 283,
      "text" : "Number",
      "whiteSpace" : false
    }, {
      "id" : "s3-t5",
      "begin" : 283,
      "end" : 284,
      "text" : ":",
      "whiteSpace" : false
    }, {
      "id" : "s3-t6",
      "begin" : 285,
      "end" : 294,
      "text" : "392384482",
      "whiteSpace" : false
    }, {
      "id" : "s3-t7",
      "begin" : 297,
      "end" : 300,
      "text" : "DOB",
      "whiteSpace" : false
    }, {
      "id" : "s3-t8",
      "begin" : 300,
      "end" : 301,
      "text" : ":",
      "whiteSpace" : false
    }, {
      "id" : "s3-t9",
      "begin" : 302,
      "end" : 312,
      "text" : "12/12/1962",
      "whiteSpace" : false
    }, {
      "id" : "s3-t10",
      "begin" : 314,
      "end" : 322,
      "text" : "Goodluck",
      "whiteSpace" : false
    }, {
      "id" : "s3-t11",
      "begin" : 323,
      "end" : 328,
      "text" : "young",
      "whiteSpace" : false
    }, {
      "id" : "s3-t12",
      "begin" : 329,
      "end" : 338,
      "text" : "Skywalker",
      "whiteSpace" : false
    }, {
      "id" : "s3-t13",
      "begin" : 338,
      "end" : 339,
      "text" : ".",
      "whiteSpace" : false
    } ]
  }, {
    "id" : "s4",
    "begin" : 340,
    "end" : 348,
    "text" : "DNA Labs",
    "tokens" : [ {
      "id" : "s4-t0",
      "begin" : 340,
      "end" : 343,
      "text" : "DNA",
      "whiteSpace" : false
    }, {
      "id" : "s4-t1",
      "begin" : 344,
      "end" : 348,
      "text" : "Labs",
      "whiteSpace" : false
    } ]
  } ],
  "mentions" : [ {
    "id" : "s0-m1",
    "properties" : {
      "SIRE_MENTION_ROLE" : "Name",
      "SIRE_ENTITY_SUBTYPE" : "NONE",
      "SIRE_MENTION_TYPE" : "NONE",
      "SIRE_MENTION_CLASS" : "SPC"
    },
    "type" : "Name",
    "begin" : 10,
    "end" : 19,
    "inCoref" : false
  }, {
    "id" : "s1-m1",
    "properties" : {
      "SIRE_MENTION_ROLE" : "Name",
      "SIRE_ENTITY_SUBTYPE" : "NONE",
      "SIRE_MENTION_TYPE" : "NONE",
      "SIRE_MENTION_CLASS" : "SPC"
    },
    "type" : "Name",
    "begin" : 141,
    "end" : 146,
    "inCoref" : false
  }, {
    "id" : "s3-m1",
    "properties" : {
      "SIRE_MENTION_ROLE" : "SSN",
      "SIRE_ENTITY_SUBTYPE" : "NONE",
      "SIRE_MENTION_TYPE" : "NONE",
      "SIRE_MENTION_CLASS" : "SPC"
    },
    "type" : "SSN",
    "begin" : 257,
    "end" : 268,
    "inCoref" : false
  }, {
    "id" : "s3-m2",
    "properties" : {
      "SIRE_MENTION_ROLE" : "DOB",
      "SIRE_ENTITY_SUBTYPE" : "NONE",
      "SIRE_MENTION_TYPE" : "NONE",
      "SIRE_MENTION_CLASS" : "SPC"
    },
    "type" : "DOB",
    "begin" : 302,
    "end" : 312,
    "inCoref" : false
  }, {
    "id" : "s3-m3",
    "properties" : {
      "SIRE_MENTION_ROLE" : "Name",
      "SIRE_ENTITY_SUBTYPE" : "NONE",
      "SIRE_MENTION_TYPE" : "NONE",
      "SIRE_MENTION_CLASS" : "SPC"
    },
    "type" : "Name",
    "begin" : 329,
    "end" : 338,
    "inCoref" : false
  } ],
  "relations" : [ ],
  "corefs" : [ ],
  "typeResolved" : true,
  "userResolved" : false
}