{
  "id" : "3887dcd0-f63f-11e7-9d71-b156e4f7b8e5-4",
  "name" : "email26.txt",
  "createdDate" : 0,
  "version" : 3,
  "text" : "Hello Jason Bourne,\n\tI am contacting you to tell you about Program Black Briar. They are generating fake identites in your name, the SSNs that you need to track down are 293287462, 982748392, 839572418, and 847830193. Please find these individuals and bring them to justice.\nConnie",
  "docLength" : 0,
  "language" : "EN",
  "status" : "SUBMITTED",
  "modifiedDate" : 1515613876871,
  "documentSet" : [ ],
  "preannotation" : [ ],
  "sentences" : [ {
    "id" : "s0",
    "begin" : 0,
    "end" : 79,
    "text" : "Hello Jason Bourne,\n\tI am contacting you to tell you about Program Black Briar.",
    "tokens" : [ {
      "id" : "s0-t0",
      "begin" : 0,
      "end" : 5,
      "text" : "Hello",
      "whiteSpace" : false
    }, {
      "id" : "s0-t1",
      "begin" : 6,
      "end" : 11,
      "text" : "Jason",
      "whiteSpace" : false
    }, {
      "id" : "s0-t2",
      "begin" : 12,
      "end" : 18,
      "text" : "Bourne",
      "whiteSpace" : false
    }, {
      "id" : "s0-t3",
      "begin" : 18,
      "end" : 19,
      "text" : ",",
      "whiteSpace" : false
    }, {
      "id" : "s0-t4",
      "begin" : 21,
      "end" : 22,
      "text" : "I",
      "whiteSpace" : false
    }, {
      "id" : "s0-t5",
      "begin" : 23,
      "end" : 25,
      "text" : "am",
      "whiteSpace" : false
    }, {
      "id" : "s0-t6",
      "begin" : 26,
      "end" : 36,
      "text" : "contacting",
      "whiteSpace" : false
    }, {
      "id" : "s0-t7",
      "begin" : 37,
      "end" : 40,
      "text" : "you",
      "whiteSpace" : false
    }, {
      "id" : "s0-t8",
      "begin" : 41,
      "end" : 43,
      "text" : "to",
      "whiteSpace" : false
    }, {
      "id" : "s0-t9",
      "begin" : 44,
      "end" : 48,
      "text" : "tell",
      "whiteSpace" : false
    }, {
      "id" : "s0-t10",
      "begin" : 49,
      "end" : 52,
      "text" : "you",
      "whiteSpace" : false
    }, {
      "id" : "s0-t11",
      "begin" : 53,
      "end" : 58,
      "text" : "about",
      "whiteSpace" : false
    }, {
      "id" : "s0-t12",
      "begin" : 59,
      "end" : 66,
      "text" : "Program",
      "whiteSpace" : false
    }, {
      "id" : "s0-t13",
      "begin" : 67,
      "end" : 72,
      "text" : "Black",
      "whiteSpace" : false
    }, {
      "id" : "s0-t14",
      "begin" : 73,
      "end" : 78,
      "text" : "Briar",
      "whiteSpace" : false
    }, {
      "id" : "s0-t15",
      "begin" : 78,
      "end" : 79,
      "text" : ".",
      "whiteSpace" : false
    } ]
  }, {
    "id" : "s1",
    "begin" : 80,
    "end" : 217,
    "text" : "They are generating fake identites in your name, the SSNs that you need to track down are 293287462, 982748392, 839572418, and 847830193.",
    "tokens" : [ {
      "id" : "s1-t0",
      "begin" : 80,
      "end" : 84,
      "text" : "They",
      "whiteSpace" : false
    }, {
      "id" : "s1-t1",
      "begin" : 85,
      "end" : 88,
      "text" : "are",
      "whiteSpace" : false
    }, {
      "id" : "s1-t2",
      "begin" : 89,
      "end" : 99,
      "text" : "generating",
      "whiteSpace" : false
    }, {
      "id" : "s1-t3",
      "begin" : 100,
      "end" : 104,
      "text" : "fake",
      "whiteSpace" : false
    }, {
      "id" : "s1-t4",
      "begin" : 105,
      "end" : 114,
      "text" : "identites",
      "whiteSpace" : false
    }, {
      "id" : "s1-t5",
      "begin" : 115,
      "end" : 117,
      "text" : "in",
      "whiteSpace" : false
    }, {
      "id" : "s1-t6",
      "begin" : 118,
      "end" : 122,
      "text" : "your",
      "whiteSpace" : false
    }, {
      "id" : "s1-t7",
      "begin" : 123,
      "end" : 127,
      "text" : "name",
      "whiteSpace" : false
    }, {
      "id" : "s1-t8",
      "begin" : 127,
      "end" : 128,
      "text" : ",",
      "whiteSpace" : false
    }, {
      "id" : "s1-t9",
      "begin" : 129,
      "end" : 132,
      "text" : "the",
      "whiteSpace" : false
    }, {
      "id" : "s1-t10",
      "begin" : 133,
      "end" : 137,
      "text" : "SSNs",
      "whiteSpace" : false
    }, {
      "id" : "s1-t11",
      "begin" : 138,
      "end" : 142,
      "text" : "that",
      "whiteSpace" : false
    }, {
      "id" : "s1-t12",
      "begin" : 143,
      "end" : 146,
      "text" : "you",
      "whiteSpace" : false
    }, {
      "id" : "s1-t13",
      "begin" : 147,
      "end" : 151,
      "text" : "need",
      "whiteSpace" : false
    }, {
      "id" : "s1-t14",
      "begin" : 152,
      "end" : 154,
      "text" : "to",
      "whiteSpace" : false
    }, {
      "id" : "s1-t15",
      "begin" : 155,
      "end" : 160,
      "text" : "track",
      "whiteSpace" : false
    }, {
      "id" : "s1-t16",
      "begin" : 161,
      "end" : 165,
      "text" : "down",
      "whiteSpace" : false
    }, {
      "id" : "s1-t17",
      "begin" : 166,
      "end" : 169,
      "text" : "are",
      "whiteSpace" : false
    }, {
      "id" : "s1-t18",
      "begin" : 170,
      "end" : 179,
      "text" : "293287462",
      "whiteSpace" : false
    }, {
      "id" : "s1-t19",
      "begin" : 179,
      "end" : 180,
      "text" : ",",
      "whiteSpace" : false
    }, {
      "id" : "s1-t20",
      "begin" : 181,
      "end" : 190,
      "text" : "982748392",
      "whiteSpace" : false
    }, {
      "id" : "s1-t21",
      "begin" : 190,
      "end" : 191,
      "text" : ",",
      "whiteSpace" : false
    }, {
      "id" : "s1-t22",
      "begin" : 192,
      "end" : 201,
      "text" : "839572418",
      "whiteSpace" : false
    }, {
      "id" : "s1-t23",
      "begin" : 201,
      "end" : 202,
      "text" : ",",
      "whiteSpace" : false
    }, {
      "id" : "s1-t24",
      "begin" : 203,
      "end" : 206,
      "text" : "and",
      "whiteSpace" : false
    }, {
      "id" : "s1-t25",
      "begin" : 207,
      "end" : 216,
      "text" : "847830193",
      "whiteSpace" : false
    }, {
      "id" : "s1-t26",
      "begin" : 216,
      "end" : 217,
      "text" : ".",
      "whiteSpace" : false
    } ]
  }, {
    "id" : "s2",
    "begin" : 218,
    "end" : 274,
    "text" : "Please find these individuals and bring them to justice.",
    "tokens" : [ {
      "id" : "s2-t0",
      "begin" : 218,
      "end" : 224,
      "text" : "Please",
      "whiteSpace" : false
    }, {
      "id" : "s2-t1",
      "begin" : 225,
      "end" : 229,
      "text" : "find",
      "whiteSpace" : false
    }, {
      "id" : "s2-t2",
      "begin" : 230,
      "end" : 235,
      "text" : "these",
      "whiteSpace" : false
    }, {
      "id" : "s2-t3",
      "begin" : 236,
      "end" : 247,
      "text" : "individuals",
      "whiteSpace" : false
    }, {
      "id" : "s2-t4",
      "begin" : 248,
      "end" : 251,
      "text" : "and",
      "whiteSpace" : false
    }, {
      "id" : "s2-t5",
      "begin" : 252,
      "end" : 257,
      "text" : "bring",
      "whiteSpace" : false
    }, {
      "id" : "s2-t6",
      "begin" : 258,
      "end" : 262,
      "text" : "them",
      "whiteSpace" : false
    }, {
      "id" : "s2-t7",
      "begin" : 263,
      "end" : 265,
      "text" : "to",
      "whiteSpace" : false
    }, {
      "id" : "s2-t8",
      "begin" : 266,
      "end" : 273,
      "text" : "justice",
      "whiteSpace" : false
    }, {
      "id" : "s2-t9",
      "begin" : 273,
      "end" : 274,
      "text" : ".",
      "whiteSpace" : false
    } ]
  }, {
    "id" : "s3",
    "begin" : 275,
    "end" : 281,
    "text" : "Connie",
    "tokens" : [ {
      "id" : "s3-t0",
      "begin" : 275,
      "end" : 281,
      "text" : "Connie",
      "whiteSpace" : false
    } ]
  } ],
  "mentions" : [ {
    "id" : "s0-m1",
    "properties" : {
      "SIRE_MENTION_ROLE" : "Name",
      "SIRE_ENTITY_SUBTYPE" : "NONE",
      "SIRE_MENTION_TYPE" : "NONE",
      "SIRE_MENTION_CLASS" : "SPC"
    },
    "type" : "Name",
    "begin" : 6,
    "end" : 18,
    "inCoref" : false
  }, {
    "id" : "s1-m1",
    "properties" : {
      "SIRE_MENTION_ROLE" : "SSN",
      "SIRE_ENTITY_SUBTYPE" : "NONE",
      "SIRE_MENTION_TYPE" : "NONE",
      "SIRE_MENTION_CLASS" : "SPC"
    },
    "type" : "SSN",
    "begin" : 170,
    "end" : 179,
    "inCoref" : false
  }, {
    "id" : "s1-m2",
    "properties" : {
      "SIRE_MENTION_ROLE" : "SSN",
      "SIRE_ENTITY_SUBTYPE" : "NONE",
      "SIRE_MENTION_TYPE" : "NONE",
      "SIRE_MENTION_CLASS" : "SPC"
    },
    "type" : "SSN",
    "begin" : 181,
    "end" : 190,
    "inCoref" : false
  }, {
    "id" : "s1-m3",
    "properties" : {
      "SIRE_MENTION_ROLE" : "SSN",
      "SIRE_ENTITY_SUBTYPE" : "NONE",
      "SIRE_MENTION_TYPE" : "NONE",
      "SIRE_MENTION_CLASS" : "SPC"
    },
    "type" : "SSN",
    "begin" : 192,
    "end" : 201,
    "inCoref" : false
  }, {
    "id" : "s1-m4",
    "properties" : {
      "SIRE_MENTION_ROLE" : "SSN",
      "SIRE_ENTITY_SUBTYPE" : "NONE",
      "SIRE_MENTION_TYPE" : "NONE",
      "SIRE_MENTION_CLASS" : "SPC"
    },
    "type" : "SSN",
    "begin" : 207,
    "end" : 216,
    "inCoref" : false
  }, {
    "id" : "s3-m1",
    "properties" : {
      "SIRE_MENTION_ROLE" : "Name",
      "SIRE_ENTITY_SUBTYPE" : "NONE",
      "SIRE_MENTION_TYPE" : "NONE",
      "SIRE_MENTION_CLASS" : "SPC"
    },
    "type" : "Name",
    "begin" : 275,
    "end" : 281,
    "inCoref" : false
  } ],
  "relations" : [ ],
  "corefs" : [ ],
  "typeResolved" : true,
  "userResolved" : false
}