{
  "id" : "3887dcd0-f63f-11e7-9d71-b156e4f7b8e5-3",
  "name" : "email25.txt",
  "createdDate" : 0,
  "version" : 3,
  "text" : "Hey Billy,\n\tRemember you need to provide your information to your first day at work tomorrow. I know you always forget so I'm sending your SSN (839-82-3453) and your birthdate (07/22/03). Goodluck son!\nLove Mom",
  "docLength" : 0,
  "language" : "EN",
  "status" : "SUBMITTED",
  "modifiedDate" : 1515613854153,
  "documentSet" : [ ],
  "preannotation" : [ ],
  "sentences" : [ {
    "id" : "s0",
    "begin" : 0,
    "end" : 93,
    "text" : "Hey Billy,\n\tRemember you need to provide your information to your first day at work tomorrow.",
    "tokens" : [ {
      "id" : "s0-t0",
      "begin" : 0,
      "end" : 3,
      "text" : "Hey",
      "whiteSpace" : false
    }, {
      "id" : "s0-t1",
      "begin" : 4,
      "end" : 9,
      "text" : "Billy",
      "whiteSpace" : false
    }, {
      "id" : "s0-t2",
      "begin" : 9,
      "end" : 10,
      "text" : ",",
      "whiteSpace" : false
    }, {
      "id" : "s0-t3",
      "begin" : 12,
      "end" : 20,
      "text" : "Remember",
      "whiteSpace" : false
    }, {
      "id" : "s0-t4",
      "begin" : 21,
      "end" : 24,
      "text" : "you",
      "whiteSpace" : false
    }, {
      "id" : "s0-t5",
      "begin" : 25,
      "end" : 29,
      "text" : "need",
      "whiteSpace" : false
    }, {
      "id" : "s0-t6",
      "begin" : 30,
      "end" : 32,
      "text" : "to",
      "whiteSpace" : false
    }, {
      "id" : "s0-t7",
      "begin" : 33,
      "end" : 40,
      "text" : "provide",
      "whiteSpace" : false
    }, {
      "id" : "s0-t8",
      "begin" : 41,
      "end" : 45,
      "text" : "your",
      "whiteSpace" : false
    }, {
      "id" : "s0-t9",
      "begin" : 46,
      "end" : 57,
      "text" : "information",
      "whiteSpace" : false
    }, {
      "id" : "s0-t10",
      "begin" : 58,
      "end" : 60,
      "text" : "to",
      "whiteSpace" : false
    }, {
      "id" : "s0-t11",
      "begin" : 61,
      "end" : 65,
      "text" : "your",
      "whiteSpace" : false
    }, {
      "id" : "s0-t12",
      "begin" : 66,
      "end" : 71,
      "text" : "first",
      "whiteSpace" : false
    }, {
      "id" : "s0-t13",
      "begin" : 72,
      "end" : 75,
      "text" : "day",
      "whiteSpace" : false
    }, {
      "id" : "s0-t14",
      "begin" : 76,
      "end" : 78,
      "text" : "at",
      "whiteSpace" : false
    }, {
      "id" : "s0-t15",
      "begin" : 79,
      "end" : 83,
      "text" : "work",
      "whiteSpace" : false
    }, {
      "id" : "s0-t16",
      "begin" : 84,
      "end" : 92,
      "text" : "tomorrow",
      "whiteSpace" : false
    }, {
      "id" : "s0-t17",
      "begin" : 92,
      "end" : 93,
      "text" : ".",
      "whiteSpace" : false
    } ]
  }, {
    "id" : "s1",
    "begin" : 94,
    "end" : 187,
    "text" : "I know you always forget so I'm sending your SSN (839-82-3453) and your birthdate (07/22/03).",
    "tokens" : [ {
      "id" : "s1-t0",
      "begin" : 94,
      "end" : 95,
      "text" : "I",
      "whiteSpace" : false
    }, {
      "id" : "s1-t1",
      "begin" : 96,
      "end" : 100,
      "text" : "know",
      "whiteSpace" : false
    }, {
      "id" : "s1-t2",
      "begin" : 101,
      "end" : 104,
      "text" : "you",
      "whiteSpace" : false
    }, {
      "id" : "s1-t3",
      "begin" : 105,
      "end" : 111,
      "text" : "always",
      "whiteSpace" : false
    }, {
      "id" : "s1-t4",
      "begin" : 112,
      "end" : 118,
      "text" : "forget",
      "whiteSpace" : false
    }, {
      "id" : "s1-t5",
      "begin" : 119,
      "end" : 121,
      "text" : "so",
      "whiteSpace" : false
    }, {
      "id" : "s1-t6",
      "begin" : 122,
      "end" : 123,
      "text" : "I",
      "whiteSpace" : false
    }, {
      "id" : "s1-t7",
      "begin" : 123,
      "end" : 125,
      "text" : "'m",
      "whiteSpace" : false
    }, {
      "id" : "s1-t8",
      "begin" : 126,
      "end" : 133,
      "text" : "sending",
      "whiteSpace" : false
    }, {
      "id" : "s1-t9",
      "begin" : 134,
      "end" : 138,
      "text" : "your",
      "whiteSpace" : false
    }, {
      "id" : "s1-t10",
      "begin" : 139,
      "end" : 142,
      "text" : "SSN",
      "whiteSpace" : false
    }, {
      "id" : "s1-t11",
      "begin" : 143,
      "end" : 144,
      "text" : "(",
      "whiteSpace" : false
    }, {
      "id" : "s1-t12",
      "begin" : 144,
      "end" : 155,
      "text" : "839-82-3453",
      "whiteSpace" : false
    }, {
      "id" : "s1-t13",
      "begin" : 155,
      "end" : 156,
      "text" : ")",
      "whiteSpace" : false
    }, {
      "id" : "s1-t14",
      "begin" : 157,
      "end" : 160,
      "text" : "and",
      "whiteSpace" : false
    }, {
      "id" : "s1-t15",
      "begin" : 161,
      "end" : 165,
      "text" : "your",
      "whiteSpace" : false
    }, {
      "id" : "s1-t16",
      "begin" : 166,
      "end" : 175,
      "text" : "birthdate",
      "whiteSpace" : false
    }, {
      "id" : "s1-t17",
      "begin" : 176,
      "end" : 177,
      "text" : "(",
      "whiteSpace" : false
    }, {
      "id" : "s1-t18",
      "begin" : 177,
      "end" : 185,
      "text" : "07/22/03",
      "whiteSpace" : false
    }, {
      "id" : "s1-t19",
      "begin" : 185,
      "end" : 186,
      "text" : ")",
      "whiteSpace" : false
    }, {
      "id" : "s1-t20",
      "begin" : 186,
      "end" : 187,
      "text" : ".",
      "whiteSpace" : false
    } ]
  }, {
    "id" : "s2",
    "begin" : 188,
    "end" : 201,
    "text" : "Goodluck son!",
    "tokens" : [ {
      "id" : "s2-t0",
      "begin" : 188,
      "end" : 196,
      "text" : "Goodluck",
      "whiteSpace" : false
    }, {
      "id" : "s2-t1",
      "begin" : 197,
      "end" : 200,
      "text" : "son",
      "whiteSpace" : false
    }, {
      "id" : "s2-t2",
      "begin" : 200,
      "end" : 201,
      "text" : "!",
      "whiteSpace" : false
    } ]
  }, {
    "id" : "s3",
    "begin" : 202,
    "end" : 210,
    "text" : "Love Mom",
    "tokens" : [ {
      "id" : "s3-t0",
      "begin" : 202,
      "end" : 206,
      "text" : "Love",
      "whiteSpace" : false
    }, {
      "id" : "s3-t1",
      "begin" : 207,
      "end" : 210,
      "text" : "Mom",
      "whiteSpace" : false
    } ]
  } ],
  "mentions" : [ {
    "id" : "s0-m1",
    "properties" : {
      "SIRE_MENTION_ROLE" : "Name",
      "SIRE_ENTITY_SUBTYPE" : "NONE",
      "SIRE_MENTION_TYPE" : "NONE",
      "SIRE_MENTION_CLASS" : "SPC"
    },
    "type" : "Name",
    "begin" : 4,
    "end" : 9,
    "inCoref" : false
  }, {
    "id" : "s1-m1",
    "properties" : {
      "SIRE_MENTION_ROLE" : "SSN",
      "SIRE_ENTITY_SUBTYPE" : "NONE",
      "SIRE_MENTION_TYPE" : "NONE",
      "SIRE_MENTION_CLASS" : "SPC"
    },
    "type" : "SSN",
    "begin" : 144,
    "end" : 155,
    "inCoref" : false
  }, {
    "id" : "s1-m2",
    "properties" : {
      "SIRE_MENTION_ROLE" : "DOB",
      "SIRE_ENTITY_SUBTYPE" : "NONE",
      "SIRE_MENTION_TYPE" : "NONE",
      "SIRE_MENTION_CLASS" : "SPC"
    },
    "type" : "DOB",
    "begin" : 177,
    "end" : 185,
    "inCoref" : false
  } ],
  "relations" : [ ],
  "corefs" : [ ],
  "typeResolved" : true,
  "userResolved" : false
}