{
  "id" : "502fa7d0-f64b-11e7-bf50-59da7db46d70-0",
  "name" : "email28.txt",
  "createdDate" : 0,
  "version" : 3,
  "text" : "Howdy Woody,\n\tI hope you are doing well since we got split up from Andy a while back. I am actually hoping you can help me out. I am trying to get a license for a space ship but I need my Social Security number and DOB for that. But when I told them my SSN was 384-32-8379 and my DOB was 03-31-1991 they said it was incorrect. Since you know everything, do you know what my SSN and DOB are?\nThanks, Buzz Lightyear",
  "docLength" : 0,
  "language" : "EN",
  "status" : "SUBMITTED",
  "modifiedDate" : 1515619936540,
  "documentSet" : [ ],
  "preannotation" : [ ],
  "sentences" : [ {
    "id" : "s0",
    "begin" : 0,
    "end" : 85,
    "text" : "Howdy Woody,\n\tI hope you are doing well since we got split up from Andy a while back.",
    "tokens" : [ {
      "id" : "s0-t0",
      "begin" : 0,
      "end" : 5,
      "text" : "Howdy",
      "whiteSpace" : false
    }, {
      "id" : "s0-t1",
      "begin" : 6,
      "end" : 11,
      "text" : "Woody",
      "whiteSpace" : false
    }, {
      "id" : "s0-t2",
      "begin" : 11,
      "end" : 12,
      "text" : ",",
      "whiteSpace" : false
    }, {
      "id" : "s0-t3",
      "begin" : 14,
      "end" : 15,
      "text" : "I",
      "whiteSpace" : false
    }, {
      "id" : "s0-t4",
      "begin" : 16,
      "end" : 20,
      "text" : "hope",
      "whiteSpace" : false
    }, {
      "id" : "s0-t5",
      "begin" : 21,
      "end" : 24,
      "text" : "you",
      "whiteSpace" : false
    }, {
      "id" : "s0-t6",
      "begin" : 25,
      "end" : 28,
      "text" : "are",
      "whiteSpace" : false
    }, {
      "id" : "s0-t7",
      "begin" : 29,
      "end" : 34,
      "text" : "doing",
      "whiteSpace" : false
    }, {
      "id" : "s0-t8",
      "begin" : 35,
      "end" : 39,
      "text" : "well",
      "whiteSpace" : false
    }, {
      "id" : "s0-t9",
      "begin" : 40,
      "end" : 45,
      "text" : "since",
      "whiteSpace" : false
    }, {
      "id" : "s0-t10",
      "begin" : 46,
      "end" : 48,
      "text" : "we",
      "whiteSpace" : false
    }, {
      "id" : "s0-t11",
      "begin" : 49,
      "end" : 52,
      "text" : "got",
      "whiteSpace" : false
    }, {
      "id" : "s0-t12",
      "begin" : 53,
      "end" : 58,
      "text" : "split",
      "whiteSpace" : false
    }, {
      "id" : "s0-t13",
      "begin" : 59,
      "end" : 61,
      "text" : "up",
      "whiteSpace" : false
    }, {
      "id" : "s0-t14",
      "begin" : 62,
      "end" : 66,
      "text" : "from",
      "whiteSpace" : false
    }, {
      "id" : "s0-t15",
      "begin" : 67,
      "end" : 71,
      "text" : "Andy",
      "whiteSpace" : false
    }, {
      "id" : "s0-t16",
      "begin" : 72,
      "end" : 73,
      "text" : "a",
      "whiteSpace" : false
    }, {
      "id" : "s0-t17",
      "begin" : 74,
      "end" : 79,
      "text" : "while",
      "whiteSpace" : false
    }, {
      "id" : "s0-t18",
      "begin" : 80,
      "end" : 84,
      "text" : "back",
      "whiteSpace" : false
    }, {
      "id" : "s0-t19",
      "begin" : 84,
      "end" : 85,
      "text" : ".",
      "whiteSpace" : false
    } ]
  }, {
    "id" : "s1",
    "begin" : 86,
    "end" : 127,
    "text" : "I am actually hoping you can help me out.",
    "tokens" : [ {
      "id" : "s1-t0",
      "begin" : 86,
      "end" : 87,
      "text" : "I",
      "whiteSpace" : false
    }, {
      "id" : "s1-t1",
      "begin" : 88,
      "end" : 90,
      "text" : "am",
      "whiteSpace" : false
    }, {
      "id" : "s1-t2",
      "begin" : 91,
      "end" : 99,
      "text" : "actually",
      "whiteSpace" : false
    }, {
      "id" : "s1-t3",
      "begin" : 100,
      "end" : 106,
      "text" : "hoping",
      "whiteSpace" : false
    }, {
      "id" : "s1-t4",
      "begin" : 107,
      "end" : 110,
      "text" : "you",
      "whiteSpace" : false
    }, {
      "id" : "s1-t5",
      "begin" : 111,
      "end" : 114,
      "text" : "can",
      "whiteSpace" : false
    }, {
      "id" : "s1-t6",
      "begin" : 115,
      "end" : 119,
      "text" : "help",
      "whiteSpace" : false
    }, {
      "id" : "s1-t7",
      "begin" : 120,
      "end" : 122,
      "text" : "me",
      "whiteSpace" : false
    }, {
      "id" : "s1-t8",
      "begin" : 123,
      "end" : 126,
      "text" : "out",
      "whiteSpace" : false
    }, {
      "id" : "s1-t9",
      "begin" : 126,
      "end" : 127,
      "text" : ".",
      "whiteSpace" : false
    } ]
  }, {
    "id" : "s2",
    "begin" : 128,
    "end" : 228,
    "text" : "I am trying to get a license for a space ship but I need my Social Security number and DOB for that.",
    "tokens" : [ {
      "id" : "s2-t0",
      "begin" : 128,
      "end" : 129,
      "text" : "I",
      "whiteSpace" : false
    }, {
      "id" : "s2-t1",
      "begin" : 130,
      "end" : 132,
      "text" : "am",
      "whiteSpace" : false
    }, {
      "id" : "s2-t2",
      "begin" : 133,
      "end" : 139,
      "text" : "trying",
      "whiteSpace" : false
    }, {
      "id" : "s2-t3",
      "begin" : 140,
      "end" : 142,
      "text" : "to",
      "whiteSpace" : false
    }, {
      "id" : "s2-t4",
      "begin" : 143,
      "end" : 146,
      "text" : "get",
      "whiteSpace" : false
    }, {
      "id" : "s2-t5",
      "begin" : 147,
      "end" : 148,
      "text" : "a",
      "whiteSpace" : false
    }, {
      "id" : "s2-t6",
      "begin" : 149,
      "end" : 156,
      "text" : "license",
      "whiteSpace" : false
    }, {
      "id" : "s2-t7",
      "begin" : 157,
      "end" : 160,
      "text" : "for",
      "whiteSpace" : false
    }, {
      "id" : "s2-t8",
      "begin" : 161,
      "end" : 162,
      "text" : "a",
      "whiteSpace" : false
    }, {
      "id" : "s2-t9",
      "begin" : 163,
      "end" : 168,
      "text" : "space",
      "whiteSpace" : false
    }, {
      "id" : "s2-t10",
      "begin" : 169,
      "end" : 173,
      "text" : "ship",
      "whiteSpace" : false
    }, {
      "id" : "s2-t11",
      "begin" : 174,
      "end" : 177,
      "text" : "but",
      "whiteSpace" : false
    }, {
      "id" : "s2-t12",
      "begin" : 178,
      "end" : 179,
      "text" : "I",
      "whiteSpace" : false
    }, {
      "id" : "s2-t13",
      "begin" : 180,
      "end" : 184,
      "text" : "need",
      "whiteSpace" : false
    }, {
      "id" : "s2-t14",
      "begin" : 185,
      "end" : 187,
      "text" : "my",
      "whiteSpace" : false
    }, {
      "id" : "s2-t15",
      "begin" : 188,
      "end" : 194,
      "text" : "Social",
      "whiteSpace" : false
    }, {
      "id" : "s2-t16",
      "begin" : 195,
      "end" : 203,
      "text" : "Security",
      "whiteSpace" : false
    }, {
      "id" : "s2-t17",
      "begin" : 204,
      "end" : 210,
      "text" : "number",
      "whiteSpace" : false
    }, {
      "id" : "s2-t18",
      "begin" : 211,
      "end" : 214,
      "text" : "and",
      "whiteSpace" : false
    }, {
      "id" : "s2-t19",
      "begin" : 215,
      "end" : 218,
      "text" : "DOB",
      "whiteSpace" : false
    }, {
      "id" : "s2-t20",
      "begin" : 219,
      "end" : 222,
      "text" : "for",
      "whiteSpace" : false
    }, {
      "id" : "s2-t21",
      "begin" : 223,
      "end" : 227,
      "text" : "that",
      "whiteSpace" : false
    }, {
      "id" : "s2-t22",
      "begin" : 227,
      "end" : 228,
      "text" : ".",
      "whiteSpace" : false
    } ]
  }, {
    "id" : "s3",
    "begin" : 229,
    "end" : 326,
    "text" : "But when I told them my SSN was 384-32-8379 and my DOB was 03-31-1991 they said it was incorrect.",
    "tokens" : [ {
      "id" : "s3-t0",
      "begin" : 229,
      "end" : 232,
      "text" : "But",
      "whiteSpace" : false
    }, {
      "id" : "s3-t1",
      "begin" : 233,
      "end" : 237,
      "text" : "when",
      "whiteSpace" : false
    }, {
      "id" : "s3-t2",
      "begin" : 238,
      "end" : 239,
      "text" : "I",
      "whiteSpace" : false
    }, {
      "id" : "s3-t3",
      "begin" : 240,
      "end" : 244,
      "text" : "told",
      "whiteSpace" : false
    }, {
      "id" : "s3-t4",
      "begin" : 245,
      "end" : 249,
      "text" : "them",
      "whiteSpace" : false
    }, {
      "id" : "s3-t5",
      "begin" : 250,
      "end" : 252,
      "text" : "my",
      "whiteSpace" : false
    }, {
      "id" : "s3-t6",
      "begin" : 253,
      "end" : 256,
      "text" : "SSN",
      "whiteSpace" : false
    }, {
      "id" : "s3-t7",
      "begin" : 257,
      "end" : 260,
      "text" : "was",
      "whiteSpace" : false
    }, {
      "id" : "s3-t8",
      "begin" : 261,
      "end" : 272,
      "text" : "384-32-8379",
      "whiteSpace" : false
    }, {
      "id" : "s3-t9",
      "begin" : 273,
      "end" : 276,
      "text" : "and",
      "whiteSpace" : false
    }, {
      "id" : "s3-t10",
      "begin" : 277,
      "end" : 279,
      "text" : "my",
      "whiteSpace" : false
    }, {
      "id" : "s3-t11",
      "begin" : 280,
      "end" : 283,
      "text" : "DOB",
      "whiteSpace" : false
    }, {
      "id" : "s3-t12",
      "begin" : 284,
      "end" : 287,
      "text" : "was",
      "whiteSpace" : false
    }, {
      "id" : "s3-t13",
      "begin" : 288,
      "end" : 298,
      "text" : "03-31-1991",
      "whiteSpace" : false
    }, {
      "id" : "s3-t14",
      "begin" : 299,
      "end" : 303,
      "text" : "they",
      "whiteSpace" : false
    }, {
      "id" : "s3-t15",
      "begin" : 304,
      "end" : 308,
      "text" : "said",
      "whiteSpace" : false
    }, {
      "id" : "s3-t16",
      "begin" : 309,
      "end" : 311,
      "text" : "it",
      "whiteSpace" : false
    }, {
      "id" : "s3-t17",
      "begin" : 312,
      "end" : 315,
      "text" : "was",
      "whiteSpace" : false
    }, {
      "id" : "s3-t18",
      "begin" : 316,
      "end" : 325,
      "text" : "incorrect",
      "whiteSpace" : false
    }, {
      "id" : "s3-t19",
      "begin" : 325,
      "end" : 326,
      "text" : ".",
      "whiteSpace" : false
    } ]
  }, {
    "id" : "s4",
    "begin" : 327,
    "end" : 390,
    "text" : "Since you know everything, do you know what my SSN and DOB are?",
    "tokens" : [ {
      "id" : "s4-t0",
      "begin" : 327,
      "end" : 332,
      "text" : "Since",
      "whiteSpace" : false
    }, {
      "id" : "s4-t1",
      "begin" : 333,
      "end" : 336,
      "text" : "you",
      "whiteSpace" : false
    }, {
      "id" : "s4-t2",
      "begin" : 337,
      "end" : 341,
      "text" : "know",
      "whiteSpace" : false
    }, {
      "id" : "s4-t3",
      "begin" : 342,
      "end" : 352,
      "text" : "everything",
      "whiteSpace" : false
    }, {
      "id" : "s4-t4",
      "begin" : 352,
      "end" : 353,
      "text" : ",",
      "whiteSpace" : false
    }, {
      "id" : "s4-t5",
      "begin" : 354,
      "end" : 356,
      "text" : "do",
      "whiteSpace" : false
    }, {
      "id" : "s4-t6",
      "begin" : 357,
      "end" : 360,
      "text" : "you",
      "whiteSpace" : false
    }, {
      "id" : "s4-t7",
      "begin" : 361,
      "end" : 365,
      "text" : "know",
      "whiteSpace" : false
    }, {
      "id" : "s4-t8",
      "begin" : 366,
      "end" : 370,
      "text" : "what",
      "whiteSpace" : false
    }, {
      "id" : "s4-t9",
      "begin" : 371,
      "end" : 373,
      "text" : "my",
      "whiteSpace" : false
    }, {
      "id" : "s4-t10",
      "begin" : 374,
      "end" : 377,
      "text" : "SSN",
      "whiteSpace" : false
    }, {
      "id" : "s4-t11",
      "begin" : 378,
      "end" : 381,
      "text" : "and",
      "whiteSpace" : false
    }, {
      "id" : "s4-t12",
      "begin" : 382,
      "end" : 385,
      "text" : "DOB",
      "whiteSpace" : false
    }, {
      "id" : "s4-t13",
      "begin" : 386,
      "end" : 389,
      "text" : "are",
      "whiteSpace" : false
    }, {
      "id" : "s4-t14",
      "begin" : 389,
      "end" : 390,
      "text" : "?",
      "whiteSpace" : false
    } ]
  }, {
    "id" : "s5",
    "begin" : 391,
    "end" : 413,
    "text" : "Thanks, Buzz Lightyear",
    "tokens" : [ {
      "id" : "s5-t0",
      "begin" : 391,
      "end" : 397,
      "text" : "Thanks",
      "whiteSpace" : false
    }, {
      "id" : "s5-t1",
      "begin" : 397,
      "end" : 398,
      "text" : ",",
      "whiteSpace" : false
    }, {
      "id" : "s5-t2",
      "begin" : 399,
      "end" : 403,
      "text" : "Buzz",
      "whiteSpace" : false
    }, {
      "id" : "s5-t3",
      "begin" : 404,
      "end" : 413,
      "text" : "Lightyear",
      "whiteSpace" : false
    } ]
  } ],
  "mentions" : [ {
    "id" : "s0-m1",
    "properties" : {
      "SIRE_MENTION_ROLE" : "Name",
      "SIRE_ENTITY_SUBTYPE" : "NONE",
      "SIRE_MENTION_TYPE" : "NONE",
      "SIRE_MENTION_CLASS" : "SPC"
    },
    "type" : "Name",
    "begin" : 6,
    "end" : 11,
    "inCoref" : false
  }, {
    "id" : "s0-m2",
    "properties" : {
      "SIRE_MENTION_ROLE" : "Name",
      "SIRE_ENTITY_SUBTYPE" : "NONE",
      "SIRE_MENTION_TYPE" : "NONE",
      "SIRE_MENTION_CLASS" : "SPC"
    },
    "type" : "Name",
    "begin" : 67,
    "end" : 71,
    "inCoref" : false
  }, {
    "id" : "s3-m1",
    "properties" : {
      "SIRE_MENTION_ROLE" : "SSN",
      "SIRE_ENTITY_SUBTYPE" : "NONE",
      "SIRE_MENTION_TYPE" : "NONE",
      "SIRE_MENTION_CLASS" : "SPC"
    },
    "type" : "SSN",
    "begin" : 261,
    "end" : 272,
    "inCoref" : false
  }, {
    "id" : "s3-m2",
    "properties" : {
      "SIRE_MENTION_ROLE" : "DOB",
      "SIRE_ENTITY_SUBTYPE" : "NONE",
      "SIRE_MENTION_TYPE" : "NONE",
      "SIRE_MENTION_CLASS" : "SPC"
    },
    "type" : "DOB",
    "begin" : 288,
    "end" : 298,
    "inCoref" : false
  }, {
    "id" : "s5-m1",
    "properties" : {
      "SIRE_MENTION_ROLE" : "Name",
      "SIRE_ENTITY_SUBTYPE" : "NONE",
      "SIRE_MENTION_TYPE" : "NONE",
      "SIRE_MENTION_CLASS" : "SPC"
    },
    "type" : "Name",
    "begin" : 399,
    "end" : 413,
    "inCoref" : false
  } ],
  "relations" : [ ],
  "corefs" : [ ],
  "typeResolved" : true,
  "userResolved" : false
}