{
  "id" : "502fa7d0-f64b-11e7-bf50-59da7db46d70-2",
  "name" : "email30.txt",
  "createdDate" : 0,
  "version" : 3,
  "text" : "Hello Sir/Madam,\n\tWe are the IRS and you have failed to pay your taxes this year. We are emailing to let you know that your audit has started. We need you to confirm your SSN and DOB. We have these listed as 830-75-4742 and 04/08/97 respectively. Please respond with a confirmation and a cashiers check of $1000 and give us a call at (183) 838-8392.\nIRS",
  "docLength" : 0,
  "language" : "EN",
  "status" : "SUBMITTED",
  "modifiedDate" : 1515619973816,
  "documentSet" : [ ],
  "preannotation" : [ ],
  "sentences" : [ {
    "id" : "s0",
    "begin" : 0,
    "end" : 81,
    "text" : "Hello Sir/Madam,\n\tWe are the IRS and you have failed to pay your taxes this year.",
    "tokens" : [ {
      "id" : "s0-t0",
      "begin" : 0,
      "end" : 5,
      "text" : "Hello",
      "whiteSpace" : false
    }, {
      "id" : "s0-t1",
      "begin" : 6,
      "end" : 9,
      "text" : "Sir",
      "whiteSpace" : false
    }, {
      "id" : "s0-t2",
      "begin" : 9,
      "end" : 10,
      "text" : "/",
      "whiteSpace" : false
    }, {
      "id" : "s0-t3",
      "begin" : 10,
      "end" : 15,
      "text" : "Madam",
      "whiteSpace" : false
    }, {
      "id" : "s0-t4",
      "begin" : 15,
      "end" : 16,
      "text" : ",",
      "whiteSpace" : false
    }, {
      "id" : "s0-t5",
      "begin" : 18,
      "end" : 20,
      "text" : "We",
      "whiteSpace" : false
    }, {
      "id" : "s0-t6",
      "begin" : 21,
      "end" : 24,
      "text" : "are",
      "whiteSpace" : false
    }, {
      "id" : "s0-t7",
      "begin" : 25,
      "end" : 28,
      "text" : "the",
      "whiteSpace" : false
    }, {
      "id" : "s0-t8",
      "begin" : 29,
      "end" : 32,
      "text" : "IRS",
      "whiteSpace" : false
    }, {
      "id" : "s0-t9",
      "begin" : 33,
      "end" : 36,
      "text" : "and",
      "whiteSpace" : false
    }, {
      "id" : "s0-t10",
      "begin" : 37,
      "end" : 40,
      "text" : "you",
      "whiteSpace" : false
    }, {
      "id" : "s0-t11",
      "begin" : 41,
      "end" : 45,
      "text" : "have",
      "whiteSpace" : false
    }, {
      "id" : "s0-t12",
      "begin" : 46,
      "end" : 52,
      "text" : "failed",
      "whiteSpace" : false
    }, {
      "id" : "s0-t13",
      "begin" : 53,
      "end" : 55,
      "text" : "to",
      "whiteSpace" : false
    }, {
      "id" : "s0-t14",
      "begin" : 56,
      "end" : 59,
      "text" : "pay",
      "whiteSpace" : false
    }, {
      "id" : "s0-t15",
      "begin" : 60,
      "end" : 64,
      "text" : "your",
      "whiteSpace" : false
    }, {
      "id" : "s0-t16",
      "begin" : 65,
      "end" : 70,
      "text" : "taxes",
      "whiteSpace" : false
    }, {
      "id" : "s0-t17",
      "begin" : 71,
      "end" : 75,
      "text" : "this",
      "whiteSpace" : false
    }, {
      "id" : "s0-t18",
      "begin" : 76,
      "end" : 80,
      "text" : "year",
      "whiteSpace" : false
    }, {
      "id" : "s0-t19",
      "begin" : 80,
      "end" : 81,
      "text" : ".",
      "whiteSpace" : false
    } ]
  }, {
    "id" : "s1",
    "begin" : 82,
    "end" : 142,
    "text" : "We are emailing to let you know that your audit has started.",
    "tokens" : [ {
      "id" : "s1-t0",
      "begin" : 82,
      "end" : 84,
      "text" : "We",
      "whiteSpace" : false
    }, {
      "id" : "s1-t1",
      "begin" : 85,
      "end" : 88,
      "text" : "are",
      "whiteSpace" : false
    }, {
      "id" : "s1-t2",
      "begin" : 89,
      "end" : 97,
      "text" : "emailing",
      "whiteSpace" : false
    }, {
      "id" : "s1-t3",
      "begin" : 98,
      "end" : 100,
      "text" : "to",
      "whiteSpace" : false
    }, {
      "id" : "s1-t4",
      "begin" : 101,
      "end" : 104,
      "text" : "let",
      "whiteSpace" : false
    }, {
      "id" : "s1-t5",
      "begin" : 105,
      "end" : 108,
      "text" : "you",
      "whiteSpace" : false
    }, {
      "id" : "s1-t6",
      "begin" : 109,
      "end" : 113,
      "text" : "know",
      "whiteSpace" : false
    }, {
      "id" : "s1-t7",
      "begin" : 114,
      "end" : 118,
      "text" : "that",
      "whiteSpace" : false
    }, {
      "id" : "s1-t8",
      "begin" : 119,
      "end" : 123,
      "text" : "your",
      "whiteSpace" : false
    }, {
      "id" : "s1-t9",
      "begin" : 124,
      "end" : 129,
      "text" : "audit",
      "whiteSpace" : false
    }, {
      "id" : "s1-t10",
      "begin" : 130,
      "end" : 133,
      "text" : "has",
      "whiteSpace" : false
    }, {
      "id" : "s1-t11",
      "begin" : 134,
      "end" : 141,
      "text" : "started",
      "whiteSpace" : false
    }, {
      "id" : "s1-t12",
      "begin" : 141,
      "end" : 142,
      "text" : ".",
      "whiteSpace" : false
    } ]
  }, {
    "id" : "s2",
    "begin" : 143,
    "end" : 183,
    "text" : "We need you to confirm your SSN and DOB.",
    "tokens" : [ {
      "id" : "s2-t0",
      "begin" : 143,
      "end" : 145,
      "text" : "We",
      "whiteSpace" : false
    }, {
      "id" : "s2-t1",
      "begin" : 146,
      "end" : 150,
      "text" : "need",
      "whiteSpace" : false
    }, {
      "id" : "s2-t2",
      "begin" : 151,
      "end" : 154,
      "text" : "you",
      "whiteSpace" : false
    }, {
      "id" : "s2-t3",
      "begin" : 155,
      "end" : 157,
      "text" : "to",
      "whiteSpace" : false
    }, {
      "id" : "s2-t4",
      "begin" : 158,
      "end" : 165,
      "text" : "confirm",
      "whiteSpace" : false
    }, {
      "id" : "s2-t5",
      "begin" : 166,
      "end" : 170,
      "text" : "your",
      "whiteSpace" : false
    }, {
      "id" : "s2-t6",
      "begin" : 171,
      "end" : 174,
      "text" : "SSN",
      "whiteSpace" : false
    }, {
      "id" : "s2-t7",
      "begin" : 175,
      "end" : 178,
      "text" : "and",
      "whiteSpace" : false
    }, {
      "id" : "s2-t8",
      "begin" : 179,
      "end" : 182,
      "text" : "DOB",
      "whiteSpace" : false
    }, {
      "id" : "s2-t9",
      "begin" : 182,
      "end" : 183,
      "text" : ".",
      "whiteSpace" : false
    } ]
  }, {
    "id" : "s3",
    "begin" : 184,
    "end" : 246,
    "text" : "We have these listed as 830-75-4742 and 04/08/97 respectively.",
    "tokens" : [ {
      "id" : "s3-t0",
      "begin" : 184,
      "end" : 186,
      "text" : "We",
      "whiteSpace" : false
    }, {
      "id" : "s3-t1",
      "begin" : 187,
      "end" : 191,
      "text" : "have",
      "whiteSpace" : false
    }, {
      "id" : "s3-t2",
      "begin" : 192,
      "end" : 197,
      "text" : "these",
      "whiteSpace" : false
    }, {
      "id" : "s3-t3",
      "begin" : 198,
      "end" : 204,
      "text" : "listed",
      "whiteSpace" : false
    }, {
      "id" : "s3-t4",
      "begin" : 205,
      "end" : 207,
      "text" : "as",
      "whiteSpace" : false
    }, {
      "id" : "s3-t5",
      "begin" : 208,
      "end" : 219,
      "text" : "830-75-4742",
      "whiteSpace" : false
    }, {
      "id" : "s3-t6",
      "begin" : 220,
      "end" : 223,
      "text" : "and",
      "whiteSpace" : false
    }, {
      "id" : "s3-t7",
      "begin" : 224,
      "end" : 232,
      "text" : "04/08/97",
      "whiteSpace" : false
    }, {
      "id" : "s3-t8",
      "begin" : 233,
      "end" : 245,
      "text" : "respectively",
      "whiteSpace" : false
    }, {
      "id" : "s3-t9",
      "begin" : 245,
      "end" : 246,
      "text" : ".",
      "whiteSpace" : false
    } ]
  }, {
    "id" : "s4",
    "begin" : 247,
    "end" : 349,
    "text" : "Please respond with a confirmation and a cashiers check of $1000 and give us a call at (183) 838-8392.",
    "tokens" : [ {
      "id" : "s4-t0",
      "begin" : 247,
      "end" : 253,
      "text" : "Please",
      "whiteSpace" : false
    }, {
      "id" : "s4-t1",
      "begin" : 254,
      "end" : 261,
      "text" : "respond",
      "whiteSpace" : false
    }, {
      "id" : "s4-t2",
      "begin" : 262,
      "end" : 266,
      "text" : "with",
      "whiteSpace" : false
    }, {
      "id" : "s4-t3",
      "begin" : 267,
      "end" : 268,
      "text" : "a",
      "whiteSpace" : false
    }, {
      "id" : "s4-t4",
      "begin" : 269,
      "end" : 281,
      "text" : "confirmation",
      "whiteSpace" : false
    }, {
      "id" : "s4-t5",
      "begin" : 282,
      "end" : 285,
      "text" : "and",
      "whiteSpace" : false
    }, {
      "id" : "s4-t6",
      "begin" : 286,
      "end" : 287,
      "text" : "a",
      "whiteSpace" : false
    }, {
      "id" : "s4-t7",
      "begin" : 288,
      "end" : 296,
      "text" : "cashiers",
      "whiteSpace" : false
    }, {
      "id" : "s4-t8",
      "begin" : 297,
      "end" : 302,
      "text" : "check",
      "whiteSpace" : false
    }, {
      "id" : "s4-t9",
      "begin" : 303,
      "end" : 305,
      "text" : "of",
      "whiteSpace" : false
    }, {
      "id" : "s4-t10",
      "begin" : 306,
      "end" : 307,
      "text" : "$",
      "whiteSpace" : false
    }, {
      "id" : "s4-t11",
      "begin" : 307,
      "end" : 311,
      "text" : "1000",
      "whiteSpace" : false
    }, {
      "id" : "s4-t12",
      "begin" : 312,
      "end" : 315,
      "text" : "and",
      "whiteSpace" : false
    }, {
      "id" : "s4-t13",
      "begin" : 316,
      "end" : 320,
      "text" : "give",
      "whiteSpace" : false
    }, {
      "id" : "s4-t14",
      "begin" : 321,
      "end" : 323,
      "text" : "us",
      "whiteSpace" : false
    }, {
      "id" : "s4-t15",
      "begin" : 324,
      "end" : 325,
      "text" : "a",
      "whiteSpace" : false
    }, {
      "id" : "s4-t16",
      "begin" : 326,
      "end" : 330,
      "text" : "call",
      "whiteSpace" : false
    }, {
      "id" : "s4-t17",
      "begin" : 331,
      "end" : 333,
      "text" : "at",
      "whiteSpace" : false
    }, {
      "id" : "s4-t18",
      "begin" : 334,
      "end" : 335,
      "text" : "(",
      "whiteSpace" : false
    }, {
      "id" : "s4-t19",
      "begin" : 335,
      "end" : 338,
      "text" : "183",
      "whiteSpace" : false
    }, {
      "id" : "s4-t20",
      "begin" : 338,
      "end" : 339,
      "text" : ")",
      "whiteSpace" : false
    }, {
      "id" : "s4-t21",
      "begin" : 340,
      "end" : 348,
      "text" : "838-8392",
      "whiteSpace" : false
    }, {
      "id" : "s4-t22",
      "begin" : 348,
      "end" : 349,
      "text" : ".",
      "whiteSpace" : false
    } ]
  }, {
    "id" : "s5",
    "begin" : 350,
    "end" : 353,
    "text" : "IRS",
    "tokens" : [ {
      "id" : "s5-t0",
      "begin" : 350,
      "end" : 353,
      "text" : "IRS",
      "whiteSpace" : false
    } ]
  } ],
  "mentions" : [ {
    "id" : "s3-m1",
    "properties" : {
      "SIRE_MENTION_ROLE" : "SSN",
      "SIRE_ENTITY_SUBTYPE" : "NONE",
      "SIRE_MENTION_TYPE" : "NONE",
      "SIRE_MENTION_CLASS" : "SPC"
    },
    "type" : "SSN",
    "begin" : 208,
    "end" : 219,
    "inCoref" : false
  }, {
    "id" : "s3-m2",
    "properties" : {
      "SIRE_MENTION_ROLE" : "DOB",
      "SIRE_ENTITY_SUBTYPE" : "NONE",
      "SIRE_MENTION_TYPE" : "NONE",
      "SIRE_MENTION_CLASS" : "SPC"
    },
    "type" : "DOB",
    "begin" : 224,
    "end" : 232,
    "inCoref" : false
  } ],
  "relations" : [ ],
  "corefs" : [ ],
  "typeResolved" : true,
  "userResolved" : false
}