{
  "id" : "502fa7d0-f64b-11e7-bf50-59da7db46d70-1",
  "name" : "email29.txt",
  "createdDate" : 0,
  "version" : 3,
  "text" : "Hi Kyle,\n\tI was wondering if you received my fishing license by accident. I applied last week and my receipt number is 8302837432. The box will also show my SSN as 573-03-8592 and my date of birth as 05-09-91. Thanks for looking out for me and let me know if the box shows up.\nFrom, Grizz",
  "docLength" : 0,
  "language" : "EN",
  "status" : "SUBMITTED",
  "modifiedDate" : 1515619955454,
  "documentSet" : [ ],
  "preannotation" : [ ],
  "sentences" : [ {
    "id" : "s0",
    "begin" : 0,
    "end" : 73,
    "text" : "Hi Kyle,\n\tI was wondering if you received my fishing license by accident.",
    "tokens" : [ {
      "id" : "s0-t0",
      "begin" : 0,
      "end" : 2,
      "text" : "Hi",
      "whiteSpace" : false
    }, {
      "id" : "s0-t1",
      "begin" : 3,
      "end" : 7,
      "text" : "Kyle",
      "whiteSpace" : false
    }, {
      "id" : "s0-t2",
      "begin" : 7,
      "end" : 8,
      "text" : ",",
      "whiteSpace" : false
    }, {
      "id" : "s0-t3",
      "begin" : 10,
      "end" : 11,
      "text" : "I",
      "whiteSpace" : false
    }, {
      "id" : "s0-t4",
      "begin" : 12,
      "end" : 15,
      "text" : "was",
      "whiteSpace" : false
    }, {
      "id" : "s0-t5",
      "begin" : 16,
      "end" : 25,
      "text" : "wondering",
      "whiteSpace" : false
    }, {
      "id" : "s0-t6",
      "begin" : 26,
      "end" : 28,
      "text" : "if",
      "whiteSpace" : false
    }, {
      "id" : "s0-t7",
      "begin" : 29,
      "end" : 32,
      "text" : "you",
      "whiteSpace" : false
    }, {
      "id" : "s0-t8",
      "begin" : 33,
      "end" : 41,
      "text" : "received",
      "whiteSpace" : false
    }, {
      "id" : "s0-t9",
      "begin" : 42,
      "end" : 44,
      "text" : "my",
      "whiteSpace" : false
    }, {
      "id" : "s0-t10",
      "begin" : 45,
      "end" : 52,
      "text" : "fishing",
      "whiteSpace" : false
    }, {
      "id" : "s0-t11",
      "begin" : 53,
      "end" : 60,
      "text" : "license",
      "whiteSpace" : false
    }, {
      "id" : "s0-t12",
      "begin" : 61,
      "end" : 63,
      "text" : "by",
      "whiteSpace" : false
    }, {
      "id" : "s0-t13",
      "begin" : 64,
      "end" : 72,
      "text" : "accident",
      "whiteSpace" : false
    }, {
      "id" : "s0-t14",
      "begin" : 72,
      "end" : 73,
      "text" : ".",
      "whiteSpace" : false
    } ]
  }, {
    "id" : "s1",
    "begin" : 74,
    "end" : 130,
    "text" : "I applied last week and my receipt number is 8302837432.",
    "tokens" : [ {
      "id" : "s1-t0",
      "begin" : 74,
      "end" : 75,
      "text" : "I",
      "whiteSpace" : false
    }, {
      "id" : "s1-t1",
      "begin" : 76,
      "end" : 83,
      "text" : "applied",
      "whiteSpace" : false
    }, {
      "id" : "s1-t2",
      "begin" : 84,
      "end" : 88,
      "text" : "last",
      "whiteSpace" : false
    }, {
      "id" : "s1-t3",
      "begin" : 89,
      "end" : 93,
      "text" : "week",
      "whiteSpace" : false
    }, {
      "id" : "s1-t4",
      "begin" : 94,
      "end" : 97,
      "text" : "and",
      "whiteSpace" : false
    }, {
      "id" : "s1-t5",
      "begin" : 98,
      "end" : 100,
      "text" : "my",
      "whiteSpace" : false
    }, {
      "id" : "s1-t6",
      "begin" : 101,
      "end" : 108,
      "text" : "receipt",
      "whiteSpace" : false
    }, {
      "id" : "s1-t7",
      "begin" : 109,
      "end" : 115,
      "text" : "number",
      "whiteSpace" : false
    }, {
      "id" : "s1-t8",
      "begin" : 116,
      "end" : 118,
      "text" : "is",
      "whiteSpace" : false
    }, {
      "id" : "s1-t9",
      "begin" : 119,
      "end" : 129,
      "text" : "8302837432",
      "whiteSpace" : false
    }, {
      "id" : "s1-t10",
      "begin" : 129,
      "end" : 130,
      "text" : ".",
      "whiteSpace" : false
    } ]
  }, {
    "id" : "s2",
    "begin" : 131,
    "end" : 209,
    "text" : "The box will also show my SSN as 573-03-8592 and my date of birth as 05-09-91.",
    "tokens" : [ {
      "id" : "s2-t0",
      "begin" : 131,
      "end" : 134,
      "text" : "The",
      "whiteSpace" : false
    }, {
      "id" : "s2-t1",
      "begin" : 135,
      "end" : 138,
      "text" : "box",
      "whiteSpace" : false
    }, {
      "id" : "s2-t2",
      "begin" : 139,
      "end" : 143,
      "text" : "will",
      "whiteSpace" : false
    }, {
      "id" : "s2-t3",
      "begin" : 144,
      "end" : 148,
      "text" : "also",
      "whiteSpace" : false
    }, {
      "id" : "s2-t4",
      "begin" : 149,
      "end" : 153,
      "text" : "show",
      "whiteSpace" : false
    }, {
      "id" : "s2-t5",
      "begin" : 154,
      "end" : 156,
      "text" : "my",
      "whiteSpace" : false
    }, {
      "id" : "s2-t6",
      "begin" : 157,
      "end" : 160,
      "text" : "SSN",
      "whiteSpace" : false
    }, {
      "id" : "s2-t7",
      "begin" : 161,
      "end" : 163,
      "text" : "as",
      "whiteSpace" : false
    }, {
      "id" : "s2-t8",
      "begin" : 164,
      "end" : 175,
      "text" : "573-03-8592",
      "whiteSpace" : false
    }, {
      "id" : "s2-t9",
      "begin" : 176,
      "end" : 179,
      "text" : "and",
      "whiteSpace" : false
    }, {
      "id" : "s2-t10",
      "begin" : 180,
      "end" : 182,
      "text" : "my",
      "whiteSpace" : false
    }, {
      "id" : "s2-t11",
      "begin" : 183,
      "end" : 187,
      "text" : "date",
      "whiteSpace" : false
    }, {
      "id" : "s2-t12",
      "begin" : 188,
      "end" : 190,
      "text" : "of",
      "whiteSpace" : false
    }, {
      "id" : "s2-t13",
      "begin" : 191,
      "end" : 196,
      "text" : "birth",
      "whiteSpace" : false
    }, {
      "id" : "s2-t14",
      "begin" : 197,
      "end" : 199,
      "text" : "as",
      "whiteSpace" : false
    }, {
      "id" : "s2-t15",
      "begin" : 200,
      "end" : 208,
      "text" : "05-09-91",
      "whiteSpace" : false
    }, {
      "id" : "s2-t16",
      "begin" : 208,
      "end" : 209,
      "text" : ".",
      "whiteSpace" : false
    } ]
  }, {
    "id" : "s3",
    "begin" : 210,
    "end" : 276,
    "text" : "Thanks for looking out for me and let me know if the box shows up.",
    "tokens" : [ {
      "id" : "s3-t0",
      "begin" : 210,
      "end" : 216,
      "text" : "Thanks",
      "whiteSpace" : false
    }, {
      "id" : "s3-t1",
      "begin" : 217,
      "end" : 220,
      "text" : "for",
      "whiteSpace" : false
    }, {
      "id" : "s3-t2",
      "begin" : 221,
      "end" : 228,
      "text" : "looking",
      "whiteSpace" : false
    }, {
      "id" : "s3-t3",
      "begin" : 229,
      "end" : 232,
      "text" : "out",
      "whiteSpace" : false
    }, {
      "id" : "s3-t4",
      "begin" : 233,
      "end" : 236,
      "text" : "for",
      "whiteSpace" : false
    }, {
      "id" : "s3-t5",
      "begin" : 237,
      "end" : 239,
      "text" : "me",
      "whiteSpace" : false
    }, {
      "id" : "s3-t6",
      "begin" : 240,
      "end" : 243,
      "text" : "and",
      "whiteSpace" : false
    }, {
      "id" : "s3-t7",
      "begin" : 244,
      "end" : 247,
      "text" : "let",
      "whiteSpace" : false
    }, {
      "id" : "s3-t8",
      "begin" : 248,
      "end" : 250,
      "text" : "me",
      "whiteSpace" : false
    }, {
      "id" : "s3-t9",
      "begin" : 251,
      "end" : 255,
      "text" : "know",
      "whiteSpace" : false
    }, {
      "id" : "s3-t10",
      "begin" : 256,
      "end" : 258,
      "text" : "if",
      "whiteSpace" : false
    }, {
      "id" : "s3-t11",
      "begin" : 259,
      "end" : 262,
      "text" : "the",
      "whiteSpace" : false
    }, {
      "id" : "s3-t12",
      "begin" : 263,
      "end" : 266,
      "text" : "box",
      "whiteSpace" : false
    }, {
      "id" : "s3-t13",
      "begin" : 267,
      "end" : 272,
      "text" : "shows",
      "whiteSpace" : false
    }, {
      "id" : "s3-t14",
      "begin" : 273,
      "end" : 275,
      "text" : "up",
      "whiteSpace" : false
    }, {
      "id" : "s3-t15",
      "begin" : 275,
      "end" : 276,
      "text" : ".",
      "whiteSpace" : false
    } ]
  }, {
    "id" : "s4",
    "begin" : 277,
    "end" : 288,
    "text" : "From, Grizz",
    "tokens" : [ {
      "id" : "s4-t0",
      "begin" : 277,
      "end" : 281,
      "text" : "From",
      "whiteSpace" : false
    }, {
      "id" : "s4-t1",
      "begin" : 281,
      "end" : 282,
      "text" : ",",
      "whiteSpace" : false
    }, {
      "id" : "s4-t2",
      "begin" : 283,
      "end" : 288,
      "text" : "Grizz",
      "whiteSpace" : false
    } ]
  } ],
  "mentions" : [ {
    "id" : "s0-m1",
    "properties" : {
      "SIRE_MENTION_ROLE" : "Name",
      "SIRE_ENTITY_SUBTYPE" : "NONE",
      "SIRE_MENTION_TYPE" : "NONE",
      "SIRE_MENTION_CLASS" : "SPC"
    },
    "type" : "Name",
    "begin" : 3,
    "end" : 7,
    "inCoref" : false
  }, {
    "id" : "s2-m1",
    "properties" : {
      "SIRE_MENTION_ROLE" : "SSN",
      "SIRE_ENTITY_SUBTYPE" : "NONE",
      "SIRE_MENTION_TYPE" : "NONE",
      "SIRE_MENTION_CLASS" : "SPC"
    },
    "type" : "SSN",
    "begin" : 164,
    "end" : 175,
    "inCoref" : false
  }, {
    "id" : "s2-m2",
    "properties" : {
      "SIRE_MENTION_ROLE" : "DOB",
      "SIRE_ENTITY_SUBTYPE" : "NONE",
      "SIRE_MENTION_TYPE" : "NONE",
      "SIRE_MENTION_CLASS" : "SPC"
    },
    "type" : "DOB",
    "begin" : 200,
    "end" : 208,
    "inCoref" : false
  }, {
    "id" : "s4-m1",
    "properties" : {
      "SIRE_MENTION_ROLE" : "Name",
      "SIRE_ENTITY_SUBTYPE" : "NONE",
      "SIRE_MENTION_TYPE" : "NONE",
      "SIRE_MENTION_CLASS" : "SPC"
    },
    "type" : "Name",
    "begin" : 283,
    "end" : 288,
    "inCoref" : false
  } ],
  "relations" : [ ],
  "corefs" : [ ],
  "typeResolved" : true,
  "userResolved" : false
}