{
  "id" : "79951eb0-f589-11e7-bf0f-4749cb57bf77-9",
  "name" : "email10.txt",
  "createdDate" : 0,
  "version" : 3,
  "text" : "Hey Mr. Brown,\n\tI am emailing regarding your new bank account at Bank Inc. We got an update to your SSN and DOB that we need to confirm from you. You SSN was set to 428-89-4358 and your DOB was set to 20/05/15. If these are correct please go to the link and verify them. Otherwise please call this number to refute these changes (932)-939-3834. \nHave a nice day.",
  "docLength" : 0,
  "language" : "EN",
  "status" : "SUBMITTED",
  "modifiedDate" : 1515536490974,
  "documentSet" : [ ],
  "preannotation" : [ ],
  "sentences" : [ {
    "id" : "s0",
    "begin" : 0,
    "end" : 145,
    "text" : "Hey Mr. Brown,\n\tI am emailing regarding your new bank account at Bank Inc. We got an update to your SSN and DOB that we need to confirm from you.",
    "tokens" : [ {
      "id" : "s0-t0",
      "begin" : 0,
      "end" : 3,
      "text" : "Hey",
      "whiteSpace" : false
    }, {
      "id" : "s0-t1",
      "begin" : 4,
      "end" : 7,
      "text" : "Mr.",
      "whiteSpace" : false
    }, {
      "id" : "s0-t2",
      "begin" : 8,
      "end" : 13,
      "text" : "Brown",
      "whiteSpace" : false
    }, {
      "id" : "s0-t3",
      "begin" : 13,
      "end" : 14,
      "text" : ",",
      "whiteSpace" : false
    }, {
      "id" : "s0-t4",
      "begin" : 16,
      "end" : 17,
      "text" : "I",
      "whiteSpace" : false
    }, {
      "id" : "s0-t5",
      "begin" : 18,
      "end" : 20,
      "text" : "am",
      "whiteSpace" : false
    }, {
      "id" : "s0-t6",
      "begin" : 21,
      "end" : 29,
      "text" : "emailing",
      "whiteSpace" : false
    }, {
      "id" : "s0-t7",
      "begin" : 30,
      "end" : 39,
      "text" : "regarding",
      "whiteSpace" : false
    }, {
      "id" : "s0-t8",
      "begin" : 40,
      "end" : 44,
      "text" : "your",
      "whiteSpace" : false
    }, {
      "id" : "s0-t9",
      "begin" : 45,
      "end" : 48,
      "text" : "new",
      "whiteSpace" : false
    }, {
      "id" : "s0-t10",
      "begin" : 49,
      "end" : 53,
      "text" : "bank",
      "whiteSpace" : false
    }, {
      "id" : "s0-t11",
      "begin" : 54,
      "end" : 61,
      "text" : "account",
      "whiteSpace" : false
    }, {
      "id" : "s0-t12",
      "begin" : 62,
      "end" : 64,
      "text" : "at",
      "whiteSpace" : false
    }, {
      "id" : "s0-t13",
      "begin" : 65,
      "end" : 69,
      "text" : "Bank",
      "whiteSpace" : false
    }, {
      "id" : "s0-t14",
      "begin" : 70,
      "end" : 74,
      "text" : "Inc.",
      "whiteSpace" : false
    }, {
      "id" : "s0-t15",
      "begin" : 75,
      "end" : 77,
      "text" : "We",
      "whiteSpace" : false
    }, {
      "id" : "s0-t16",
      "begin" : 78,
      "end" : 81,
      "text" : "got",
      "whiteSpace" : false
    }, {
      "id" : "s0-t17",
      "begin" : 82,
      "end" : 84,
      "text" : "an",
      "whiteSpace" : false
    }, {
      "id" : "s0-t18",
      "begin" : 85,
      "end" : 91,
      "text" : "update",
      "whiteSpace" : false
    }, {
      "id" : "s0-t19",
      "begin" : 92,
      "end" : 94,
      "text" : "to",
      "whiteSpace" : false
    }, {
      "id" : "s0-t20",
      "begin" : 95,
      "end" : 99,
      "text" : "your",
      "whiteSpace" : false
    }, {
      "id" : "s0-t21",
      "begin" : 100,
      "end" : 103,
      "text" : "SSN",
      "whiteSpace" : false
    }, {
      "id" : "s0-t22",
      "begin" : 104,
      "end" : 107,
      "text" : "and",
      "whiteSpace" : false
    }, {
      "id" : "s0-t23",
      "begin" : 108,
      "end" : 111,
      "text" : "DOB",
      "whiteSpace" : false
    }, {
      "id" : "s0-t24",
      "begin" : 112,
      "end" : 116,
      "text" : "that",
      "whiteSpace" : false
    }, {
      "id" : "s0-t25",
      "begin" : 117,
      "end" : 119,
      "text" : "we",
      "whiteSpace" : false
    }, {
      "id" : "s0-t26",
      "begin" : 120,
      "end" : 124,
      "text" : "need",
      "whiteSpace" : false
    }, {
      "id" : "s0-t27",
      "begin" : 125,
      "end" : 127,
      "text" : "to",
      "whiteSpace" : false
    }, {
      "id" : "s0-t28",
      "begin" : 128,
      "end" : 135,
      "text" : "confirm",
      "whiteSpace" : false
    }, {
      "id" : "s0-t29",
      "begin" : 136,
      "end" : 140,
      "text" : "from",
      "whiteSpace" : false
    }, {
      "id" : "s0-t30",
      "begin" : 141,
      "end" : 144,
      "text" : "you",
      "whiteSpace" : false
    }, {
      "id" : "s0-t31",
      "begin" : 144,
      "end" : 145,
      "text" : ".",
      "whiteSpace" : false
    } ]
  }, {
    "id" : "s1",
    "begin" : 146,
    "end" : 210,
    "text" : "You SSN was set to 428-89-4358 and your DOB was set to 20/05/15.",
    "tokens" : [ {
      "id" : "s1-t0",
      "begin" : 146,
      "end" : 149,
      "text" : "You",
      "whiteSpace" : false
    }, {
      "id" : "s1-t1",
      "begin" : 150,
      "end" : 153,
      "text" : "SSN",
      "whiteSpace" : false
    }, {
      "id" : "s1-t2",
      "begin" : 154,
      "end" : 157,
      "text" : "was",
      "whiteSpace" : false
    }, {
      "id" : "s1-t3",
      "begin" : 158,
      "end" : 161,
      "text" : "set",
      "whiteSpace" : false
    }, {
      "id" : "s1-t4",
      "begin" : 162,
      "end" : 164,
      "text" : "to",
      "whiteSpace" : false
    }, {
      "id" : "s1-t5",
      "begin" : 165,
      "end" : 176,
      "text" : "428-89-4358",
      "whiteSpace" : false
    }, {
      "id" : "s1-t6",
      "begin" : 177,
      "end" : 180,
      "text" : "and",
      "whiteSpace" : false
    }, {
      "id" : "s1-t7",
      "begin" : 181,
      "end" : 185,
      "text" : "your",
      "whiteSpace" : false
    }, {
      "id" : "s1-t8",
      "begin" : 186,
      "end" : 189,
      "text" : "DOB",
      "whiteSpace" : false
    }, {
      "id" : "s1-t9",
      "begin" : 190,
      "end" : 193,
      "text" : "was",
      "whiteSpace" : false
    }, {
      "id" : "s1-t10",
      "begin" : 194,
      "end" : 197,
      "text" : "set",
      "whiteSpace" : false
    }, {
      "id" : "s1-t11",
      "begin" : 198,
      "end" : 200,
      "text" : "to",
      "whiteSpace" : false
    }, {
      "id" : "s1-t12",
      "begin" : 201,
      "end" : 209,
      "text" : "20/05/15",
      "whiteSpace" : false
    }, {
      "id" : "s1-t13",
      "begin" : 209,
      "end" : 210,
      "text" : ".",
      "whiteSpace" : false
    } ]
  }, {
    "id" : "s2",
    "begin" : 211,
    "end" : 270,
    "text" : "If these are correct please go to the link and verify them.",
    "tokens" : [ {
      "id" : "s2-t0",
      "begin" : 211,
      "end" : 213,
      "text" : "If",
      "whiteSpace" : false
    }, {
      "id" : "s2-t1",
      "begin" : 214,
      "end" : 219,
      "text" : "these",
      "whiteSpace" : false
    }, {
      "id" : "s2-t2",
      "begin" : 220,
      "end" : 223,
      "text" : "are",
      "whiteSpace" : false
    }, {
      "id" : "s2-t3",
      "begin" : 224,
      "end" : 231,
      "text" : "correct",
      "whiteSpace" : false
    }, {
      "id" : "s2-t4",
      "begin" : 232,
      "end" : 238,
      "text" : "please",
      "whiteSpace" : false
    }, {
      "id" : "s2-t5",
      "begin" : 239,
      "end" : 241,
      "text" : "go",
      "whiteSpace" : false
    }, {
      "id" : "s2-t6",
      "begin" : 242,
      "end" : 244,
      "text" : "to",
      "whiteSpace" : false
    }, {
      "id" : "s2-t7",
      "begin" : 245,
      "end" : 248,
      "text" : "the",
      "whiteSpace" : false
    }, {
      "id" : "s2-t8",
      "begin" : 249,
      "end" : 253,
      "text" : "link",
      "whiteSpace" : false
    }, {
      "id" : "s2-t9",
      "begin" : 254,
      "end" : 257,
      "text" : "and",
      "whiteSpace" : false
    }, {
      "id" : "s2-t10",
      "begin" : 258,
      "end" : 264,
      "text" : "verify",
      "whiteSpace" : false
    }, {
      "id" : "s2-t11",
      "begin" : 265,
      "end" : 269,
      "text" : "them",
      "whiteSpace" : false
    }, {
      "id" : "s2-t12",
      "begin" : 269,
      "end" : 270,
      "text" : ".",
      "whiteSpace" : false
    } ]
  }, {
    "id" : "s3",
    "begin" : 271,
    "end" : 344,
    "text" : "Otherwise please call this number to refute these changes (932)-939-3834.",
    "tokens" : [ {
      "id" : "s3-t0",
      "begin" : 271,
      "end" : 280,
      "text" : "Otherwise",
      "whiteSpace" : false
    }, {
      "id" : "s3-t1",
      "begin" : 281,
      "end" : 287,
      "text" : "please",
      "whiteSpace" : false
    }, {
      "id" : "s3-t2",
      "begin" : 288,
      "end" : 292,
      "text" : "call",
      "whiteSpace" : false
    }, {
      "id" : "s3-t3",
      "begin" : 293,
      "end" : 297,
      "text" : "this",
      "whiteSpace" : false
    }, {
      "id" : "s3-t4",
      "begin" : 298,
      "end" : 304,
      "text" : "number",
      "whiteSpace" : false
    }, {
      "id" : "s3-t5",
      "begin" : 305,
      "end" : 307,
      "text" : "to",
      "whiteSpace" : false
    }, {
      "id" : "s3-t6",
      "begin" : 308,
      "end" : 314,
      "text" : "refute",
      "whiteSpace" : false
    }, {
      "id" : "s3-t7",
      "begin" : 315,
      "end" : 320,
      "text" : "these",
      "whiteSpace" : false
    }, {
      "id" : "s3-t8",
      "begin" : 321,
      "end" : 328,
      "text" : "changes",
      "whiteSpace" : false
    }, {
      "id" : "s3-t9",
      "begin" : 329,
      "end" : 330,
      "text" : "(",
      "whiteSpace" : false
    }, {
      "id" : "s3-t10",
      "begin" : 330,
      "end" : 333,
      "text" : "932",
      "whiteSpace" : false
    }, {
      "id" : "s3-t11",
      "begin" : 333,
      "end" : 334,
      "text" : ")",
      "whiteSpace" : false
    }, {
      "id" : "s3-t12",
      "begin" : 334,
      "end" : 343,
      "text" : "-939-3834",
      "whiteSpace" : false
    }, {
      "id" : "s3-t13",
      "begin" : 343,
      "end" : 344,
      "text" : ".",
      "whiteSpace" : false
    } ]
  }, {
    "id" : "s4",
    "begin" : 346,
    "end" : 362,
    "text" : "Have a nice day.",
    "tokens" : [ {
      "id" : "s4-t0",
      "begin" : 346,
      "end" : 350,
      "text" : "Have",
      "whiteSpace" : false
    }, {
      "id" : "s4-t1",
      "begin" : 351,
      "end" : 352,
      "text" : "a",
      "whiteSpace" : false
    }, {
      "id" : "s4-t2",
      "begin" : 353,
      "end" : 357,
      "text" : "nice",
      "whiteSpace" : false
    }, {
      "id" : "s4-t3",
      "begin" : 358,
      "end" : 361,
      "text" : "day",
      "whiteSpace" : false
    }, {
      "id" : "s4-t4",
      "begin" : 361,
      "end" : 362,
      "text" : ".",
      "whiteSpace" : false
    } ]
  } ],
  "mentions" : [ {
    "id" : "s0-m1",
    "properties" : {
      "SIRE_MENTION_ROLE" : "Name",
      "SIRE_ENTITY_SUBTYPE" : "NONE",
      "SIRE_MENTION_TYPE" : "NONE",
      "SIRE_MENTION_CLASS" : "SPC"
    },
    "type" : "Name",
    "begin" : 8,
    "end" : 13,
    "inCoref" : false
  }, {
    "id" : "s1-m1",
    "properties" : {
      "SIRE_MENTION_ROLE" : "SSN",
      "SIRE_ENTITY_SUBTYPE" : "NONE",
      "SIRE_MENTION_TYPE" : "NONE",
      "SIRE_MENTION_CLASS" : "SPC"
    },
    "type" : "SSN",
    "begin" : 165,
    "end" : 176,
    "inCoref" : false
  }, {
    "id" : "s1-m2",
    "properties" : {
      "SIRE_MENTION_ROLE" : "DOB",
      "SIRE_ENTITY_SUBTYPE" : "NONE",
      "SIRE_MENTION_TYPE" : "NONE",
      "SIRE_MENTION_CLASS" : "SPC"
    },
    "type" : "DOB",
    "begin" : 201,
    "end" : 209,
    "inCoref" : false
  } ],
  "relations" : [ ],
  "corefs" : [ ],
  "typeResolved" : true,
  "userResolved" : false
}