{
  "id" : "79951eb0-f589-11e7-bf0f-4749cb57bf77-1",
  "name" : "email2.txt",
  "createdDate" : 0,
  "version" : 3,
  "text" : "Dear John Malkovic,\n\tMy client Isabella Menendez needs representation for a case. She is a minor (born on 20/11/13) and needs help with a case. She is in quite a rush and really would appreciate the help. Her social security number is 222-30-9421 and can be used for payment later once the case is completed. Will you help us?\nFrom Mike Ross",
  "docLength" : 0,
  "language" : "EN",
  "status" : "SUBMITTED",
  "modifiedDate" : 1515536222384,
  "documentSet" : [ ],
  "preannotation" : [ ],
  "sentences" : [ {
    "id" : "s0",
    "begin" : 0,
    "end" : 81,
    "text" : "Dear John Malkovic,\n\tMy client Isabella Menendez needs representation for a case.",
    "tokens" : [ {
      "id" : "s0-t0",
      "begin" : 0,
      "end" : 4,
      "text" : "Dear",
      "whiteSpace" : false
    }, {
      "id" : "s0-t1",
      "begin" : 5,
      "end" : 9,
      "text" : "John",
      "whiteSpace" : false
    }, {
      "id" : "s0-t2",
      "begin" : 10,
      "end" : 18,
      "text" : "Malkovic",
      "whiteSpace" : false
    }, {
      "id" : "s0-t3",
      "begin" : 18,
      "end" : 19,
      "text" : ",",
      "whiteSpace" : false
    }, {
      "id" : "s0-t4",
      "begin" : 21,
      "end" : 23,
      "text" : "My",
      "whiteSpace" : false
    }, {
      "id" : "s0-t5",
      "begin" : 24,
      "end" : 30,
      "text" : "client",
      "whiteSpace" : false
    }, {
      "id" : "s0-t6",
      "begin" : 31,
      "end" : 39,
      "text" : "Isabella",
      "whiteSpace" : false
    }, {
      "id" : "s0-t7",
      "begin" : 40,
      "end" : 48,
      "text" : "Menendez",
      "whiteSpace" : false
    }, {
      "id" : "s0-t8",
      "begin" : 49,
      "end" : 54,
      "text" : "needs",
      "whiteSpace" : false
    }, {
      "id" : "s0-t9",
      "begin" : 55,
      "end" : 69,
      "text" : "representation",
      "whiteSpace" : false
    }, {
      "id" : "s0-t10",
      "begin" : 70,
      "end" : 73,
      "text" : "for",
      "whiteSpace" : false
    }, {
      "id" : "s0-t11",
      "begin" : 74,
      "end" : 75,
      "text" : "a",
      "whiteSpace" : false
    }, {
      "id" : "s0-t12",
      "begin" : 76,
      "end" : 80,
      "text" : "case",
      "whiteSpace" : false
    }, {
      "id" : "s0-t13",
      "begin" : 80,
      "end" : 81,
      "text" : ".",
      "whiteSpace" : false
    } ]
  }, {
    "id" : "s1",
    "begin" : 82,
    "end" : 143,
    "text" : "She is a minor (born on 20/11/13) and needs help with a case.",
    "tokens" : [ {
      "id" : "s1-t0",
      "begin" : 82,
      "end" : 85,
      "text" : "She",
      "whiteSpace" : false
    }, {
      "id" : "s1-t1",
      "begin" : 86,
      "end" : 88,
      "text" : "is",
      "whiteSpace" : false
    }, {
      "id" : "s1-t2",
      "begin" : 89,
      "end" : 90,
      "text" : "a",
      "whiteSpace" : false
    }, {
      "id" : "s1-t3",
      "begin" : 91,
      "end" : 96,
      "text" : "minor",
      "whiteSpace" : false
    }, {
      "id" : "s1-t4",
      "begin" : 97,
      "end" : 98,
      "text" : "(",
      "whiteSpace" : false
    }, {
      "id" : "s1-t5",
      "begin" : 98,
      "end" : 102,
      "text" : "born",
      "whiteSpace" : false
    }, {
      "id" : "s1-t6",
      "begin" : 103,
      "end" : 105,
      "text" : "on",
      "whiteSpace" : false
    }, {
      "id" : "s1-t7",
      "begin" : 106,
      "end" : 114,
      "text" : "20/11/13",
      "whiteSpace" : false
    }, {
      "id" : "s1-t8",
      "begin" : 114,
      "end" : 115,
      "text" : ")",
      "whiteSpace" : false
    }, {
      "id" : "s1-t9",
      "begin" : 116,
      "end" : 119,
      "text" : "and",
      "whiteSpace" : false
    }, {
      "id" : "s1-t10",
      "begin" : 120,
      "end" : 125,
      "text" : "needs",
      "whiteSpace" : false
    }, {
      "id" : "s1-t11",
      "begin" : 126,
      "end" : 130,
      "text" : "help",
      "whiteSpace" : false
    }, {
      "id" : "s1-t12",
      "begin" : 131,
      "end" : 135,
      "text" : "with",
      "whiteSpace" : false
    }, {
      "id" : "s1-t13",
      "begin" : 136,
      "end" : 137,
      "text" : "a",
      "whiteSpace" : false
    }, {
      "id" : "s1-t14",
      "begin" : 138,
      "end" : 142,
      "text" : "case",
      "whiteSpace" : false
    }, {
      "id" : "s1-t15",
      "begin" : 142,
      "end" : 143,
      "text" : ".",
      "whiteSpace" : false
    } ]
  }, {
    "id" : "s2",
    "begin" : 144,
    "end" : 204,
    "text" : "She is in quite a rush and really would appreciate the help.",
    "tokens" : [ {
      "id" : "s2-t0",
      "begin" : 144,
      "end" : 147,
      "text" : "She",
      "whiteSpace" : false
    }, {
      "id" : "s2-t1",
      "begin" : 148,
      "end" : 150,
      "text" : "is",
      "whiteSpace" : false
    }, {
      "id" : "s2-t2",
      "begin" : 151,
      "end" : 153,
      "text" : "in",
      "whiteSpace" : false
    }, {
      "id" : "s2-t3",
      "begin" : 154,
      "end" : 159,
      "text" : "quite",
      "whiteSpace" : false
    }, {
      "id" : "s2-t4",
      "begin" : 160,
      "end" : 161,
      "text" : "a",
      "whiteSpace" : false
    }, {
      "id" : "s2-t5",
      "begin" : 162,
      "end" : 166,
      "text" : "rush",
      "whiteSpace" : false
    }, {
      "id" : "s2-t6",
      "begin" : 167,
      "end" : 170,
      "text" : "and",
      "whiteSpace" : false
    }, {
      "id" : "s2-t7",
      "begin" : 171,
      "end" : 177,
      "text" : "really",
      "whiteSpace" : false
    }, {
      "id" : "s2-t8",
      "begin" : 178,
      "end" : 183,
      "text" : "would",
      "whiteSpace" : false
    }, {
      "id" : "s2-t9",
      "begin" : 184,
      "end" : 194,
      "text" : "appreciate",
      "whiteSpace" : false
    }, {
      "id" : "s2-t10",
      "begin" : 195,
      "end" : 198,
      "text" : "the",
      "whiteSpace" : false
    }, {
      "id" : "s2-t11",
      "begin" : 199,
      "end" : 203,
      "text" : "help",
      "whiteSpace" : false
    }, {
      "id" : "s2-t12",
      "begin" : 203,
      "end" : 204,
      "text" : ".",
      "whiteSpace" : false
    } ]
  }, {
    "id" : "s3",
    "begin" : 205,
    "end" : 308,
    "text" : "Her social security number is 222-30-9421 and can be used for payment later once the case is completed.",
    "tokens" : [ {
      "id" : "s3-t0",
      "begin" : 205,
      "end" : 208,
      "text" : "Her",
      "whiteSpace" : false
    }, {
      "id" : "s3-t1",
      "begin" : 209,
      "end" : 215,
      "text" : "social",
      "whiteSpace" : false
    }, {
      "id" : "s3-t2",
      "begin" : 216,
      "end" : 224,
      "text" : "security",
      "whiteSpace" : false
    }, {
      "id" : "s3-t3",
      "begin" : 225,
      "end" : 231,
      "text" : "number",
      "whiteSpace" : false
    }, {
      "id" : "s3-t4",
      "begin" : 232,
      "end" : 234,
      "text" : "is",
      "whiteSpace" : false
    }, {
      "id" : "s3-t5",
      "begin" : 235,
      "end" : 246,
      "text" : "222-30-9421",
      "whiteSpace" : false
    }, {
      "id" : "s3-t6",
      "begin" : 247,
      "end" : 250,
      "text" : "and",
      "whiteSpace" : false
    }, {
      "id" : "s3-t7",
      "begin" : 251,
      "end" : 254,
      "text" : "can",
      "whiteSpace" : false
    }, {
      "id" : "s3-t8",
      "begin" : 255,
      "end" : 257,
      "text" : "be",
      "whiteSpace" : false
    }, {
      "id" : "s3-t9",
      "begin" : 258,
      "end" : 262,
      "text" : "used",
      "whiteSpace" : false
    }, {
      "id" : "s3-t10",
      "begin" : 263,
      "end" : 266,
      "text" : "for",
      "whiteSpace" : false
    }, {
      "id" : "s3-t11",
      "begin" : 267,
      "end" : 274,
      "text" : "payment",
      "whiteSpace" : false
    }, {
      "id" : "s3-t12",
      "begin" : 275,
      "end" : 280,
      "text" : "later",
      "whiteSpace" : false
    }, {
      "id" : "s3-t13",
      "begin" : 281,
      "end" : 285,
      "text" : "once",
      "whiteSpace" : false
    }, {
      "id" : "s3-t14",
      "begin" : 286,
      "end" : 289,
      "text" : "the",
      "whiteSpace" : false
    }, {
      "id" : "s3-t15",
      "begin" : 290,
      "end" : 294,
      "text" : "case",
      "whiteSpace" : false
    }, {
      "id" : "s3-t16",
      "begin" : 295,
      "end" : 297,
      "text" : "is",
      "whiteSpace" : false
    }, {
      "id" : "s3-t17",
      "begin" : 298,
      "end" : 307,
      "text" : "completed",
      "whiteSpace" : false
    }, {
      "id" : "s3-t18",
      "begin" : 307,
      "end" : 308,
      "text" : ".",
      "whiteSpace" : false
    } ]
  }, {
    "id" : "s4",
    "begin" : 309,
    "end" : 326,
    "text" : "Will you help us?",
    "tokens" : [ {
      "id" : "s4-t0",
      "begin" : 309,
      "end" : 313,
      "text" : "Will",
      "whiteSpace" : false
    }, {
      "id" : "s4-t1",
      "begin" : 314,
      "end" : 317,
      "text" : "you",
      "whiteSpace" : false
    }, {
      "id" : "s4-t2",
      "begin" : 318,
      "end" : 322,
      "text" : "help",
      "whiteSpace" : false
    }, {
      "id" : "s4-t3",
      "begin" : 323,
      "end" : 325,
      "text" : "us",
      "whiteSpace" : false
    }, {
      "id" : "s4-t4",
      "begin" : 325,
      "end" : 326,
      "text" : "?",
      "whiteSpace" : false
    } ]
  }, {
    "id" : "s5",
    "begin" : 327,
    "end" : 341,
    "text" : "From Mike Ross",
    "tokens" : [ {
      "id" : "s5-t0",
      "begin" : 327,
      "end" : 331,
      "text" : "From",
      "whiteSpace" : false
    }, {
      "id" : "s5-t1",
      "begin" : 332,
      "end" : 336,
      "text" : "Mike",
      "whiteSpace" : false
    }, {
      "id" : "s5-t2",
      "begin" : 337,
      "end" : 341,
      "text" : "Ross",
      "whiteSpace" : false
    } ]
  } ],
  "mentions" : [ {
    "id" : "s0-m1",
    "properties" : {
      "SIRE_MENTION_ROLE" : "Name",
      "SIRE_ENTITY_SUBTYPE" : "NONE",
      "SIRE_MENTION_TYPE" : "NONE",
      "SIRE_MENTION_CLASS" : "SPC"
    },
    "type" : "Name",
    "begin" : 5,
    "end" : 18,
    "inCoref" : false
  }, {
    "id" : "s0-m2",
    "properties" : {
      "SIRE_MENTION_ROLE" : "Name",
      "SIRE_ENTITY_SUBTYPE" : "NONE",
      "SIRE_MENTION_TYPE" : "NONE",
      "SIRE_MENTION_CLASS" : "SPC"
    },
    "type" : "Name",
    "begin" : 31,
    "end" : 48,
    "inCoref" : false
  }, {
    "id" : "s1-m1",
    "properties" : {
      "SIRE_MENTION_ROLE" : "DOB",
      "SIRE_ENTITY_SUBTYPE" : "NONE",
      "SIRE_MENTION_TYPE" : "NONE",
      "SIRE_MENTION_CLASS" : "SPC"
    },
    "type" : "DOB",
    "begin" : 106,
    "end" : 114,
    "inCoref" : false
  }, {
    "id" : "s3-m1",
    "properties" : {
      "SIRE_MENTION_ROLE" : "SSN",
      "SIRE_ENTITY_SUBTYPE" : "NONE",
      "SIRE_MENTION_TYPE" : "NONE",
      "SIRE_MENTION_CLASS" : "SPC"
    },
    "type" : "SSN",
    "begin" : 235,
    "end" : 246,
    "inCoref" : false
  }, {
    "id" : "s5-m1",
    "properties" : {
      "SIRE_MENTION_ROLE" : "Name",
      "SIRE_ENTITY_SUBTYPE" : "NONE",
      "SIRE_MENTION_TYPE" : "NONE",
      "SIRE_MENTION_CLASS" : "SPC"
    },
    "type" : "Name",
    "begin" : 332,
    "end" : 341,
    "inCoref" : false
  } ],
  "relations" : [ ],
  "corefs" : [ ],
  "typeResolved" : true,
  "userResolved" : false
}