{
  "id" : "79951eb0-f589-11e7-bf0f-4749cb57bf77-19",
  "name" : "email20.txt",
  "createdDate" : 0,
  "version" : 3,
  "text" : "Dear Mrs. Morticia Addams,\n    We regret to inform you for the last time that it is impossible to collect on your uncle Fester Addams’es life insure policy. Although it is provable that he was born 1/31/1900, and seems to have a death certificate issued 4/05/1945, we have confirmed that there is still somebody collecting social security checks made out to the ssn. 000-12-1343, which we are taking a evidence that he is still alive and has forged his death certificate. We are, again and hopefully for the last time, reporting this to the authorities. \nPlease never contact us again,\n    Kimberly Wilde,\n    John Hancock Insurance LLC.",
  "docLength" : 0,
  "language" : "EN",
  "status" : "SUBMITTED",
  "modifiedDate" : 1515536764977,
  "documentSet" : [ ],
  "preannotation" : [ ],
  "sentences" : [ {
    "id" : "s0",
    "begin" : 0,
    "end" : 156,
    "text" : "Dear Mrs. Morticia Addams,\n    We regret to inform you for the last time that it is impossible to collect on your uncle Fester Addams’es life insure policy.",
    "tokens" : [ {
      "id" : "s0-t0",
      "begin" : 0,
      "end" : 4,
      "text" : "Dear",
      "whiteSpace" : false
    }, {
      "id" : "s0-t1",
      "begin" : 5,
      "end" : 9,
      "text" : "Mrs.",
      "whiteSpace" : false
    }, {
      "id" : "s0-t2",
      "begin" : 10,
      "end" : 18,
      "text" : "Morticia",
      "whiteSpace" : false
    }, {
      "id" : "s0-t3",
      "begin" : 19,
      "end" : 25,
      "text" : "Addams",
      "whiteSpace" : false
    }, {
      "id" : "s0-t4",
      "begin" : 25,
      "end" : 26,
      "text" : ",",
      "whiteSpace" : false
    }, {
      "id" : "s0-t5",
      "begin" : 31,
      "end" : 33,
      "text" : "We",
      "whiteSpace" : false
    }, {
      "id" : "s0-t6",
      "begin" : 34,
      "end" : 40,
      "text" : "regret",
      "whiteSpace" : false
    }, {
      "id" : "s0-t7",
      "begin" : 41,
      "end" : 43,
      "text" : "to",
      "whiteSpace" : false
    }, {
      "id" : "s0-t8",
      "begin" : 44,
      "end" : 50,
      "text" : "inform",
      "whiteSpace" : false
    }, {
      "id" : "s0-t9",
      "begin" : 51,
      "end" : 54,
      "text" : "you",
      "whiteSpace" : false
    }, {
      "id" : "s0-t10",
      "begin" : 55,
      "end" : 58,
      "text" : "for",
      "whiteSpace" : false
    }, {
      "id" : "s0-t11",
      "begin" : 59,
      "end" : 62,
      "text" : "the",
      "whiteSpace" : false
    }, {
      "id" : "s0-t12",
      "begin" : 63,
      "end" : 67,
      "text" : "last",
      "whiteSpace" : false
    }, {
      "id" : "s0-t13",
      "begin" : 68,
      "end" : 72,
      "text" : "time",
      "whiteSpace" : false
    }, {
      "id" : "s0-t14",
      "begin" : 73,
      "end" : 77,
      "text" : "that",
      "whiteSpace" : false
    }, {
      "id" : "s0-t15",
      "begin" : 78,
      "end" : 80,
      "text" : "it",
      "whiteSpace" : false
    }, {
      "id" : "s0-t16",
      "begin" : 81,
      "end" : 83,
      "text" : "is",
      "whiteSpace" : false
    }, {
      "id" : "s0-t17",
      "begin" : 84,
      "end" : 94,
      "text" : "impossible",
      "whiteSpace" : false
    }, {
      "id" : "s0-t18",
      "begin" : 95,
      "end" : 97,
      "text" : "to",
      "whiteSpace" : false
    }, {
      "id" : "s0-t19",
      "begin" : 98,
      "end" : 105,
      "text" : "collect",
      "whiteSpace" : false
    }, {
      "id" : "s0-t20",
      "begin" : 106,
      "end" : 108,
      "text" : "on",
      "whiteSpace" : false
    }, {
      "id" : "s0-t21",
      "begin" : 109,
      "end" : 113,
      "text" : "your",
      "whiteSpace" : false
    }, {
      "id" : "s0-t22",
      "begin" : 114,
      "end" : 119,
      "text" : "uncle",
      "whiteSpace" : false
    }, {
      "id" : "s0-t23",
      "begin" : 120,
      "end" : 126,
      "text" : "Fester",
      "whiteSpace" : false
    }, {
      "id" : "s0-t24",
      "begin" : 127,
      "end" : 136,
      "text" : "Addams’es",
      "whiteSpace" : false
    }, {
      "id" : "s0-t25",
      "begin" : 137,
      "end" : 141,
      "text" : "life",
      "whiteSpace" : false
    }, {
      "id" : "s0-t26",
      "begin" : 142,
      "end" : 148,
      "text" : "insure",
      "whiteSpace" : false
    }, {
      "id" : "s0-t27",
      "begin" : 149,
      "end" : 155,
      "text" : "policy",
      "whiteSpace" : false
    }, {
      "id" : "s0-t28",
      "begin" : 155,
      "end" : 156,
      "text" : ".",
      "whiteSpace" : false
    } ]
  }, {
    "id" : "s1",
    "begin" : 157,
    "end" : 366,
    "text" : "Although it is provable that he was born 1/31/1900, and seems to have a death certificate issued 4/05/1945, we have confirmed that there is still somebody collecting social security checks made out to the ssn.",
    "tokens" : [ {
      "id" : "s1-t0",
      "begin" : 157,
      "end" : 165,
      "text" : "Although",
      "whiteSpace" : false
    }, {
      "id" : "s1-t1",
      "begin" : 166,
      "end" : 168,
      "text" : "it",
      "whiteSpace" : false
    }, {
      "id" : "s1-t2",
      "begin" : 169,
      "end" : 171,
      "text" : "is",
      "whiteSpace" : false
    }, {
      "id" : "s1-t3",
      "begin" : 172,
      "end" : 180,
      "text" : "provable",
      "whiteSpace" : false
    }, {
      "id" : "s1-t4",
      "begin" : 181,
      "end" : 185,
      "text" : "that",
      "whiteSpace" : false
    }, {
      "id" : "s1-t5",
      "begin" : 186,
      "end" : 188,
      "text" : "he",
      "whiteSpace" : false
    }, {
      "id" : "s1-t6",
      "begin" : 189,
      "end" : 192,
      "text" : "was",
      "whiteSpace" : false
    }, {
      "id" : "s1-t7",
      "begin" : 193,
      "end" : 197,
      "text" : "born",
      "whiteSpace" : false
    }, {
      "id" : "s1-t8",
      "begin" : 198,
      "end" : 207,
      "text" : "1/31/1900",
      "whiteSpace" : false
    }, {
      "id" : "s1-t9",
      "begin" : 207,
      "end" : 208,
      "text" : ",",
      "whiteSpace" : false
    }, {
      "id" : "s1-t10",
      "begin" : 209,
      "end" : 212,
      "text" : "and",
      "whiteSpace" : false
    }, {
      "id" : "s1-t11",
      "begin" : 213,
      "end" : 218,
      "text" : "seems",
      "whiteSpace" : false
    }, {
      "id" : "s1-t12",
      "begin" : 219,
      "end" : 221,
      "text" : "to",
      "whiteSpace" : false
    }, {
      "id" : "s1-t13",
      "begin" : 222,
      "end" : 226,
      "text" : "have",
      "whiteSpace" : false
    }, {
      "id" : "s1-t14",
      "begin" : 227,
      "end" : 228,
      "text" : "a",
      "whiteSpace" : false
    }, {
      "id" : "s1-t15",
      "begin" : 229,
      "end" : 234,
      "text" : "death",
      "whiteSpace" : false
    }, {
      "id" : "s1-t16",
      "begin" : 235,
      "end" : 246,
      "text" : "certificate",
      "whiteSpace" : false
    }, {
      "id" : "s1-t17",
      "begin" : 247,
      "end" : 253,
      "text" : "issued",
      "whiteSpace" : false
    }, {
      "id" : "s1-t18",
      "begin" : 254,
      "end" : 263,
      "text" : "4/05/1945",
      "whiteSpace" : false
    }, {
      "id" : "s1-t19",
      "begin" : 263,
      "end" : 264,
      "text" : ",",
      "whiteSpace" : false
    }, {
      "id" : "s1-t20",
      "begin" : 265,
      "end" : 267,
      "text" : "we",
      "whiteSpace" : false
    }, {
      "id" : "s1-t21",
      "begin" : 268,
      "end" : 272,
      "text" : "have",
      "whiteSpace" : false
    }, {
      "id" : "s1-t22",
      "begin" : 273,
      "end" : 282,
      "text" : "confirmed",
      "whiteSpace" : false
    }, {
      "id" : "s1-t23",
      "begin" : 283,
      "end" : 287,
      "text" : "that",
      "whiteSpace" : false
    }, {
      "id" : "s1-t24",
      "begin" : 288,
      "end" : 293,
      "text" : "there",
      "whiteSpace" : false
    }, {
      "id" : "s1-t25",
      "begin" : 294,
      "end" : 296,
      "text" : "is",
      "whiteSpace" : false
    }, {
      "id" : "s1-t26",
      "begin" : 297,
      "end" : 302,
      "text" : "still",
      "whiteSpace" : false
    }, {
      "id" : "s1-t27",
      "begin" : 303,
      "end" : 311,
      "text" : "somebody",
      "whiteSpace" : false
    }, {
      "id" : "s1-t28",
      "begin" : 312,
      "end" : 322,
      "text" : "collecting",
      "whiteSpace" : false
    }, {
      "id" : "s1-t29",
      "begin" : 323,
      "end" : 329,
      "text" : "social",
      "whiteSpace" : false
    }, {
      "id" : "s1-t30",
      "begin" : 330,
      "end" : 338,
      "text" : "security",
      "whiteSpace" : false
    }, {
      "id" : "s1-t31",
      "begin" : 339,
      "end" : 345,
      "text" : "checks",
      "whiteSpace" : false
    }, {
      "id" : "s1-t32",
      "begin" : 346,
      "end" : 350,
      "text" : "made",
      "whiteSpace" : false
    }, {
      "id" : "s1-t33",
      "begin" : 351,
      "end" : 354,
      "text" : "out",
      "whiteSpace" : false
    }, {
      "id" : "s1-t34",
      "begin" : 355,
      "end" : 357,
      "text" : "to",
      "whiteSpace" : false
    }, {
      "id" : "s1-t35",
      "begin" : 358,
      "end" : 361,
      "text" : "the",
      "whiteSpace" : false
    }, {
      "id" : "s1-t36",
      "begin" : 362,
      "end" : 365,
      "text" : "ssn",
      "whiteSpace" : false
    }, {
      "id" : "s1-t37",
      "begin" : 365,
      "end" : 366,
      "text" : ".",
      "whiteSpace" : false
    } ]
  }, {
    "id" : "s2",
    "begin" : 367,
    "end" : 471,
    "text" : "000-12-1343, which we are taking a evidence that he is still alive and has forged his death certificate.",
    "tokens" : [ {
      "id" : "s2-t0",
      "begin" : 367,
      "end" : 378,
      "text" : "000-12-1343",
      "whiteSpace" : false
    }, {
      "id" : "s2-t1",
      "begin" : 378,
      "end" : 379,
      "text" : ",",
      "whiteSpace" : false
    }, {
      "id" : "s2-t2",
      "begin" : 380,
      "end" : 385,
      "text" : "which",
      "whiteSpace" : false
    }, {
      "id" : "s2-t3",
      "begin" : 386,
      "end" : 388,
      "text" : "we",
      "whiteSpace" : false
    }, {
      "id" : "s2-t4",
      "begin" : 389,
      "end" : 392,
      "text" : "are",
      "whiteSpace" : false
    }, {
      "id" : "s2-t5",
      "begin" : 393,
      "end" : 399,
      "text" : "taking",
      "whiteSpace" : false
    }, {
      "id" : "s2-t6",
      "begin" : 400,
      "end" : 401,
      "text" : "a",
      "whiteSpace" : false
    }, {
      "id" : "s2-t7",
      "begin" : 402,
      "end" : 410,
      "text" : "evidence",
      "whiteSpace" : false
    }, {
      "id" : "s2-t8",
      "begin" : 411,
      "end" : 415,
      "text" : "that",
      "whiteSpace" : false
    }, {
      "id" : "s2-t9",
      "begin" : 416,
      "end" : 418,
      "text" : "he",
      "whiteSpace" : false
    }, {
      "id" : "s2-t10",
      "begin" : 419,
      "end" : 421,
      "text" : "is",
      "whiteSpace" : false
    }, {
      "id" : "s2-t11",
      "begin" : 422,
      "end" : 427,
      "text" : "still",
      "whiteSpace" : false
    }, {
      "id" : "s2-t12",
      "begin" : 428,
      "end" : 433,
      "text" : "alive",
      "whiteSpace" : false
    }, {
      "id" : "s2-t13",
      "begin" : 434,
      "end" : 437,
      "text" : "and",
      "whiteSpace" : false
    }, {
      "id" : "s2-t14",
      "begin" : 438,
      "end" : 441,
      "text" : "has",
      "whiteSpace" : false
    }, {
      "id" : "s2-t15",
      "begin" : 442,
      "end" : 448,
      "text" : "forged",
      "whiteSpace" : false
    }, {
      "id" : "s2-t16",
      "begin" : 449,
      "end" : 452,
      "text" : "his",
      "whiteSpace" : false
    }, {
      "id" : "s2-t17",
      "begin" : 453,
      "end" : 458,
      "text" : "death",
      "whiteSpace" : false
    }, {
      "id" : "s2-t18",
      "begin" : 459,
      "end" : 470,
      "text" : "certificate",
      "whiteSpace" : false
    }, {
      "id" : "s2-t19",
      "begin" : 470,
      "end" : 471,
      "text" : ".",
      "whiteSpace" : false
    } ]
  }, {
    "id" : "s3",
    "begin" : 472,
    "end" : 553,
    "text" : "We are, again and hopefully for the last time, reporting this to the authorities.",
    "tokens" : [ {
      "id" : "s3-t0",
      "begin" : 472,
      "end" : 474,
      "text" : "We",
      "whiteSpace" : false
    }, {
      "id" : "s3-t1",
      "begin" : 475,
      "end" : 478,
      "text" : "are",
      "whiteSpace" : false
    }, {
      "id" : "s3-t2",
      "begin" : 478,
      "end" : 479,
      "text" : ",",
      "whiteSpace" : false
    }, {
      "id" : "s3-t3",
      "begin" : 480,
      "end" : 485,
      "text" : "again",
      "whiteSpace" : false
    }, {
      "id" : "s3-t4",
      "begin" : 486,
      "end" : 489,
      "text" : "and",
      "whiteSpace" : false
    }, {
      "id" : "s3-t5",
      "begin" : 490,
      "end" : 499,
      "text" : "hopefully",
      "whiteSpace" : false
    }, {
      "id" : "s3-t6",
      "begin" : 500,
      "end" : 503,
      "text" : "for",
      "whiteSpace" : false
    }, {
      "id" : "s3-t7",
      "begin" : 504,
      "end" : 507,
      "text" : "the",
      "whiteSpace" : false
    }, {
      "id" : "s3-t8",
      "begin" : 508,
      "end" : 512,
      "text" : "last",
      "whiteSpace" : false
    }, {
      "id" : "s3-t9",
      "begin" : 513,
      "end" : 517,
      "text" : "time",
      "whiteSpace" : false
    }, {
      "id" : "s3-t10",
      "begin" : 517,
      "end" : 518,
      "text" : ",",
      "whiteSpace" : false
    }, {
      "id" : "s3-t11",
      "begin" : 519,
      "end" : 528,
      "text" : "reporting",
      "whiteSpace" : false
    }, {
      "id" : "s3-t12",
      "begin" : 529,
      "end" : 533,
      "text" : "this",
      "whiteSpace" : false
    }, {
      "id" : "s3-t13",
      "begin" : 534,
      "end" : 536,
      "text" : "to",
      "whiteSpace" : false
    }, {
      "id" : "s3-t14",
      "begin" : 537,
      "end" : 540,
      "text" : "the",
      "whiteSpace" : false
    }, {
      "id" : "s3-t15",
      "begin" : 541,
      "end" : 552,
      "text" : "authorities",
      "whiteSpace" : false
    }, {
      "id" : "s3-t16",
      "begin" : 552,
      "end" : 553,
      "text" : ".",
      "whiteSpace" : false
    } ]
  }, {
    "id" : "s4",
    "begin" : 555,
    "end" : 637,
    "text" : "Please never contact us again,\n    Kimberly Wilde,\n    John Hancock Insurance LLC.",
    "tokens" : [ {
      "id" : "s4-t0",
      "begin" : 555,
      "end" : 561,
      "text" : "Please",
      "whiteSpace" : false
    }, {
      "id" : "s4-t1",
      "begin" : 562,
      "end" : 567,
      "text" : "never",
      "whiteSpace" : false
    }, {
      "id" : "s4-t2",
      "begin" : 568,
      "end" : 575,
      "text" : "contact",
      "whiteSpace" : false
    }, {
      "id" : "s4-t3",
      "begin" : 576,
      "end" : 578,
      "text" : "us",
      "whiteSpace" : false
    }, {
      "id" : "s4-t4",
      "begin" : 579,
      "end" : 584,
      "text" : "again",
      "whiteSpace" : false
    }, {
      "id" : "s4-t5",
      "begin" : 584,
      "end" : 585,
      "text" : ",",
      "whiteSpace" : false
    }, {
      "id" : "s4-t6",
      "begin" : 590,
      "end" : 598,
      "text" : "Kimberly",
      "whiteSpace" : false
    }, {
      "id" : "s4-t7",
      "begin" : 599,
      "end" : 604,
      "text" : "Wilde",
      "whiteSpace" : false
    }, {
      "id" : "s4-t8",
      "begin" : 604,
      "end" : 605,
      "text" : ",",
      "whiteSpace" : false
    }, {
      "id" : "s4-t9",
      "begin" : 610,
      "end" : 614,
      "text" : "John",
      "whiteSpace" : false
    }, {
      "id" : "s4-t10",
      "begin" : 615,
      "end" : 622,
      "text" : "Hancock",
      "whiteSpace" : false
    }, {
      "id" : "s4-t11",
      "begin" : 623,
      "end" : 632,
      "text" : "Insurance",
      "whiteSpace" : false
    }, {
      "id" : "s4-t12",
      "begin" : 633,
      "end" : 636,
      "text" : "LLC",
      "whiteSpace" : false
    }, {
      "id" : "s4-t13",
      "begin" : 636,
      "end" : 637,
      "text" : ".",
      "whiteSpace" : false
    } ]
  } ],
  "mentions" : [ {
    "id" : "s0-m1",
    "properties" : {
      "SIRE_MENTION_ROLE" : "Name",
      "SIRE_ENTITY_SUBTYPE" : "NONE",
      "SIRE_MENTION_TYPE" : "NONE",
      "SIRE_MENTION_CLASS" : "SPC"
    },
    "type" : "Name",
    "begin" : 10,
    "end" : 25,
    "inCoref" : false
  }, {
    "id" : "s0-m2",
    "properties" : {
      "SIRE_MENTION_ROLE" : "Name",
      "SIRE_ENTITY_SUBTYPE" : "NONE",
      "SIRE_MENTION_TYPE" : "NONE",
      "SIRE_MENTION_CLASS" : "SPC"
    },
    "type" : "Name",
    "begin" : 120,
    "end" : 136,
    "inCoref" : false
  }, {
    "id" : "s1-m1",
    "properties" : {
      "SIRE_MENTION_ROLE" : "DOB",
      "SIRE_ENTITY_SUBTYPE" : "NONE",
      "SIRE_MENTION_TYPE" : "NONE",
      "SIRE_MENTION_CLASS" : "SPC"
    },
    "type" : "DOB",
    "begin" : 198,
    "end" : 207,
    "inCoref" : false
  }, {
    "id" : "s2-m1",
    "properties" : {
      "SIRE_MENTION_ROLE" : "SSN",
      "SIRE_ENTITY_SUBTYPE" : "NONE",
      "SIRE_MENTION_TYPE" : "NONE",
      "SIRE_MENTION_CLASS" : "SPC"
    },
    "type" : "SSN",
    "begin" : 367,
    "end" : 378,
    "inCoref" : false
  }, {
    "id" : "s4-m1",
    "properties" : {
      "SIRE_MENTION_ROLE" : "Name",
      "SIRE_ENTITY_SUBTYPE" : "NONE",
      "SIRE_MENTION_TYPE" : "NONE",
      "SIRE_MENTION_CLASS" : "SPC"
    },
    "type" : "Name",
    "begin" : 590,
    "end" : 604,
    "inCoref" : false
  } ],
  "relations" : [ ],
  "corefs" : [ ],
  "typeResolved" : true,
  "userResolved" : false
}