{
  "id" : "79951eb0-f589-11e7-bf0f-4749cb57bf77-14",
  "name" : "email15.txt",
  "createdDate" : 0,
  "version" : 3,
  "text" : "Dear Ryan Strong,\n\tYou are being contacted because your account has pending bills that have not been paid. Please pay these bills immediately or we will start affecting your credit score. We have your payment information already so please confirm the information below to accept the charge. Otherwise call us at 381-282-1838.\n\t\tSSN: 677-01-1021\n\t\tDOB: 16/04/1983\n\t\tAccount Number: 838373737\n\tPlease respond asap to get this cleared up.\nFrom Bank Co.",
  "docLength" : 0,
  "language" : "EN",
  "status" : "SUBMITTED",
  "modifiedDate" : 1515536601756,
  "documentSet" : [ ],
  "preannotation" : [ ],
  "sentences" : [ {
    "id" : "s0",
    "begin" : 0,
    "end" : 106,
    "text" : "Dear Ryan Strong,\n\tYou are being contacted because your account has pending bills that have not been paid.",
    "tokens" : [ {
      "id" : "s0-t0",
      "begin" : 0,
      "end" : 4,
      "text" : "Dear",
      "whiteSpace" : false
    }, {
      "id" : "s0-t1",
      "begin" : 5,
      "end" : 9,
      "text" : "Ryan",
      "whiteSpace" : false
    }, {
      "id" : "s0-t2",
      "begin" : 10,
      "end" : 16,
      "text" : "Strong",
      "whiteSpace" : false
    }, {
      "id" : "s0-t3",
      "begin" : 16,
      "end" : 17,
      "text" : ",",
      "whiteSpace" : false
    }, {
      "id" : "s0-t4",
      "begin" : 19,
      "end" : 22,
      "text" : "You",
      "whiteSpace" : false
    }, {
      "id" : "s0-t5",
      "begin" : 23,
      "end" : 26,
      "text" : "are",
      "whiteSpace" : false
    }, {
      "id" : "s0-t6",
      "begin" : 27,
      "end" : 32,
      "text" : "being",
      "whiteSpace" : false
    }, {
      "id" : "s0-t7",
      "begin" : 33,
      "end" : 42,
      "text" : "contacted",
      "whiteSpace" : false
    }, {
      "id" : "s0-t8",
      "begin" : 43,
      "end" : 50,
      "text" : "because",
      "whiteSpace" : false
    }, {
      "id" : "s0-t9",
      "begin" : 51,
      "end" : 55,
      "text" : "your",
      "whiteSpace" : false
    }, {
      "id" : "s0-t10",
      "begin" : 56,
      "end" : 63,
      "text" : "account",
      "whiteSpace" : false
    }, {
      "id" : "s0-t11",
      "begin" : 64,
      "end" : 67,
      "text" : "has",
      "whiteSpace" : false
    }, {
      "id" : "s0-t12",
      "begin" : 68,
      "end" : 75,
      "text" : "pending",
      "whiteSpace" : false
    }, {
      "id" : "s0-t13",
      "begin" : 76,
      "end" : 81,
      "text" : "bills",
      "whiteSpace" : false
    }, {
      "id" : "s0-t14",
      "begin" : 82,
      "end" : 86,
      "text" : "that",
      "whiteSpace" : false
    }, {
      "id" : "s0-t15",
      "begin" : 87,
      "end" : 91,
      "text" : "have",
      "whiteSpace" : false
    }, {
      "id" : "s0-t16",
      "begin" : 92,
      "end" : 95,
      "text" : "not",
      "whiteSpace" : false
    }, {
      "id" : "s0-t17",
      "begin" : 96,
      "end" : 100,
      "text" : "been",
      "whiteSpace" : false
    }, {
      "id" : "s0-t18",
      "begin" : 101,
      "end" : 105,
      "text" : "paid",
      "whiteSpace" : false
    }, {
      "id" : "s0-t19",
      "begin" : 105,
      "end" : 106,
      "text" : ".",
      "whiteSpace" : false
    } ]
  }, {
    "id" : "s1",
    "begin" : 107,
    "end" : 187,
    "text" : "Please pay these bills immediately or we will start affecting your credit score.",
    "tokens" : [ {
      "id" : "s1-t0",
      "begin" : 107,
      "end" : 113,
      "text" : "Please",
      "whiteSpace" : false
    }, {
      "id" : "s1-t1",
      "begin" : 114,
      "end" : 117,
      "text" : "pay",
      "whiteSpace" : false
    }, {
      "id" : "s1-t2",
      "begin" : 118,
      "end" : 123,
      "text" : "these",
      "whiteSpace" : false
    }, {
      "id" : "s1-t3",
      "begin" : 124,
      "end" : 129,
      "text" : "bills",
      "whiteSpace" : false
    }, {
      "id" : "s1-t4",
      "begin" : 130,
      "end" : 141,
      "text" : "immediately",
      "whiteSpace" : false
    }, {
      "id" : "s1-t5",
      "begin" : 142,
      "end" : 144,
      "text" : "or",
      "whiteSpace" : false
    }, {
      "id" : "s1-t6",
      "begin" : 145,
      "end" : 147,
      "text" : "we",
      "whiteSpace" : false
    }, {
      "id" : "s1-t7",
      "begin" : 148,
      "end" : 152,
      "text" : "will",
      "whiteSpace" : false
    }, {
      "id" : "s1-t8",
      "begin" : 153,
      "end" : 158,
      "text" : "start",
      "whiteSpace" : false
    }, {
      "id" : "s1-t9",
      "begin" : 159,
      "end" : 168,
      "text" : "affecting",
      "whiteSpace" : false
    }, {
      "id" : "s1-t10",
      "begin" : 169,
      "end" : 173,
      "text" : "your",
      "whiteSpace" : false
    }, {
      "id" : "s1-t11",
      "begin" : 174,
      "end" : 180,
      "text" : "credit",
      "whiteSpace" : false
    }, {
      "id" : "s1-t12",
      "begin" : 181,
      "end" : 186,
      "text" : "score",
      "whiteSpace" : false
    }, {
      "id" : "s1-t13",
      "begin" : 186,
      "end" : 187,
      "text" : ".",
      "whiteSpace" : false
    } ]
  }, {
    "id" : "s2",
    "begin" : 188,
    "end" : 290,
    "text" : "We have your payment information already so please confirm the information below to accept the charge.",
    "tokens" : [ {
      "id" : "s2-t0",
      "begin" : 188,
      "end" : 190,
      "text" : "We",
      "whiteSpace" : false
    }, {
      "id" : "s2-t1",
      "begin" : 191,
      "end" : 195,
      "text" : "have",
      "whiteSpace" : false
    }, {
      "id" : "s2-t2",
      "begin" : 196,
      "end" : 200,
      "text" : "your",
      "whiteSpace" : false
    }, {
      "id" : "s2-t3",
      "begin" : 201,
      "end" : 208,
      "text" : "payment",
      "whiteSpace" : false
    }, {
      "id" : "s2-t4",
      "begin" : 209,
      "end" : 220,
      "text" : "information",
      "whiteSpace" : false
    }, {
      "id" : "s2-t5",
      "begin" : 221,
      "end" : 228,
      "text" : "already",
      "whiteSpace" : false
    }, {
      "id" : "s2-t6",
      "begin" : 229,
      "end" : 231,
      "text" : "so",
      "whiteSpace" : false
    }, {
      "id" : "s2-t7",
      "begin" : 232,
      "end" : 238,
      "text" : "please",
      "whiteSpace" : false
    }, {
      "id" : "s2-t8",
      "begin" : 239,
      "end" : 246,
      "text" : "confirm",
      "whiteSpace" : false
    }, {
      "id" : "s2-t9",
      "begin" : 247,
      "end" : 250,
      "text" : "the",
      "whiteSpace" : false
    }, {
      "id" : "s2-t10",
      "begin" : 251,
      "end" : 262,
      "text" : "information",
      "whiteSpace" : false
    }, {
      "id" : "s2-t11",
      "begin" : 263,
      "end" : 268,
      "text" : "below",
      "whiteSpace" : false
    }, {
      "id" : "s2-t12",
      "begin" : 269,
      "end" : 271,
      "text" : "to",
      "whiteSpace" : false
    }, {
      "id" : "s2-t13",
      "begin" : 272,
      "end" : 278,
      "text" : "accept",
      "whiteSpace" : false
    }, {
      "id" : "s2-t14",
      "begin" : 279,
      "end" : 282,
      "text" : "the",
      "whiteSpace" : false
    }, {
      "id" : "s2-t15",
      "begin" : 283,
      "end" : 289,
      "text" : "charge",
      "whiteSpace" : false
    }, {
      "id" : "s2-t16",
      "begin" : 289,
      "end" : 290,
      "text" : ".",
      "whiteSpace" : false
    } ]
  }, {
    "id" : "s3",
    "begin" : 291,
    "end" : 325,
    "text" : "Otherwise call us at 381-282-1838.",
    "tokens" : [ {
      "id" : "s3-t0",
      "begin" : 291,
      "end" : 300,
      "text" : "Otherwise",
      "whiteSpace" : false
    }, {
      "id" : "s3-t1",
      "begin" : 301,
      "end" : 305,
      "text" : "call",
      "whiteSpace" : false
    }, {
      "id" : "s3-t2",
      "begin" : 306,
      "end" : 308,
      "text" : "us",
      "whiteSpace" : false
    }, {
      "id" : "s3-t3",
      "begin" : 309,
      "end" : 311,
      "text" : "at",
      "whiteSpace" : false
    }, {
      "id" : "s3-t4",
      "begin" : 312,
      "end" : 324,
      "text" : "381-282-1838",
      "whiteSpace" : false
    }, {
      "id" : "s3-t5",
      "begin" : 324,
      "end" : 325,
      "text" : ".",
      "whiteSpace" : false
    } ]
  }, {
    "id" : "s4",
    "begin" : 328,
    "end" : 435,
    "text" : "SSN: 677-01-1021\n\t\tDOB: 16/04/1983\n\t\tAccount Number: 838373737\n\tPlease respond asap to get this cleared up.",
    "tokens" : [ {
      "id" : "s4-t0",
      "begin" : 328,
      "end" : 331,
      "text" : "SSN",
      "whiteSpace" : false
    }, {
      "id" : "s4-t1",
      "begin" : 331,
      "end" : 332,
      "text" : ":",
      "whiteSpace" : false
    }, {
      "id" : "s4-t2",
      "begin" : 333,
      "end" : 344,
      "text" : "677-01-1021",
      "whiteSpace" : false
    }, {
      "id" : "s4-t3",
      "begin" : 347,
      "end" : 350,
      "text" : "DOB",
      "whiteSpace" : false
    }, {
      "id" : "s4-t4",
      "begin" : 350,
      "end" : 351,
      "text" : ":",
      "whiteSpace" : false
    }, {
      "id" : "s4-t5",
      "begin" : 352,
      "end" : 362,
      "text" : "16/04/1983",
      "whiteSpace" : false
    }, {
      "id" : "s4-t6",
      "begin" : 365,
      "end" : 372,
      "text" : "Account",
      "whiteSpace" : false
    }, {
      "id" : "s4-t7",
      "begin" : 373,
      "end" : 379,
      "text" : "Number",
      "whiteSpace" : false
    }, {
      "id" : "s4-t8",
      "begin" : 379,
      "end" : 380,
      "text" : ":",
      "whiteSpace" : false
    }, {
      "id" : "s4-t9",
      "begin" : 381,
      "end" : 390,
      "text" : "838373737",
      "whiteSpace" : false
    }, {
      "id" : "s4-t10",
      "begin" : 392,
      "end" : 398,
      "text" : "Please",
      "whiteSpace" : false
    }, {
      "id" : "s4-t11",
      "begin" : 399,
      "end" : 406,
      "text" : "respond",
      "whiteSpace" : false
    }, {
      "id" : "s4-t12",
      "begin" : 407,
      "end" : 411,
      "text" : "asap",
      "whiteSpace" : false
    }, {
      "id" : "s4-t13",
      "begin" : 412,
      "end" : 414,
      "text" : "to",
      "whiteSpace" : false
    }, {
      "id" : "s4-t14",
      "begin" : 415,
      "end" : 418,
      "text" : "get",
      "whiteSpace" : false
    }, {
      "id" : "s4-t15",
      "begin" : 419,
      "end" : 423,
      "text" : "this",
      "whiteSpace" : false
    }, {
      "id" : "s4-t16",
      "begin" : 424,
      "end" : 431,
      "text" : "cleared",
      "whiteSpace" : false
    }, {
      "id" : "s4-t17",
      "begin" : 432,
      "end" : 434,
      "text" : "up",
      "whiteSpace" : false
    }, {
      "id" : "s4-t18",
      "begin" : 434,
      "end" : 435,
      "text" : ".",
      "whiteSpace" : false
    } ]
  }, {
    "id" : "s5",
    "begin" : 436,
    "end" : 449,
    "text" : "From Bank Co.",
    "tokens" : [ {
      "id" : "s5-t0",
      "begin" : 436,
      "end" : 440,
      "text" : "From",
      "whiteSpace" : false
    }, {
      "id" : "s5-t1",
      "begin" : 441,
      "end" : 445,
      "text" : "Bank",
      "whiteSpace" : false
    }, {
      "id" : "s5-t2",
      "begin" : 446,
      "end" : 449,
      "text" : "Co.",
      "whiteSpace" : false
    } ]
  } ],
  "mentions" : [ {
    "id" : "s0-m1",
    "properties" : {
      "SIRE_MENTION_ROLE" : "Name",
      "SIRE_ENTITY_SUBTYPE" : "NONE",
      "SIRE_MENTION_TYPE" : "NONE",
      "SIRE_MENTION_CLASS" : "SPC"
    },
    "type" : "Name",
    "begin" : 5,
    "end" : 16,
    "inCoref" : false
  }, {
    "id" : "s4-m1",
    "properties" : {
      "SIRE_MENTION_ROLE" : "SSN",
      "SIRE_ENTITY_SUBTYPE" : "NONE",
      "SIRE_MENTION_TYPE" : "NONE",
      "SIRE_MENTION_CLASS" : "SPC"
    },
    "type" : "SSN",
    "begin" : 333,
    "end" : 344,
    "inCoref" : false
  }, {
    "id" : "s4-m2",
    "properties" : {
      "SIRE_MENTION_ROLE" : "DOB",
      "SIRE_ENTITY_SUBTYPE" : "NONE",
      "SIRE_MENTION_TYPE" : "NONE",
      "SIRE_MENTION_CLASS" : "SPC"
    },
    "type" : "DOB",
    "begin" : 352,
    "end" : 362,
    "inCoref" : false
  } ],
  "relations" : [ ],
  "corefs" : [ ],
  "typeResolved" : true,
  "userResolved" : false
}