{
  "id" : "79951eb0-f589-11e7-bf0f-4749cb57bf77-15",
  "name" : "email16.txt",
  "createdDate" : 0,
  "version" : 3,
  "text" : "Dear Mr. Wilson,\n\tWe are unfortunately emailing to alert you that we have detected that your identity has been stolen. We have frozen all accounts so that the theif was not able to get anything. The SSN 542145648 was detected being used on 01/18/18 at a Walgreens in New York City. Please confirm your DOB in order to get further instructions.\nFrom Identity Monitoring Co.",
  "docLength" : 0,
  "language" : "EN",
  "status" : "SUBMITTED",
  "modifiedDate" : 1515536618570,
  "documentSet" : [ ],
  "preannotation" : [ ],
  "sentences" : [ {
    "id" : "s0",
    "begin" : 0,
    "end" : 118,
    "text" : "Dear Mr. Wilson,\n\tWe are unfortunately emailing to alert you that we have detected that your identity has been stolen.",
    "tokens" : [ {
      "id" : "s0-t0",
      "begin" : 0,
      "end" : 4,
      "text" : "Dear",
      "whiteSpace" : false
    }, {
      "id" : "s0-t1",
      "begin" : 5,
      "end" : 8,
      "text" : "Mr.",
      "whiteSpace" : false
    }, {
      "id" : "s0-t2",
      "begin" : 9,
      "end" : 15,
      "text" : "Wilson",
      "whiteSpace" : false
    }, {
      "id" : "s0-t3",
      "begin" : 15,
      "end" : 16,
      "text" : ",",
      "whiteSpace" : false
    }, {
      "id" : "s0-t4",
      "begin" : 18,
      "end" : 20,
      "text" : "We",
      "whiteSpace" : false
    }, {
      "id" : "s0-t5",
      "begin" : 21,
      "end" : 24,
      "text" : "are",
      "whiteSpace" : false
    }, {
      "id" : "s0-t6",
      "begin" : 25,
      "end" : 38,
      "text" : "unfortunately",
      "whiteSpace" : false
    }, {
      "id" : "s0-t7",
      "begin" : 39,
      "end" : 47,
      "text" : "emailing",
      "whiteSpace" : false
    }, {
      "id" : "s0-t8",
      "begin" : 48,
      "end" : 50,
      "text" : "to",
      "whiteSpace" : false
    }, {
      "id" : "s0-t9",
      "begin" : 51,
      "end" : 56,
      "text" : "alert",
      "whiteSpace" : false
    }, {
      "id" : "s0-t10",
      "begin" : 57,
      "end" : 60,
      "text" : "you",
      "whiteSpace" : false
    }, {
      "id" : "s0-t11",
      "begin" : 61,
      "end" : 65,
      "text" : "that",
      "whiteSpace" : false
    }, {
      "id" : "s0-t12",
      "begin" : 66,
      "end" : 68,
      "text" : "we",
      "whiteSpace" : false
    }, {
      "id" : "s0-t13",
      "begin" : 69,
      "end" : 73,
      "text" : "have",
      "whiteSpace" : false
    }, {
      "id" : "s0-t14",
      "begin" : 74,
      "end" : 82,
      "text" : "detected",
      "whiteSpace" : false
    }, {
      "id" : "s0-t15",
      "begin" : 83,
      "end" : 87,
      "text" : "that",
      "whiteSpace" : false
    }, {
      "id" : "s0-t16",
      "begin" : 88,
      "end" : 92,
      "text" : "your",
      "whiteSpace" : false
    }, {
      "id" : "s0-t17",
      "begin" : 93,
      "end" : 101,
      "text" : "identity",
      "whiteSpace" : false
    }, {
      "id" : "s0-t18",
      "begin" : 102,
      "end" : 105,
      "text" : "has",
      "whiteSpace" : false
    }, {
      "id" : "s0-t19",
      "begin" : 106,
      "end" : 110,
      "text" : "been",
      "whiteSpace" : false
    }, {
      "id" : "s0-t20",
      "begin" : 111,
      "end" : 117,
      "text" : "stolen",
      "whiteSpace" : false
    }, {
      "id" : "s0-t21",
      "begin" : 117,
      "end" : 118,
      "text" : ".",
      "whiteSpace" : false
    } ]
  }, {
    "id" : "s1",
    "begin" : 119,
    "end" : 194,
    "text" : "We have frozen all accounts so that the theif was not able to get anything.",
    "tokens" : [ {
      "id" : "s1-t0",
      "begin" : 119,
      "end" : 121,
      "text" : "We",
      "whiteSpace" : false
    }, {
      "id" : "s1-t1",
      "begin" : 122,
      "end" : 126,
      "text" : "have",
      "whiteSpace" : false
    }, {
      "id" : "s1-t2",
      "begin" : 127,
      "end" : 133,
      "text" : "frozen",
      "whiteSpace" : false
    }, {
      "id" : "s1-t3",
      "begin" : 134,
      "end" : 137,
      "text" : "all",
      "whiteSpace" : false
    }, {
      "id" : "s1-t4",
      "begin" : 138,
      "end" : 146,
      "text" : "accounts",
      "whiteSpace" : false
    }, {
      "id" : "s1-t5",
      "begin" : 147,
      "end" : 149,
      "text" : "so",
      "whiteSpace" : false
    }, {
      "id" : "s1-t6",
      "begin" : 150,
      "end" : 154,
      "text" : "that",
      "whiteSpace" : false
    }, {
      "id" : "s1-t7",
      "begin" : 155,
      "end" : 158,
      "text" : "the",
      "whiteSpace" : false
    }, {
      "id" : "s1-t8",
      "begin" : 159,
      "end" : 164,
      "text" : "theif",
      "whiteSpace" : false
    }, {
      "id" : "s1-t9",
      "begin" : 165,
      "end" : 168,
      "text" : "was",
      "whiteSpace" : false
    }, {
      "id" : "s1-t10",
      "begin" : 169,
      "end" : 172,
      "text" : "not",
      "whiteSpace" : false
    }, {
      "id" : "s1-t11",
      "begin" : 173,
      "end" : 177,
      "text" : "able",
      "whiteSpace" : false
    }, {
      "id" : "s1-t12",
      "begin" : 178,
      "end" : 180,
      "text" : "to",
      "whiteSpace" : false
    }, {
      "id" : "s1-t13",
      "begin" : 181,
      "end" : 184,
      "text" : "get",
      "whiteSpace" : false
    }, {
      "id" : "s1-t14",
      "begin" : 185,
      "end" : 193,
      "text" : "anything",
      "whiteSpace" : false
    }, {
      "id" : "s1-t15",
      "begin" : 193,
      "end" : 194,
      "text" : ".",
      "whiteSpace" : false
    } ]
  }, {
    "id" : "s2",
    "begin" : 195,
    "end" : 281,
    "text" : "The SSN 542145648 was detected being used on 01/18/18 at a Walgreens in New York City.",
    "tokens" : [ {
      "id" : "s2-t0",
      "begin" : 195,
      "end" : 198,
      "text" : "The",
      "whiteSpace" : false
    }, {
      "id" : "s2-t1",
      "begin" : 199,
      "end" : 202,
      "text" : "SSN",
      "whiteSpace" : false
    }, {
      "id" : "s2-t2",
      "begin" : 203,
      "end" : 212,
      "text" : "542145648",
      "whiteSpace" : false
    }, {
      "id" : "s2-t3",
      "begin" : 213,
      "end" : 216,
      "text" : "was",
      "whiteSpace" : false
    }, {
      "id" : "s2-t4",
      "begin" : 217,
      "end" : 225,
      "text" : "detected",
      "whiteSpace" : false
    }, {
      "id" : "s2-t5",
      "begin" : 226,
      "end" : 231,
      "text" : "being",
      "whiteSpace" : false
    }, {
      "id" : "s2-t6",
      "begin" : 232,
      "end" : 236,
      "text" : "used",
      "whiteSpace" : false
    }, {
      "id" : "s2-t7",
      "begin" : 237,
      "end" : 239,
      "text" : "on",
      "whiteSpace" : false
    }, {
      "id" : "s2-t8",
      "begin" : 240,
      "end" : 248,
      "text" : "01/18/18",
      "whiteSpace" : false
    }, {
      "id" : "s2-t9",
      "begin" : 249,
      "end" : 251,
      "text" : "at",
      "whiteSpace" : false
    }, {
      "id" : "s2-t10",
      "begin" : 252,
      "end" : 253,
      "text" : "a",
      "whiteSpace" : false
    }, {
      "id" : "s2-t11",
      "begin" : 254,
      "end" : 263,
      "text" : "Walgreens",
      "whiteSpace" : false
    }, {
      "id" : "s2-t12",
      "begin" : 264,
      "end" : 266,
      "text" : "in",
      "whiteSpace" : false
    }, {
      "id" : "s2-t13",
      "begin" : 267,
      "end" : 270,
      "text" : "New",
      "whiteSpace" : false
    }, {
      "id" : "s2-t14",
      "begin" : 271,
      "end" : 275,
      "text" : "York",
      "whiteSpace" : false
    }, {
      "id" : "s2-t15",
      "begin" : 276,
      "end" : 280,
      "text" : "City",
      "whiteSpace" : false
    }, {
      "id" : "s2-t16",
      "begin" : 280,
      "end" : 281,
      "text" : ".",
      "whiteSpace" : false
    } ]
  }, {
    "id" : "s3",
    "begin" : 282,
    "end" : 343,
    "text" : "Please confirm your DOB in order to get further instructions.",
    "tokens" : [ {
      "id" : "s3-t0",
      "begin" : 282,
      "end" : 288,
      "text" : "Please",
      "whiteSpace" : false
    }, {
      "id" : "s3-t1",
      "begin" : 289,
      "end" : 296,
      "text" : "confirm",
      "whiteSpace" : false
    }, {
      "id" : "s3-t2",
      "begin" : 297,
      "end" : 301,
      "text" : "your",
      "whiteSpace" : false
    }, {
      "id" : "s3-t3",
      "begin" : 302,
      "end" : 305,
      "text" : "DOB",
      "whiteSpace" : false
    }, {
      "id" : "s3-t4",
      "begin" : 306,
      "end" : 308,
      "text" : "in",
      "whiteSpace" : false
    }, {
      "id" : "s3-t5",
      "begin" : 309,
      "end" : 314,
      "text" : "order",
      "whiteSpace" : false
    }, {
      "id" : "s3-t6",
      "begin" : 315,
      "end" : 317,
      "text" : "to",
      "whiteSpace" : false
    }, {
      "id" : "s3-t7",
      "begin" : 318,
      "end" : 321,
      "text" : "get",
      "whiteSpace" : false
    }, {
      "id" : "s3-t8",
      "begin" : 322,
      "end" : 329,
      "text" : "further",
      "whiteSpace" : false
    }, {
      "id" : "s3-t9",
      "begin" : 330,
      "end" : 342,
      "text" : "instructions",
      "whiteSpace" : false
    }, {
      "id" : "s3-t10",
      "begin" : 342,
      "end" : 343,
      "text" : ".",
      "whiteSpace" : false
    } ]
  }, {
    "id" : "s4",
    "begin" : 344,
    "end" : 372,
    "text" : "From Identity Monitoring Co.",
    "tokens" : [ {
      "id" : "s4-t0",
      "begin" : 344,
      "end" : 348,
      "text" : "From",
      "whiteSpace" : false
    }, {
      "id" : "s4-t1",
      "begin" : 349,
      "end" : 357,
      "text" : "Identity",
      "whiteSpace" : false
    }, {
      "id" : "s4-t2",
      "begin" : 358,
      "end" : 368,
      "text" : "Monitoring",
      "whiteSpace" : false
    }, {
      "id" : "s4-t3",
      "begin" : 369,
      "end" : 372,
      "text" : "Co.",
      "whiteSpace" : false
    } ]
  } ],
  "mentions" : [ {
    "id" : "s0-m1",
    "properties" : {
      "SIRE_MENTION_ROLE" : "Name",
      "SIRE_ENTITY_SUBTYPE" : "NONE",
      "SIRE_MENTION_TYPE" : "NONE",
      "SIRE_MENTION_CLASS" : "SPC"
    },
    "type" : "Name",
    "begin" : 9,
    "end" : 15,
    "inCoref" : false
  }, {
    "id" : "s2-m1",
    "properties" : {
      "SIRE_MENTION_ROLE" : "SSN",
      "SIRE_ENTITY_SUBTYPE" : "NONE",
      "SIRE_MENTION_TYPE" : "NONE",
      "SIRE_MENTION_CLASS" : "SPC"
    },
    "type" : "SSN",
    "begin" : 203,
    "end" : 212,
    "inCoref" : false
  } ],
  "relations" : [ ],
  "corefs" : [ ],
  "typeResolved" : true,
  "userResolved" : false
}