{
  "id" : "79951eb0-f589-11e7-bf0f-4749cb57bf77-7",
  "name" : "email8.txt",
  "createdDate" : 0,
  "version" : 3,
  "text" : "Hello Fedex\n\tI hope you are doing well. I am contacting you in regard to the delivery of my secure package on 01-03-17. I will not be there to receive but I approve you to leave it at the door. For authentication, my SSN is 495-14-6115 and my date-of-birth is 17/06/13. Please follow the instructions upon delivery and let me know if you have any further questions.\nMr. Wassel",
  "docLength" : 0,
  "language" : "EN",
  "status" : "SUBMITTED",
  "modifiedDate" : 1515536440244,
  "documentSet" : [ ],
  "preannotation" : [ ],
  "sentences" : [ {
    "id" : "s0",
    "begin" : 0,
    "end" : 39,
    "text" : "Hello Fedex\n\tI hope you are doing well.",
    "tokens" : [ {
      "id" : "s0-t0",
      "begin" : 0,
      "end" : 5,
      "text" : "Hello",
      "whiteSpace" : false
    }, {
      "id" : "s0-t1",
      "begin" : 6,
      "end" : 11,
      "text" : "Fedex",
      "whiteSpace" : false
    }, {
      "id" : "s0-t2",
      "begin" : 13,
      "end" : 14,
      "text" : "I",
      "whiteSpace" : false
    }, {
      "id" : "s0-t3",
      "begin" : 15,
      "end" : 19,
      "text" : "hope",
      "whiteSpace" : false
    }, {
      "id" : "s0-t4",
      "begin" : 20,
      "end" : 23,
      "text" : "you",
      "whiteSpace" : false
    }, {
      "id" : "s0-t5",
      "begin" : 24,
      "end" : 27,
      "text" : "are",
      "whiteSpace" : false
    }, {
      "id" : "s0-t6",
      "begin" : 28,
      "end" : 33,
      "text" : "doing",
      "whiteSpace" : false
    }, {
      "id" : "s0-t7",
      "begin" : 34,
      "end" : 38,
      "text" : "well",
      "whiteSpace" : false
    }, {
      "id" : "s0-t8",
      "begin" : 38,
      "end" : 39,
      "text" : ".",
      "whiteSpace" : false
    } ]
  }, {
    "id" : "s1",
    "begin" : 40,
    "end" : 119,
    "text" : "I am contacting you in regard to the delivery of my secure package on 01-03-17.",
    "tokens" : [ {
      "id" : "s1-t0",
      "begin" : 40,
      "end" : 41,
      "text" : "I",
      "whiteSpace" : false
    }, {
      "id" : "s1-t1",
      "begin" : 42,
      "end" : 44,
      "text" : "am",
      "whiteSpace" : false
    }, {
      "id" : "s1-t2",
      "begin" : 45,
      "end" : 55,
      "text" : "contacting",
      "whiteSpace" : false
    }, {
      "id" : "s1-t3",
      "begin" : 56,
      "end" : 59,
      "text" : "you",
      "whiteSpace" : false
    }, {
      "id" : "s1-t4",
      "begin" : 60,
      "end" : 62,
      "text" : "in",
      "whiteSpace" : false
    }, {
      "id" : "s1-t5",
      "begin" : 63,
      "end" : 69,
      "text" : "regard",
      "whiteSpace" : false
    }, {
      "id" : "s1-t6",
      "begin" : 70,
      "end" : 72,
      "text" : "to",
      "whiteSpace" : false
    }, {
      "id" : "s1-t7",
      "begin" : 73,
      "end" : 76,
      "text" : "the",
      "whiteSpace" : false
    }, {
      "id" : "s1-t8",
      "begin" : 77,
      "end" : 85,
      "text" : "delivery",
      "whiteSpace" : false
    }, {
      "id" : "s1-t9",
      "begin" : 86,
      "end" : 88,
      "text" : "of",
      "whiteSpace" : false
    }, {
      "id" : "s1-t10",
      "begin" : 89,
      "end" : 91,
      "text" : "my",
      "whiteSpace" : false
    }, {
      "id" : "s1-t11",
      "begin" : 92,
      "end" : 98,
      "text" : "secure",
      "whiteSpace" : false
    }, {
      "id" : "s1-t12",
      "begin" : 99,
      "end" : 106,
      "text" : "package",
      "whiteSpace" : false
    }, {
      "id" : "s1-t13",
      "begin" : 107,
      "end" : 109,
      "text" : "on",
      "whiteSpace" : false
    }, {
      "id" : "s1-t14",
      "begin" : 110,
      "end" : 118,
      "text" : "01-03-17",
      "whiteSpace" : false
    }, {
      "id" : "s1-t15",
      "begin" : 118,
      "end" : 119,
      "text" : ".",
      "whiteSpace" : false
    } ]
  }, {
    "id" : "s2",
    "begin" : 120,
    "end" : 193,
    "text" : "I will not be there to receive but I approve you to leave it at the door.",
    "tokens" : [ {
      "id" : "s2-t0",
      "begin" : 120,
      "end" : 121,
      "text" : "I",
      "whiteSpace" : false
    }, {
      "id" : "s2-t1",
      "begin" : 122,
      "end" : 126,
      "text" : "will",
      "whiteSpace" : false
    }, {
      "id" : "s2-t2",
      "begin" : 127,
      "end" : 130,
      "text" : "not",
      "whiteSpace" : false
    }, {
      "id" : "s2-t3",
      "begin" : 131,
      "end" : 133,
      "text" : "be",
      "whiteSpace" : false
    }, {
      "id" : "s2-t4",
      "begin" : 134,
      "end" : 139,
      "text" : "there",
      "whiteSpace" : false
    }, {
      "id" : "s2-t5",
      "begin" : 140,
      "end" : 142,
      "text" : "to",
      "whiteSpace" : false
    }, {
      "id" : "s2-t6",
      "begin" : 143,
      "end" : 150,
      "text" : "receive",
      "whiteSpace" : false
    }, {
      "id" : "s2-t7",
      "begin" : 151,
      "end" : 154,
      "text" : "but",
      "whiteSpace" : false
    }, {
      "id" : "s2-t8",
      "begin" : 155,
      "end" : 156,
      "text" : "I",
      "whiteSpace" : false
    }, {
      "id" : "s2-t9",
      "begin" : 157,
      "end" : 164,
      "text" : "approve",
      "whiteSpace" : false
    }, {
      "id" : "s2-t10",
      "begin" : 165,
      "end" : 168,
      "text" : "you",
      "whiteSpace" : false
    }, {
      "id" : "s2-t11",
      "begin" : 169,
      "end" : 171,
      "text" : "to",
      "whiteSpace" : false
    }, {
      "id" : "s2-t12",
      "begin" : 172,
      "end" : 177,
      "text" : "leave",
      "whiteSpace" : false
    }, {
      "id" : "s2-t13",
      "begin" : 178,
      "end" : 180,
      "text" : "it",
      "whiteSpace" : false
    }, {
      "id" : "s2-t14",
      "begin" : 181,
      "end" : 183,
      "text" : "at",
      "whiteSpace" : false
    }, {
      "id" : "s2-t15",
      "begin" : 184,
      "end" : 187,
      "text" : "the",
      "whiteSpace" : false
    }, {
      "id" : "s2-t16",
      "begin" : 188,
      "end" : 192,
      "text" : "door",
      "whiteSpace" : false
    }, {
      "id" : "s2-t17",
      "begin" : 192,
      "end" : 193,
      "text" : ".",
      "whiteSpace" : false
    } ]
  }, {
    "id" : "s3",
    "begin" : 194,
    "end" : 269,
    "text" : "For authentication, my SSN is 495-14-6115 and my date-of-birth is 17/06/13.",
    "tokens" : [ {
      "id" : "s3-t0",
      "begin" : 194,
      "end" : 197,
      "text" : "For",
      "whiteSpace" : false
    }, {
      "id" : "s3-t1",
      "begin" : 198,
      "end" : 212,
      "text" : "authentication",
      "whiteSpace" : false
    }, {
      "id" : "s3-t2",
      "begin" : 212,
      "end" : 213,
      "text" : ",",
      "whiteSpace" : false
    }, {
      "id" : "s3-t3",
      "begin" : 214,
      "end" : 216,
      "text" : "my",
      "whiteSpace" : false
    }, {
      "id" : "s3-t4",
      "begin" : 217,
      "end" : 220,
      "text" : "SSN",
      "whiteSpace" : false
    }, {
      "id" : "s3-t5",
      "begin" : 221,
      "end" : 223,
      "text" : "is",
      "whiteSpace" : false
    }, {
      "id" : "s3-t6",
      "begin" : 224,
      "end" : 235,
      "text" : "495-14-6115",
      "whiteSpace" : false
    }, {
      "id" : "s3-t7",
      "begin" : 236,
      "end" : 239,
      "text" : "and",
      "whiteSpace" : false
    }, {
      "id" : "s3-t8",
      "begin" : 240,
      "end" : 242,
      "text" : "my",
      "whiteSpace" : false
    }, {
      "id" : "s3-t9",
      "begin" : 243,
      "end" : 247,
      "text" : "date",
      "whiteSpace" : false
    }, {
      "id" : "s3-t10",
      "begin" : 247,
      "end" : 248,
      "text" : "-",
      "whiteSpace" : false
    }, {
      "id" : "s3-t11",
      "begin" : 248,
      "end" : 250,
      "text" : "of",
      "whiteSpace" : false
    }, {
      "id" : "s3-t12",
      "begin" : 250,
      "end" : 251,
      "text" : "-",
      "whiteSpace" : false
    }, {
      "id" : "s3-t13",
      "begin" : 251,
      "end" : 256,
      "text" : "birth",
      "whiteSpace" : false
    }, {
      "id" : "s3-t14",
      "begin" : 257,
      "end" : 259,
      "text" : "is",
      "whiteSpace" : false
    }, {
      "id" : "s3-t15",
      "begin" : 260,
      "end" : 268,
      "text" : "17/06/13",
      "whiteSpace" : false
    }, {
      "id" : "s3-t16",
      "begin" : 268,
      "end" : 269,
      "text" : ".",
      "whiteSpace" : false
    } ]
  }, {
    "id" : "s4",
    "begin" : 270,
    "end" : 365,
    "text" : "Please follow the instructions upon delivery and let me know if you have any further questions.",
    "tokens" : [ {
      "id" : "s4-t0",
      "begin" : 270,
      "end" : 276,
      "text" : "Please",
      "whiteSpace" : false
    }, {
      "id" : "s4-t1",
      "begin" : 277,
      "end" : 283,
      "text" : "follow",
      "whiteSpace" : false
    }, {
      "id" : "s4-t2",
      "begin" : 284,
      "end" : 287,
      "text" : "the",
      "whiteSpace" : false
    }, {
      "id" : "s4-t3",
      "begin" : 288,
      "end" : 300,
      "text" : "instructions",
      "whiteSpace" : false
    }, {
      "id" : "s4-t4",
      "begin" : 301,
      "end" : 305,
      "text" : "upon",
      "whiteSpace" : false
    }, {
      "id" : "s4-t5",
      "begin" : 306,
      "end" : 314,
      "text" : "delivery",
      "whiteSpace" : false
    }, {
      "id" : "s4-t6",
      "begin" : 315,
      "end" : 318,
      "text" : "and",
      "whiteSpace" : false
    }, {
      "id" : "s4-t7",
      "begin" : 319,
      "end" : 322,
      "text" : "let",
      "whiteSpace" : false
    }, {
      "id" : "s4-t8",
      "begin" : 323,
      "end" : 325,
      "text" : "me",
      "whiteSpace" : false
    }, {
      "id" : "s4-t9",
      "begin" : 326,
      "end" : 330,
      "text" : "know",
      "whiteSpace" : false
    }, {
      "id" : "s4-t10",
      "begin" : 331,
      "end" : 333,
      "text" : "if",
      "whiteSpace" : false
    }, {
      "id" : "s4-t11",
      "begin" : 334,
      "end" : 337,
      "text" : "you",
      "whiteSpace" : false
    }, {
      "id" : "s4-t12",
      "begin" : 338,
      "end" : 342,
      "text" : "have",
      "whiteSpace" : false
    }, {
      "id" : "s4-t13",
      "begin" : 343,
      "end" : 346,
      "text" : "any",
      "whiteSpace" : false
    }, {
      "id" : "s4-t14",
      "begin" : 347,
      "end" : 354,
      "text" : "further",
      "whiteSpace" : false
    }, {
      "id" : "s4-t15",
      "begin" : 355,
      "end" : 364,
      "text" : "questions",
      "whiteSpace" : false
    }, {
      "id" : "s4-t16",
      "begin" : 364,
      "end" : 365,
      "text" : ".",
      "whiteSpace" : false
    } ]
  }, {
    "id" : "s5",
    "begin" : 366,
    "end" : 376,
    "text" : "Mr. Wassel",
    "tokens" : [ {
      "id" : "s5-t0",
      "begin" : 366,
      "end" : 369,
      "text" : "Mr.",
      "whiteSpace" : false
    }, {
      "id" : "s5-t1",
      "begin" : 370,
      "end" : 376,
      "text" : "Wassel",
      "whiteSpace" : false
    } ]
  } ],
  "mentions" : [ {
    "id" : "s3-m1",
    "properties" : {
      "SIRE_MENTION_ROLE" : "SSN",
      "SIRE_ENTITY_SUBTYPE" : "NONE",
      "SIRE_MENTION_TYPE" : "NONE",
      "SIRE_MENTION_CLASS" : "SPC"
    },
    "type" : "SSN",
    "begin" : 224,
    "end" : 235,
    "inCoref" : false
  }, {
    "id" : "s3-m2",
    "properties" : {
      "SIRE_MENTION_ROLE" : "DOB",
      "SIRE_ENTITY_SUBTYPE" : "NONE",
      "SIRE_MENTION_TYPE" : "NONE",
      "SIRE_MENTION_CLASS" : "SPC"
    },
    "type" : "DOB",
    "begin" : 260,
    "end" : 268,
    "inCoref" : false
  }, {
    "id" : "s5-m1",
    "properties" : {
      "SIRE_MENTION_ROLE" : "Name",
      "SIRE_ENTITY_SUBTYPE" : "NONE",
      "SIRE_MENTION_TYPE" : "NONE",
      "SIRE_MENTION_CLASS" : "SPC"
    },
    "type" : "Name",
    "begin" : 370,
    "end" : 376,
    "inCoref" : false
  } ],
  "relations" : [ ],
  "corefs" : [ ],
  "typeResolved" : true,
  "userResolved" : false
}