{
  "id" : "79951eb0-f589-11e7-bf0f-4749cb57bf77-10",
  "name" : "email11.txt",
  "createdDate" : 0,
  "version" : 3,
  "text" : "Hello Ian M,\n\tI hope you are doing well. We are contacting you about your parking ticket. We have your ssn and DOB as 222629635 and 26/06/95 respectively. Please respond to confirm/deny these so that payment can be made by 01/13/18. Thank you",
  "docLength" : 0,
  "language" : "EN",
  "status" : "SUBMITTED",
  "modifiedDate" : 1515536516812,
  "documentSet" : [ ],
  "preannotation" : [ ],
  "sentences" : [ {
    "id" : "s0",
    "begin" : 0,
    "end" : 40,
    "text" : "Hello Ian M,\n\tI hope you are doing well.",
    "tokens" : [ {
      "id" : "s0-t0",
      "begin" : 0,
      "end" : 5,
      "text" : "Hello",
      "whiteSpace" : false
    }, {
      "id" : "s0-t1",
      "begin" : 6,
      "end" : 9,
      "text" : "Ian",
      "whiteSpace" : false
    }, {
      "id" : "s0-t2",
      "begin" : 10,
      "end" : 11,
      "text" : "M",
      "whiteSpace" : false
    }, {
      "id" : "s0-t3",
      "begin" : 11,
      "end" : 12,
      "text" : ",",
      "whiteSpace" : false
    }, {
      "id" : "s0-t4",
      "begin" : 14,
      "end" : 15,
      "text" : "I",
      "whiteSpace" : false
    }, {
      "id" : "s0-t5",
      "begin" : 16,
      "end" : 20,
      "text" : "hope",
      "whiteSpace" : false
    }, {
      "id" : "s0-t6",
      "begin" : 21,
      "end" : 24,
      "text" : "you",
      "whiteSpace" : false
    }, {
      "id" : "s0-t7",
      "begin" : 25,
      "end" : 28,
      "text" : "are",
      "whiteSpace" : false
    }, {
      "id" : "s0-t8",
      "begin" : 29,
      "end" : 34,
      "text" : "doing",
      "whiteSpace" : false
    }, {
      "id" : "s0-t9",
      "begin" : 35,
      "end" : 39,
      "text" : "well",
      "whiteSpace" : false
    }, {
      "id" : "s0-t10",
      "begin" : 39,
      "end" : 40,
      "text" : ".",
      "whiteSpace" : false
    } ]
  }, {
    "id" : "s1",
    "begin" : 41,
    "end" : 89,
    "text" : "We are contacting you about your parking ticket.",
    "tokens" : [ {
      "id" : "s1-t0",
      "begin" : 41,
      "end" : 43,
      "text" : "We",
      "whiteSpace" : false
    }, {
      "id" : "s1-t1",
      "begin" : 44,
      "end" : 47,
      "text" : "are",
      "whiteSpace" : false
    }, {
      "id" : "s1-t2",
      "begin" : 48,
      "end" : 58,
      "text" : "contacting",
      "whiteSpace" : false
    }, {
      "id" : "s1-t3",
      "begin" : 59,
      "end" : 62,
      "text" : "you",
      "whiteSpace" : false
    }, {
      "id" : "s1-t4",
      "begin" : 63,
      "end" : 68,
      "text" : "about",
      "whiteSpace" : false
    }, {
      "id" : "s1-t5",
      "begin" : 69,
      "end" : 73,
      "text" : "your",
      "whiteSpace" : false
    }, {
      "id" : "s1-t6",
      "begin" : 74,
      "end" : 81,
      "text" : "parking",
      "whiteSpace" : false
    }, {
      "id" : "s1-t7",
      "begin" : 82,
      "end" : 88,
      "text" : "ticket",
      "whiteSpace" : false
    }, {
      "id" : "s1-t8",
      "begin" : 88,
      "end" : 89,
      "text" : ".",
      "whiteSpace" : false
    } ]
  }, {
    "id" : "s2",
    "begin" : 90,
    "end" : 154,
    "text" : "We have your ssn and DOB as 222629635 and 26/06/95 respectively.",
    "tokens" : [ {
      "id" : "s2-t0",
      "begin" : 90,
      "end" : 92,
      "text" : "We",
      "whiteSpace" : false
    }, {
      "id" : "s2-t1",
      "begin" : 93,
      "end" : 97,
      "text" : "have",
      "whiteSpace" : false
    }, {
      "id" : "s2-t2",
      "begin" : 98,
      "end" : 102,
      "text" : "your",
      "whiteSpace" : false
    }, {
      "id" : "s2-t3",
      "begin" : 103,
      "end" : 106,
      "text" : "ssn",
      "whiteSpace" : false
    }, {
      "id" : "s2-t4",
      "begin" : 107,
      "end" : 110,
      "text" : "and",
      "whiteSpace" : false
    }, {
      "id" : "s2-t5",
      "begin" : 111,
      "end" : 114,
      "text" : "DOB",
      "whiteSpace" : false
    }, {
      "id" : "s2-t6",
      "begin" : 115,
      "end" : 117,
      "text" : "as",
      "whiteSpace" : false
    }, {
      "id" : "s2-t7",
      "begin" : 118,
      "end" : 127,
      "text" : "222629635",
      "whiteSpace" : false
    }, {
      "id" : "s2-t8",
      "begin" : 128,
      "end" : 131,
      "text" : "and",
      "whiteSpace" : false
    }, {
      "id" : "s2-t9",
      "begin" : 132,
      "end" : 140,
      "text" : "26/06/95",
      "whiteSpace" : false
    }, {
      "id" : "s2-t10",
      "begin" : 141,
      "end" : 153,
      "text" : "respectively",
      "whiteSpace" : false
    }, {
      "id" : "s2-t11",
      "begin" : 153,
      "end" : 154,
      "text" : ".",
      "whiteSpace" : false
    } ]
  }, {
    "id" : "s3",
    "begin" : 155,
    "end" : 232,
    "text" : "Please respond to confirm/deny these so that payment can be made by 01/13/18.",
    "tokens" : [ {
      "id" : "s3-t0",
      "begin" : 155,
      "end" : 161,
      "text" : "Please",
      "whiteSpace" : false
    }, {
      "id" : "s3-t1",
      "begin" : 162,
      "end" : 169,
      "text" : "respond",
      "whiteSpace" : false
    }, {
      "id" : "s3-t2",
      "begin" : 170,
      "end" : 172,
      "text" : "to",
      "whiteSpace" : false
    }, {
      "id" : "s3-t3",
      "begin" : 173,
      "end" : 180,
      "text" : "confirm",
      "whiteSpace" : false
    }, {
      "id" : "s3-t4",
      "begin" : 180,
      "end" : 181,
      "text" : "/",
      "whiteSpace" : false
    }, {
      "id" : "s3-t5",
      "begin" : 181,
      "end" : 185,
      "text" : "deny",
      "whiteSpace" : false
    }, {
      "id" : "s3-t6",
      "begin" : 186,
      "end" : 191,
      "text" : "these",
      "whiteSpace" : false
    }, {
      "id" : "s3-t7",
      "begin" : 192,
      "end" : 194,
      "text" : "so",
      "whiteSpace" : false
    }, {
      "id" : "s3-t8",
      "begin" : 195,
      "end" : 199,
      "text" : "that",
      "whiteSpace" : false
    }, {
      "id" : "s3-t9",
      "begin" : 200,
      "end" : 207,
      "text" : "payment",
      "whiteSpace" : false
    }, {
      "id" : "s3-t10",
      "begin" : 208,
      "end" : 211,
      "text" : "can",
      "whiteSpace" : false
    }, {
      "id" : "s3-t11",
      "begin" : 212,
      "end" : 214,
      "text" : "be",
      "whiteSpace" : false
    }, {
      "id" : "s3-t12",
      "begin" : 215,
      "end" : 219,
      "text" : "made",
      "whiteSpace" : false
    }, {
      "id" : "s3-t13",
      "begin" : 220,
      "end" : 222,
      "text" : "by",
      "whiteSpace" : false
    }, {
      "id" : "s3-t14",
      "begin" : 223,
      "end" : 231,
      "text" : "01/13/18",
      "whiteSpace" : false
    }, {
      "id" : "s3-t15",
      "begin" : 231,
      "end" : 232,
      "text" : ".",
      "whiteSpace" : false
    } ]
  }, {
    "id" : "s4",
    "begin" : 233,
    "end" : 242,
    "text" : "Thank you",
    "tokens" : [ {
      "id" : "s4-t0",
      "begin" : 233,
      "end" : 238,
      "text" : "Thank",
      "whiteSpace" : false
    }, {
      "id" : "s4-t1",
      "begin" : 239,
      "end" : 242,
      "text" : "you",
      "whiteSpace" : false
    } ]
  } ],
  "mentions" : [ {
    "id" : "s0-m1",
    "properties" : {
      "SIRE_MENTION_ROLE" : "Name",
      "SIRE_ENTITY_SUBTYPE" : "NONE",
      "SIRE_MENTION_TYPE" : "NONE",
      "SIRE_MENTION_CLASS" : "SPC"
    },
    "type" : "Name",
    "begin" : 6,
    "end" : 11,
    "inCoref" : false
  }, {
    "id" : "s2-m1",
    "properties" : {
      "SIRE_MENTION_ROLE" : "SSN",
      "SIRE_ENTITY_SUBTYPE" : "NONE",
      "SIRE_MENTION_TYPE" : "NONE",
      "SIRE_MENTION_CLASS" : "SPC"
    },
    "type" : "SSN",
    "begin" : 118,
    "end" : 127,
    "inCoref" : false
  }, {
    "id" : "s2-m2",
    "properties" : {
      "SIRE_MENTION_ROLE" : "DOB",
      "SIRE_ENTITY_SUBTYPE" : "NONE",
      "SIRE_MENTION_TYPE" : "NONE",
      "SIRE_MENTION_CLASS" : "SPC"
    },
    "type" : "DOB",
    "begin" : 132,
    "end" : 140,
    "inCoref" : false
  } ],
  "relations" : [ ],
  "corefs" : [ ],
  "typeResolved" : true,
  "userResolved" : false
}