{
  "id" : "79951eb0-f589-11e7-bf0f-4749cb57bf77-11",
  "name" : "email12.txt",
  "createdDate" : 0,
  "version" : 3,
  "text" : "To Who it may concern,\n\tI would like a new insurance plan under your company. I was told to provide my ssn (037-66-0810) and dob (14/04/94) so that you can locate my previous records and give me a quote. Please let me know if you need anything else and I will get that to you as well.\nZia Marshall",
  "docLength" : 0,
  "language" : "EN",
  "status" : "SUBMITTED",
  "modifiedDate" : 1515536545937,
  "documentSet" : [ ],
  "preannotation" : [ ],
  "sentences" : [ {
    "id" : "s0",
    "begin" : 0,
    "end" : 77,
    "text" : "To Who it may concern,\n\tI would like a new insurance plan under your company.",
    "tokens" : [ {
      "id" : "s0-t0",
      "begin" : 0,
      "end" : 2,
      "text" : "To",
      "whiteSpace" : false
    }, {
      "id" : "s0-t1",
      "begin" : 3,
      "end" : 6,
      "text" : "Who",
      "whiteSpace" : false
    }, {
      "id" : "s0-t2",
      "begin" : 7,
      "end" : 9,
      "text" : "it",
      "whiteSpace" : false
    }, {
      "id" : "s0-t3",
      "begin" : 10,
      "end" : 13,
      "text" : "may",
      "whiteSpace" : false
    }, {
      "id" : "s0-t4",
      "begin" : 14,
      "end" : 21,
      "text" : "concern",
      "whiteSpace" : false
    }, {
      "id" : "s0-t5",
      "begin" : 21,
      "end" : 22,
      "text" : ",",
      "whiteSpace" : false
    }, {
      "id" : "s0-t6",
      "begin" : 24,
      "end" : 25,
      "text" : "I",
      "whiteSpace" : false
    }, {
      "id" : "s0-t7",
      "begin" : 26,
      "end" : 31,
      "text" : "would",
      "whiteSpace" : false
    }, {
      "id" : "s0-t8",
      "begin" : 32,
      "end" : 36,
      "text" : "like",
      "whiteSpace" : false
    }, {
      "id" : "s0-t9",
      "begin" : 37,
      "end" : 38,
      "text" : "a",
      "whiteSpace" : false
    }, {
      "id" : "s0-t10",
      "begin" : 39,
      "end" : 42,
      "text" : "new",
      "whiteSpace" : false
    }, {
      "id" : "s0-t11",
      "begin" : 43,
      "end" : 52,
      "text" : "insurance",
      "whiteSpace" : false
    }, {
      "id" : "s0-t12",
      "begin" : 53,
      "end" : 57,
      "text" : "plan",
      "whiteSpace" : false
    }, {
      "id" : "s0-t13",
      "begin" : 58,
      "end" : 63,
      "text" : "under",
      "whiteSpace" : false
    }, {
      "id" : "s0-t14",
      "begin" : 64,
      "end" : 68,
      "text" : "your",
      "whiteSpace" : false
    }, {
      "id" : "s0-t15",
      "begin" : 69,
      "end" : 76,
      "text" : "company",
      "whiteSpace" : false
    }, {
      "id" : "s0-t16",
      "begin" : 76,
      "end" : 77,
      "text" : ".",
      "whiteSpace" : false
    } ]
  }, {
    "id" : "s1",
    "begin" : 78,
    "end" : 203,
    "text" : "I was told to provide my ssn (037-66-0810) and dob (14/04/94) so that you can locate my previous records and give me a quote.",
    "tokens" : [ {
      "id" : "s1-t0",
      "begin" : 78,
      "end" : 79,
      "text" : "I",
      "whiteSpace" : false
    }, {
      "id" : "s1-t1",
      "begin" : 80,
      "end" : 83,
      "text" : "was",
      "whiteSpace" : false
    }, {
      "id" : "s1-t2",
      "begin" : 84,
      "end" : 88,
      "text" : "told",
      "whiteSpace" : false
    }, {
      "id" : "s1-t3",
      "begin" : 89,
      "end" : 91,
      "text" : "to",
      "whiteSpace" : false
    }, {
      "id" : "s1-t4",
      "begin" : 92,
      "end" : 99,
      "text" : "provide",
      "whiteSpace" : false
    }, {
      "id" : "s1-t5",
      "begin" : 100,
      "end" : 102,
      "text" : "my",
      "whiteSpace" : false
    }, {
      "id" : "s1-t6",
      "begin" : 103,
      "end" : 106,
      "text" : "ssn",
      "whiteSpace" : false
    }, {
      "id" : "s1-t7",
      "begin" : 107,
      "end" : 108,
      "text" : "(",
      "whiteSpace" : false
    }, {
      "id" : "s1-t8",
      "begin" : 108,
      "end" : 119,
      "text" : "037-66-0810",
      "whiteSpace" : false
    }, {
      "id" : "s1-t9",
      "begin" : 119,
      "end" : 120,
      "text" : ")",
      "whiteSpace" : false
    }, {
      "id" : "s1-t10",
      "begin" : 121,
      "end" : 124,
      "text" : "and",
      "whiteSpace" : false
    }, {
      "id" : "s1-t11",
      "begin" : 125,
      "end" : 128,
      "text" : "dob",
      "whiteSpace" : false
    }, {
      "id" : "s1-t12",
      "begin" : 129,
      "end" : 130,
      "text" : "(",
      "whiteSpace" : false
    }, {
      "id" : "s1-t13",
      "begin" : 130,
      "end" : 138,
      "text" : "14/04/94",
      "whiteSpace" : false
    }, {
      "id" : "s1-t14",
      "begin" : 138,
      "end" : 139,
      "text" : ")",
      "whiteSpace" : false
    }, {
      "id" : "s1-t15",
      "begin" : 140,
      "end" : 142,
      "text" : "so",
      "whiteSpace" : false
    }, {
      "id" : "s1-t16",
      "begin" : 143,
      "end" : 147,
      "text" : "that",
      "whiteSpace" : false
    }, {
      "id" : "s1-t17",
      "begin" : 148,
      "end" : 151,
      "text" : "you",
      "whiteSpace" : false
    }, {
      "id" : "s1-t18",
      "begin" : 152,
      "end" : 155,
      "text" : "can",
      "whiteSpace" : false
    }, {
      "id" : "s1-t19",
      "begin" : 156,
      "end" : 162,
      "text" : "locate",
      "whiteSpace" : false
    }, {
      "id" : "s1-t20",
      "begin" : 163,
      "end" : 165,
      "text" : "my",
      "whiteSpace" : false
    }, {
      "id" : "s1-t21",
      "begin" : 166,
      "end" : 174,
      "text" : "previous",
      "whiteSpace" : false
    }, {
      "id" : "s1-t22",
      "begin" : 175,
      "end" : 182,
      "text" : "records",
      "whiteSpace" : false
    }, {
      "id" : "s1-t23",
      "begin" : 183,
      "end" : 186,
      "text" : "and",
      "whiteSpace" : false
    }, {
      "id" : "s1-t24",
      "begin" : 187,
      "end" : 191,
      "text" : "give",
      "whiteSpace" : false
    }, {
      "id" : "s1-t25",
      "begin" : 192,
      "end" : 194,
      "text" : "me",
      "whiteSpace" : false
    }, {
      "id" : "s1-t26",
      "begin" : 195,
      "end" : 196,
      "text" : "a",
      "whiteSpace" : false
    }, {
      "id" : "s1-t27",
      "begin" : 197,
      "end" : 202,
      "text" : "quote",
      "whiteSpace" : false
    }, {
      "id" : "s1-t28",
      "begin" : 202,
      "end" : 203,
      "text" : ".",
      "whiteSpace" : false
    } ]
  }, {
    "id" : "s2",
    "begin" : 204,
    "end" : 284,
    "text" : "Please let me know if you need anything else and I will get that to you as well.",
    "tokens" : [ {
      "id" : "s2-t0",
      "begin" : 204,
      "end" : 210,
      "text" : "Please",
      "whiteSpace" : false
    }, {
      "id" : "s2-t1",
      "begin" : 211,
      "end" : 214,
      "text" : "let",
      "whiteSpace" : false
    }, {
      "id" : "s2-t2",
      "begin" : 215,
      "end" : 217,
      "text" : "me",
      "whiteSpace" : false
    }, {
      "id" : "s2-t3",
      "begin" : 218,
      "end" : 222,
      "text" : "know",
      "whiteSpace" : false
    }, {
      "id" : "s2-t4",
      "begin" : 223,
      "end" : 225,
      "text" : "if",
      "whiteSpace" : false
    }, {
      "id" : "s2-t5",
      "begin" : 226,
      "end" : 229,
      "text" : "you",
      "whiteSpace" : false
    }, {
      "id" : "s2-t6",
      "begin" : 230,
      "end" : 234,
      "text" : "need",
      "whiteSpace" : false
    }, {
      "id" : "s2-t7",
      "begin" : 235,
      "end" : 243,
      "text" : "anything",
      "whiteSpace" : false
    }, {
      "id" : "s2-t8",
      "begin" : 244,
      "end" : 248,
      "text" : "else",
      "whiteSpace" : false
    }, {
      "id" : "s2-t9",
      "begin" : 249,
      "end" : 252,
      "text" : "and",
      "whiteSpace" : false
    }, {
      "id" : "s2-t10",
      "begin" : 253,
      "end" : 254,
      "text" : "I",
      "whiteSpace" : false
    }, {
      "id" : "s2-t11",
      "begin" : 255,
      "end" : 259,
      "text" : "will",
      "whiteSpace" : false
    }, {
      "id" : "s2-t12",
      "begin" : 260,
      "end" : 263,
      "text" : "get",
      "whiteSpace" : false
    }, {
      "id" : "s2-t13",
      "begin" : 264,
      "end" : 268,
      "text" : "that",
      "whiteSpace" : false
    }, {
      "id" : "s2-t14",
      "begin" : 269,
      "end" : 271,
      "text" : "to",
      "whiteSpace" : false
    }, {
      "id" : "s2-t15",
      "begin" : 272,
      "end" : 275,
      "text" : "you",
      "whiteSpace" : false
    }, {
      "id" : "s2-t16",
      "begin" : 276,
      "end" : 278,
      "text" : "as",
      "whiteSpace" : false
    }, {
      "id" : "s2-t17",
      "begin" : 279,
      "end" : 283,
      "text" : "well",
      "whiteSpace" : false
    }, {
      "id" : "s2-t18",
      "begin" : 283,
      "end" : 284,
      "text" : ".",
      "whiteSpace" : false
    } ]
  }, {
    "id" : "s3",
    "begin" : 285,
    "end" : 297,
    "text" : "Zia Marshall",
    "tokens" : [ {
      "id" : "s3-t0",
      "begin" : 285,
      "end" : 288,
      "text" : "Zia",
      "whiteSpace" : false
    }, {
      "id" : "s3-t1",
      "begin" : 289,
      "end" : 297,
      "text" : "Marshall",
      "whiteSpace" : false
    } ]
  } ],
  "mentions" : [ {
    "id" : "s1-m1",
    "properties" : {
      "SIRE_MENTION_ROLE" : "SSN",
      "SIRE_ENTITY_SUBTYPE" : "NONE",
      "SIRE_MENTION_TYPE" : "NONE",
      "SIRE_MENTION_CLASS" : "SPC"
    },
    "type" : "SSN",
    "begin" : 108,
    "end" : 119,
    "inCoref" : false
  }, {
    "id" : "s1-m2",
    "properties" : {
      "SIRE_MENTION_ROLE" : "DOB",
      "SIRE_ENTITY_SUBTYPE" : "NONE",
      "SIRE_MENTION_TYPE" : "NONE",
      "SIRE_MENTION_CLASS" : "SPC"
    },
    "type" : "DOB",
    "begin" : 130,
    "end" : 138,
    "inCoref" : false
  }, {
    "id" : "s3-m1",
    "properties" : {
      "SIRE_MENTION_ROLE" : "Name",
      "SIRE_ENTITY_SUBTYPE" : "NONE",
      "SIRE_MENTION_TYPE" : "NONE",
      "SIRE_MENTION_CLASS" : "SPC"
    },
    "type" : "Name",
    "begin" : 285,
    "end" : 297,
    "inCoref" : false
  } ],
  "relations" : [ ],
  "corefs" : [ ],
  "typeResolved" : true,
  "userResolved" : false
}