{
  "id" : "79951eb0-f589-11e7-bf0f-4749cb57bf77-4",
  "name" : "email5.txt",
  "createdDate" : 0,
  "version" : 3,
  "text" : "Dear Staff,\n\tI am emailing to inform you that the break room has run out of soda and hasn't been restocked since 12/14/17. Please remedy this issue immediately or all developers will cease work. If you need to contact me, my name is Bill Matthews, date of birth is 01/19/92, and social is 502237086 (if needed). Thank you and I hope to hear from you soon.\n",
  "docLength" : 0,
  "language" : "EN",
  "status" : "SUBMITTED",
  "modifiedDate" : 1515536372631,
  "documentSet" : [ ],
  "preannotation" : [ ],
  "sentences" : [ {
    "id" : "s0",
    "begin" : 0,
    "end" : 122,
    "text" : "Dear Staff,\n\tI am emailing to inform you that the break room has run out of soda and hasn't been restocked since 12/14/17.",
    "tokens" : [ {
      "id" : "s0-t0",
      "begin" : 0,
      "end" : 4,
      "text" : "Dear",
      "whiteSpace" : false
    }, {
      "id" : "s0-t1",
      "begin" : 5,
      "end" : 10,
      "text" : "Staff",
      "whiteSpace" : false
    }, {
      "id" : "s0-t2",
      "begin" : 10,
      "end" : 11,
      "text" : ",",
      "whiteSpace" : false
    }, {
      "id" : "s0-t3",
      "begin" : 13,
      "end" : 14,
      "text" : "I",
      "whiteSpace" : false
    }, {
      "id" : "s0-t4",
      "begin" : 15,
      "end" : 17,
      "text" : "am",
      "whiteSpace" : false
    }, {
      "id" : "s0-t5",
      "begin" : 18,
      "end" : 26,
      "text" : "emailing",
      "whiteSpace" : false
    }, {
      "id" : "s0-t6",
      "begin" : 27,
      "end" : 29,
      "text" : "to",
      "whiteSpace" : false
    }, {
      "id" : "s0-t7",
      "begin" : 30,
      "end" : 36,
      "text" : "inform",
      "whiteSpace" : false
    }, {
      "id" : "s0-t8",
      "begin" : 37,
      "end" : 40,
      "text" : "you",
      "whiteSpace" : false
    }, {
      "id" : "s0-t9",
      "begin" : 41,
      "end" : 45,
      "text" : "that",
      "whiteSpace" : false
    }, {
      "id" : "s0-t10",
      "begin" : 46,
      "end" : 49,
      "text" : "the",
      "whiteSpace" : false
    }, {
      "id" : "s0-t11",
      "begin" : 50,
      "end" : 55,
      "text" : "break",
      "whiteSpace" : false
    }, {
      "id" : "s0-t12",
      "begin" : 56,
      "end" : 60,
      "text" : "room",
      "whiteSpace" : false
    }, {
      "id" : "s0-t13",
      "begin" : 61,
      "end" : 64,
      "text" : "has",
      "whiteSpace" : false
    }, {
      "id" : "s0-t14",
      "begin" : 65,
      "end" : 68,
      "text" : "run",
      "whiteSpace" : false
    }, {
      "id" : "s0-t15",
      "begin" : 69,
      "end" : 72,
      "text" : "out",
      "whiteSpace" : false
    }, {
      "id" : "s0-t16",
      "begin" : 73,
      "end" : 75,
      "text" : "of",
      "whiteSpace" : false
    }, {
      "id" : "s0-t17",
      "begin" : 76,
      "end" : 80,
      "text" : "soda",
      "whiteSpace" : false
    }, {
      "id" : "s0-t18",
      "begin" : 81,
      "end" : 84,
      "text" : "and",
      "whiteSpace" : false
    }, {
      "id" : "s0-t19",
      "begin" : 85,
      "end" : 88,
      "text" : "has",
      "whiteSpace" : false
    }, {
      "id" : "s0-t20",
      "begin" : 88,
      "end" : 91,
      "text" : "n't",
      "whiteSpace" : false
    }, {
      "id" : "s0-t21",
      "begin" : 92,
      "end" : 96,
      "text" : "been",
      "whiteSpace" : false
    }, {
      "id" : "s0-t22",
      "begin" : 97,
      "end" : 106,
      "text" : "restocked",
      "whiteSpace" : false
    }, {
      "id" : "s0-t23",
      "begin" : 107,
      "end" : 112,
      "text" : "since",
      "whiteSpace" : false
    }, {
      "id" : "s0-t24",
      "begin" : 113,
      "end" : 121,
      "text" : "12/14/17",
      "whiteSpace" : false
    }, {
      "id" : "s0-t25",
      "begin" : 121,
      "end" : 122,
      "text" : ".",
      "whiteSpace" : false
    } ]
  }, {
    "id" : "s1",
    "begin" : 123,
    "end" : 194,
    "text" : "Please remedy this issue immediately or all developers will cease work.",
    "tokens" : [ {
      "id" : "s1-t0",
      "begin" : 123,
      "end" : 129,
      "text" : "Please",
      "whiteSpace" : false
    }, {
      "id" : "s1-t1",
      "begin" : 130,
      "end" : 136,
      "text" : "remedy",
      "whiteSpace" : false
    }, {
      "id" : "s1-t2",
      "begin" : 137,
      "end" : 141,
      "text" : "this",
      "whiteSpace" : false
    }, {
      "id" : "s1-t3",
      "begin" : 142,
      "end" : 147,
      "text" : "issue",
      "whiteSpace" : false
    }, {
      "id" : "s1-t4",
      "begin" : 148,
      "end" : 159,
      "text" : "immediately",
      "whiteSpace" : false
    }, {
      "id" : "s1-t5",
      "begin" : 160,
      "end" : 162,
      "text" : "or",
      "whiteSpace" : false
    }, {
      "id" : "s1-t6",
      "begin" : 163,
      "end" : 166,
      "text" : "all",
      "whiteSpace" : false
    }, {
      "id" : "s1-t7",
      "begin" : 167,
      "end" : 177,
      "text" : "developers",
      "whiteSpace" : false
    }, {
      "id" : "s1-t8",
      "begin" : 178,
      "end" : 182,
      "text" : "will",
      "whiteSpace" : false
    }, {
      "id" : "s1-t9",
      "begin" : 183,
      "end" : 188,
      "text" : "cease",
      "whiteSpace" : false
    }, {
      "id" : "s1-t10",
      "begin" : 189,
      "end" : 193,
      "text" : "work",
      "whiteSpace" : false
    }, {
      "id" : "s1-t11",
      "begin" : 193,
      "end" : 194,
      "text" : ".",
      "whiteSpace" : false
    } ]
  }, {
    "id" : "s2",
    "begin" : 195,
    "end" : 311,
    "text" : "If you need to contact me, my name is Bill Matthews, date of birth is 01/19/92, and social is 502237086 (if needed).",
    "tokens" : [ {
      "id" : "s2-t0",
      "begin" : 195,
      "end" : 197,
      "text" : "If",
      "whiteSpace" : false
    }, {
      "id" : "s2-t1",
      "begin" : 198,
      "end" : 201,
      "text" : "you",
      "whiteSpace" : false
    }, {
      "id" : "s2-t2",
      "begin" : 202,
      "end" : 206,
      "text" : "need",
      "whiteSpace" : false
    }, {
      "id" : "s2-t3",
      "begin" : 207,
      "end" : 209,
      "text" : "to",
      "whiteSpace" : false
    }, {
      "id" : "s2-t4",
      "begin" : 210,
      "end" : 217,
      "text" : "contact",
      "whiteSpace" : false
    }, {
      "id" : "s2-t5",
      "begin" : 218,
      "end" : 220,
      "text" : "me",
      "whiteSpace" : false
    }, {
      "id" : "s2-t6",
      "begin" : 220,
      "end" : 221,
      "text" : ",",
      "whiteSpace" : false
    }, {
      "id" : "s2-t7",
      "begin" : 222,
      "end" : 224,
      "text" : "my",
      "whiteSpace" : false
    }, {
      "id" : "s2-t8",
      "begin" : 225,
      "end" : 229,
      "text" : "name",
      "whiteSpace" : false
    }, {
      "id" : "s2-t9",
      "begin" : 230,
      "end" : 232,
      "text" : "is",
      "whiteSpace" : false
    }, {
      "id" : "s2-t10",
      "begin" : 233,
      "end" : 237,
      "text" : "Bill",
      "whiteSpace" : false
    }, {
      "id" : "s2-t11",
      "begin" : 238,
      "end" : 246,
      "text" : "Matthews",
      "whiteSpace" : false
    }, {
      "id" : "s2-t12",
      "begin" : 246,
      "end" : 247,
      "text" : ",",
      "whiteSpace" : false
    }, {
      "id" : "s2-t13",
      "begin" : 248,
      "end" : 252,
      "text" : "date",
      "whiteSpace" : false
    }, {
      "id" : "s2-t14",
      "begin" : 253,
      "end" : 255,
      "text" : "of",
      "whiteSpace" : false
    }, {
      "id" : "s2-t15",
      "begin" : 256,
      "end" : 261,
      "text" : "birth",
      "whiteSpace" : false
    }, {
      "id" : "s2-t16",
      "begin" : 262,
      "end" : 264,
      "text" : "is",
      "whiteSpace" : false
    }, {
      "id" : "s2-t17",
      "begin" : 265,
      "end" : 273,
      "text" : "01/19/92",
      "whiteSpace" : false
    }, {
      "id" : "s2-t18",
      "begin" : 273,
      "end" : 274,
      "text" : ",",
      "whiteSpace" : false
    }, {
      "id" : "s2-t19",
      "begin" : 275,
      "end" : 278,
      "text" : "and",
      "whiteSpace" : false
    }, {
      "id" : "s2-t20",
      "begin" : 279,
      "end" : 285,
      "text" : "social",
      "whiteSpace" : false
    }, {
      "id" : "s2-t21",
      "begin" : 286,
      "end" : 288,
      "text" : "is",
      "whiteSpace" : false
    }, {
      "id" : "s2-t22",
      "begin" : 289,
      "end" : 298,
      "text" : "502237086",
      "whiteSpace" : false
    }, {
      "id" : "s2-t23",
      "begin" : 299,
      "end" : 300,
      "text" : "(",
      "whiteSpace" : false
    }, {
      "id" : "s2-t24",
      "begin" : 300,
      "end" : 302,
      "text" : "if",
      "whiteSpace" : false
    }, {
      "id" : "s2-t25",
      "begin" : 303,
      "end" : 309,
      "text" : "needed",
      "whiteSpace" : false
    }, {
      "id" : "s2-t26",
      "begin" : 309,
      "end" : 310,
      "text" : ")",
      "whiteSpace" : false
    }, {
      "id" : "s2-t27",
      "begin" : 310,
      "end" : 311,
      "text" : ".",
      "whiteSpace" : false
    } ]
  }, {
    "id" : "s3",
    "begin" : 312,
    "end" : 355,
    "text" : "Thank you and I hope to hear from you soon.",
    "tokens" : [ {
      "id" : "s3-t0",
      "begin" : 312,
      "end" : 317,
      "text" : "Thank",
      "whiteSpace" : false
    }, {
      "id" : "s3-t1",
      "begin" : 318,
      "end" : 321,
      "text" : "you",
      "whiteSpace" : false
    }, {
      "id" : "s3-t2",
      "begin" : 322,
      "end" : 325,
      "text" : "and",
      "whiteSpace" : false
    }, {
      "id" : "s3-t3",
      "begin" : 326,
      "end" : 327,
      "text" : "I",
      "whiteSpace" : false
    }, {
      "id" : "s3-t4",
      "begin" : 328,
      "end" : 332,
      "text" : "hope",
      "whiteSpace" : false
    }, {
      "id" : "s3-t5",
      "begin" : 333,
      "end" : 335,
      "text" : "to",
      "whiteSpace" : false
    }, {
      "id" : "s3-t6",
      "begin" : 336,
      "end" : 340,
      "text" : "hear",
      "whiteSpace" : false
    }, {
      "id" : "s3-t7",
      "begin" : 341,
      "end" : 345,
      "text" : "from",
      "whiteSpace" : false
    }, {
      "id" : "s3-t8",
      "begin" : 346,
      "end" : 349,
      "text" : "you",
      "whiteSpace" : false
    }, {
      "id" : "s3-t9",
      "begin" : 350,
      "end" : 354,
      "text" : "soon",
      "whiteSpace" : false
    }, {
      "id" : "s3-t10",
      "begin" : 354,
      "end" : 355,
      "text" : ".",
      "whiteSpace" : false
    } ]
  } ],
  "mentions" : [ {
    "id" : "s2-m3",
    "properties" : {
      "SIRE_MENTION_ROLE" : "Name",
      "SIRE_ENTITY_SUBTYPE" : "NONE",
      "SIRE_MENTION_TYPE" : "NONE",
      "SIRE_MENTION_CLASS" : "SPC"
    },
    "type" : "Name",
    "begin" : 233,
    "end" : 246,
    "inCoref" : false
  }, {
    "id" : "s2-m2",
    "properties" : {
      "SIRE_MENTION_ROLE" : "DOB",
      "SIRE_ENTITY_SUBTYPE" : "NONE",
      "SIRE_MENTION_TYPE" : "NONE",
      "SIRE_MENTION_CLASS" : "SPC"
    },
    "type" : "DOB",
    "begin" : 265,
    "end" : 273,
    "inCoref" : false
  }, {
    "id" : "s2-m1",
    "properties" : {
      "SIRE_MENTION_ROLE" : "SSN",
      "SIRE_ENTITY_SUBTYPE" : "NONE",
      "SIRE_MENTION_TYPE" : "NONE",
      "SIRE_MENTION_CLASS" : "SPC"
    },
    "type" : "SSN",
    "begin" : 289,
    "end" : 298,
    "inCoref" : false
  } ],
  "relations" : [ ],
  "corefs" : [ ],
  "typeResolved" : true,
  "userResolved" : false
}