{
  "id" : "79951eb0-f589-11e7-bf0f-4749cb57bf77-5",
  "name" : "email6.txt",
  "createdDate" : 0,
  "version" : 3,
  "text" : "To who it may concern,\n\tI am emailing on behalf of my mother Blaire Simpson who is a prior patient of yours. I am sorry to say that she isn't feeling well and needs medical attention. Her DOB is 03-31-1954 so she is quite old. Her ssn is 401-76-1984 if that helps as well. Please get back to me asap.\nCody Simpson",
  "docLength" : 0,
  "language" : "EN",
  "status" : "SUBMITTED",
  "modifiedDate" : 1515536394550,
  "documentSet" : [ ],
  "preannotation" : [ ],
  "sentences" : [ {
    "id" : "s0",
    "begin" : 0,
    "end" : 108,
    "text" : "To who it may concern,\n\tI am emailing on behalf of my mother Blaire Simpson who is a prior patient of yours.",
    "tokens" : [ {
      "id" : "s0-t0",
      "begin" : 0,
      "end" : 2,
      "text" : "To",
      "whiteSpace" : false
    }, {
      "id" : "s0-t1",
      "begin" : 3,
      "end" : 6,
      "text" : "who",
      "whiteSpace" : false
    }, {
      "id" : "s0-t2",
      "begin" : 7,
      "end" : 9,
      "text" : "it",
      "whiteSpace" : false
    }, {
      "id" : "s0-t3",
      "begin" : 10,
      "end" : 13,
      "text" : "may",
      "whiteSpace" : false
    }, {
      "id" : "s0-t4",
      "begin" : 14,
      "end" : 21,
      "text" : "concern",
      "whiteSpace" : false
    }, {
      "id" : "s0-t5",
      "begin" : 21,
      "end" : 22,
      "text" : ",",
      "whiteSpace" : false
    }, {
      "id" : "s0-t6",
      "begin" : 24,
      "end" : 25,
      "text" : "I",
      "whiteSpace" : false
    }, {
      "id" : "s0-t7",
      "begin" : 26,
      "end" : 28,
      "text" : "am",
      "whiteSpace" : false
    }, {
      "id" : "s0-t8",
      "begin" : 29,
      "end" : 37,
      "text" : "emailing",
      "whiteSpace" : false
    }, {
      "id" : "s0-t9",
      "begin" : 38,
      "end" : 40,
      "text" : "on",
      "whiteSpace" : false
    }, {
      "id" : "s0-t10",
      "begin" : 41,
      "end" : 47,
      "text" : "behalf",
      "whiteSpace" : false
    }, {
      "id" : "s0-t11",
      "begin" : 48,
      "end" : 50,
      "text" : "of",
      "whiteSpace" : false
    }, {
      "id" : "s0-t12",
      "begin" : 51,
      "end" : 53,
      "text" : "my",
      "whiteSpace" : false
    }, {
      "id" : "s0-t13",
      "begin" : 54,
      "end" : 60,
      "text" : "mother",
      "whiteSpace" : false
    }, {
      "id" : "s0-t14",
      "begin" : 61,
      "end" : 67,
      "text" : "Blaire",
      "whiteSpace" : false
    }, {
      "id" : "s0-t15",
      "begin" : 68,
      "end" : 75,
      "text" : "Simpson",
      "whiteSpace" : false
    }, {
      "id" : "s0-t16",
      "begin" : 76,
      "end" : 79,
      "text" : "who",
      "whiteSpace" : false
    }, {
      "id" : "s0-t17",
      "begin" : 80,
      "end" : 82,
      "text" : "is",
      "whiteSpace" : false
    }, {
      "id" : "s0-t18",
      "begin" : 83,
      "end" : 84,
      "text" : "a",
      "whiteSpace" : false
    }, {
      "id" : "s0-t19",
      "begin" : 85,
      "end" : 90,
      "text" : "prior",
      "whiteSpace" : false
    }, {
      "id" : "s0-t20",
      "begin" : 91,
      "end" : 98,
      "text" : "patient",
      "whiteSpace" : false
    }, {
      "id" : "s0-t21",
      "begin" : 99,
      "end" : 101,
      "text" : "of",
      "whiteSpace" : false
    }, {
      "id" : "s0-t22",
      "begin" : 102,
      "end" : 107,
      "text" : "yours",
      "whiteSpace" : false
    }, {
      "id" : "s0-t23",
      "begin" : 107,
      "end" : 108,
      "text" : ".",
      "whiteSpace" : false
    } ]
  }, {
    "id" : "s1",
    "begin" : 109,
    "end" : 183,
    "text" : "I am sorry to say that she isn't feeling well and needs medical attention.",
    "tokens" : [ {
      "id" : "s1-t0",
      "begin" : 109,
      "end" : 110,
      "text" : "I",
      "whiteSpace" : false
    }, {
      "id" : "s1-t1",
      "begin" : 111,
      "end" : 113,
      "text" : "am",
      "whiteSpace" : false
    }, {
      "id" : "s1-t2",
      "begin" : 114,
      "end" : 119,
      "text" : "sorry",
      "whiteSpace" : false
    }, {
      "id" : "s1-t3",
      "begin" : 120,
      "end" : 122,
      "text" : "to",
      "whiteSpace" : false
    }, {
      "id" : "s1-t4",
      "begin" : 123,
      "end" : 126,
      "text" : "say",
      "whiteSpace" : false
    }, {
      "id" : "s1-t5",
      "begin" : 127,
      "end" : 131,
      "text" : "that",
      "whiteSpace" : false
    }, {
      "id" : "s1-t6",
      "begin" : 132,
      "end" : 135,
      "text" : "she",
      "whiteSpace" : false
    }, {
      "id" : "s1-t7",
      "begin" : 136,
      "end" : 138,
      "text" : "is",
      "whiteSpace" : false
    }, {
      "id" : "s1-t8",
      "begin" : 138,
      "end" : 141,
      "text" : "n't",
      "whiteSpace" : false
    }, {
      "id" : "s1-t9",
      "begin" : 142,
      "end" : 149,
      "text" : "feeling",
      "whiteSpace" : false
    }, {
      "id" : "s1-t10",
      "begin" : 150,
      "end" : 154,
      "text" : "well",
      "whiteSpace" : false
    }, {
      "id" : "s1-t11",
      "begin" : 155,
      "end" : 158,
      "text" : "and",
      "whiteSpace" : false
    }, {
      "id" : "s1-t12",
      "begin" : 159,
      "end" : 164,
      "text" : "needs",
      "whiteSpace" : false
    }, {
      "id" : "s1-t13",
      "begin" : 165,
      "end" : 172,
      "text" : "medical",
      "whiteSpace" : false
    }, {
      "id" : "s1-t14",
      "begin" : 173,
      "end" : 182,
      "text" : "attention",
      "whiteSpace" : false
    }, {
      "id" : "s1-t15",
      "begin" : 182,
      "end" : 183,
      "text" : ".",
      "whiteSpace" : false
    } ]
  }, {
    "id" : "s2",
    "begin" : 184,
    "end" : 226,
    "text" : "Her DOB is 03-31-1954 so she is quite old.",
    "tokens" : [ {
      "id" : "s2-t0",
      "begin" : 184,
      "end" : 187,
      "text" : "Her",
      "whiteSpace" : false
    }, {
      "id" : "s2-t1",
      "begin" : 188,
      "end" : 191,
      "text" : "DOB",
      "whiteSpace" : false
    }, {
      "id" : "s2-t2",
      "begin" : 192,
      "end" : 194,
      "text" : "is",
      "whiteSpace" : false
    }, {
      "id" : "s2-t3",
      "begin" : 195,
      "end" : 205,
      "text" : "03-31-1954",
      "whiteSpace" : false
    }, {
      "id" : "s2-t4",
      "begin" : 206,
      "end" : 208,
      "text" : "so",
      "whiteSpace" : false
    }, {
      "id" : "s2-t5",
      "begin" : 209,
      "end" : 212,
      "text" : "she",
      "whiteSpace" : false
    }, {
      "id" : "s2-t6",
      "begin" : 213,
      "end" : 215,
      "text" : "is",
      "whiteSpace" : false
    }, {
      "id" : "s2-t7",
      "begin" : 216,
      "end" : 221,
      "text" : "quite",
      "whiteSpace" : false
    }, {
      "id" : "s2-t8",
      "begin" : 222,
      "end" : 225,
      "text" : "old",
      "whiteSpace" : false
    }, {
      "id" : "s2-t9",
      "begin" : 225,
      "end" : 226,
      "text" : ".",
      "whiteSpace" : false
    } ]
  }, {
    "id" : "s3",
    "begin" : 227,
    "end" : 272,
    "text" : "Her ssn is 401-76-1984 if that helps as well.",
    "tokens" : [ {
      "id" : "s3-t0",
      "begin" : 227,
      "end" : 230,
      "text" : "Her",
      "whiteSpace" : false
    }, {
      "id" : "s3-t1",
      "begin" : 231,
      "end" : 234,
      "text" : "ssn",
      "whiteSpace" : false
    }, {
      "id" : "s3-t2",
      "begin" : 235,
      "end" : 237,
      "text" : "is",
      "whiteSpace" : false
    }, {
      "id" : "s3-t3",
      "begin" : 238,
      "end" : 249,
      "text" : "401-76-1984",
      "whiteSpace" : false
    }, {
      "id" : "s3-t4",
      "begin" : 250,
      "end" : 252,
      "text" : "if",
      "whiteSpace" : false
    }, {
      "id" : "s3-t5",
      "begin" : 253,
      "end" : 257,
      "text" : "that",
      "whiteSpace" : false
    }, {
      "id" : "s3-t6",
      "begin" : 258,
      "end" : 263,
      "text" : "helps",
      "whiteSpace" : false
    }, {
      "id" : "s3-t7",
      "begin" : 264,
      "end" : 266,
      "text" : "as",
      "whiteSpace" : false
    }, {
      "id" : "s3-t8",
      "begin" : 267,
      "end" : 271,
      "text" : "well",
      "whiteSpace" : false
    }, {
      "id" : "s3-t9",
      "begin" : 271,
      "end" : 272,
      "text" : ".",
      "whiteSpace" : false
    } ]
  }, {
    "id" : "s4",
    "begin" : 273,
    "end" : 300,
    "text" : "Please get back to me asap.",
    "tokens" : [ {
      "id" : "s4-t0",
      "begin" : 273,
      "end" : 279,
      "text" : "Please",
      "whiteSpace" : false
    }, {
      "id" : "s4-t1",
      "begin" : 280,
      "end" : 283,
      "text" : "get",
      "whiteSpace" : false
    }, {
      "id" : "s4-t2",
      "begin" : 284,
      "end" : 288,
      "text" : "back",
      "whiteSpace" : false
    }, {
      "id" : "s4-t3",
      "begin" : 289,
      "end" : 291,
      "text" : "to",
      "whiteSpace" : false
    }, {
      "id" : "s4-t4",
      "begin" : 292,
      "end" : 294,
      "text" : "me",
      "whiteSpace" : false
    }, {
      "id" : "s4-t5",
      "begin" : 295,
      "end" : 299,
      "text" : "asap",
      "whiteSpace" : false
    }, {
      "id" : "s4-t6",
      "begin" : 299,
      "end" : 300,
      "text" : ".",
      "whiteSpace" : false
    } ]
  }, {
    "id" : "s5",
    "begin" : 301,
    "end" : 313,
    "text" : "Cody Simpson",
    "tokens" : [ {
      "id" : "s5-t0",
      "begin" : 301,
      "end" : 305,
      "text" : "Cody",
      "whiteSpace" : false
    }, {
      "id" : "s5-t1",
      "begin" : 306,
      "end" : 313,
      "text" : "Simpson",
      "whiteSpace" : false
    } ]
  } ],
  "mentions" : [ {
    "id" : "s0-m1",
    "properties" : {
      "SIRE_MENTION_ROLE" : "Name",
      "SIRE_ENTITY_SUBTYPE" : "NONE",
      "SIRE_MENTION_TYPE" : "NONE",
      "SIRE_MENTION_CLASS" : "SPC"
    },
    "type" : "Name",
    "begin" : 61,
    "end" : 75,
    "inCoref" : false
  }, {
    "id" : "s2-m1",
    "properties" : {
      "SIRE_MENTION_ROLE" : "DOB",
      "SIRE_ENTITY_SUBTYPE" : "NONE",
      "SIRE_MENTION_TYPE" : "NONE",
      "SIRE_MENTION_CLASS" : "SPC"
    },
    "type" : "DOB",
    "begin" : 195,
    "end" : 205,
    "inCoref" : false
  }, {
    "id" : "s3-m1",
    "properties" : {
      "SIRE_MENTION_ROLE" : "SSN",
      "SIRE_ENTITY_SUBTYPE" : "NONE",
      "SIRE_MENTION_TYPE" : "NONE",
      "SIRE_MENTION_CLASS" : "SPC"
    },
    "type" : "SSN",
    "begin" : 238,
    "end" : 249,
    "inCoref" : false
  }, {
    "id" : "s5-m1",
    "properties" : {
      "SIRE_MENTION_ROLE" : "Name",
      "SIRE_ENTITY_SUBTYPE" : "NONE",
      "SIRE_MENTION_TYPE" : "NONE",
      "SIRE_MENTION_CLASS" : "SPC"
    },
    "type" : "Name",
    "begin" : 301,
    "end" : 313,
    "inCoref" : false
  } ],
  "relations" : [ ],
  "corefs" : [ ],
  "typeResolved" : true,
  "userResolved" : false
}