{
  "id" : "79951eb0-f589-11e7-bf0f-4749cb57bf77-18",
  "name" : "email19.txt",
  "createdDate" : 0,
  "version" : 3,
  "text" : "Dear Mr. Jimmothy Smythe,\n    This is in regards to your inquiry as to having your social security number and date of birth changed. We currently have you on record with 234-98-4239 for a social security number and 16/2/1984 for your date of birth. Unfortunately there exists no way to change either of these numbers, the date of birth especially, I’m not sure how you thought that one was going to work. \nRegards,\n   Noah Fielding esq.\n   Attorney at law",
  "docLength" : 0,
  "language" : "EN",
  "status" : "SUBMITTED",
  "modifiedDate" : 1515536720746,
  "documentSet" : [ ],
  "preannotation" : [ ],
  "sentences" : [ {
    "id" : "s0",
    "begin" : 0,
    "end" : 132,
    "text" : "Dear Mr. Jimmothy Smythe,\n    This is in regards to your inquiry as to having your social security number and date of birth changed.",
    "tokens" : [ {
      "id" : "s0-t0",
      "begin" : 0,
      "end" : 4,
      "text" : "Dear",
      "whiteSpace" : false
    }, {
      "id" : "s0-t1",
      "begin" : 5,
      "end" : 8,
      "text" : "Mr.",
      "whiteSpace" : false
    }, {
      "id" : "s0-t2",
      "begin" : 9,
      "end" : 17,
      "text" : "Jimmothy",
      "whiteSpace" : false
    }, {
      "id" : "s0-t3",
      "begin" : 18,
      "end" : 24,
      "text" : "Smythe",
      "whiteSpace" : false
    }, {
      "id" : "s0-t4",
      "begin" : 24,
      "end" : 25,
      "text" : ",",
      "whiteSpace" : false
    }, {
      "id" : "s0-t5",
      "begin" : 30,
      "end" : 34,
      "text" : "This",
      "whiteSpace" : false
    }, {
      "id" : "s0-t6",
      "begin" : 35,
      "end" : 37,
      "text" : "is",
      "whiteSpace" : false
    }, {
      "id" : "s0-t7",
      "begin" : 38,
      "end" : 40,
      "text" : "in",
      "whiteSpace" : false
    }, {
      "id" : "s0-t8",
      "begin" : 41,
      "end" : 48,
      "text" : "regards",
      "whiteSpace" : false
    }, {
      "id" : "s0-t9",
      "begin" : 49,
      "end" : 51,
      "text" : "to",
      "whiteSpace" : false
    }, {
      "id" : "s0-t10",
      "begin" : 52,
      "end" : 56,
      "text" : "your",
      "whiteSpace" : false
    }, {
      "id" : "s0-t11",
      "begin" : 57,
      "end" : 64,
      "text" : "inquiry",
      "whiteSpace" : false
    }, {
      "id" : "s0-t12",
      "begin" : 65,
      "end" : 67,
      "text" : "as",
      "whiteSpace" : false
    }, {
      "id" : "s0-t13",
      "begin" : 68,
      "end" : 70,
      "text" : "to",
      "whiteSpace" : false
    }, {
      "id" : "s0-t14",
      "begin" : 71,
      "end" : 77,
      "text" : "having",
      "whiteSpace" : false
    }, {
      "id" : "s0-t15",
      "begin" : 78,
      "end" : 82,
      "text" : "your",
      "whiteSpace" : false
    }, {
      "id" : "s0-t16",
      "begin" : 83,
      "end" : 89,
      "text" : "social",
      "whiteSpace" : false
    }, {
      "id" : "s0-t17",
      "begin" : 90,
      "end" : 98,
      "text" : "security",
      "whiteSpace" : false
    }, {
      "id" : "s0-t18",
      "begin" : 99,
      "end" : 105,
      "text" : "number",
      "whiteSpace" : false
    }, {
      "id" : "s0-t19",
      "begin" : 106,
      "end" : 109,
      "text" : "and",
      "whiteSpace" : false
    }, {
      "id" : "s0-t20",
      "begin" : 110,
      "end" : 114,
      "text" : "date",
      "whiteSpace" : false
    }, {
      "id" : "s0-t21",
      "begin" : 115,
      "end" : 117,
      "text" : "of",
      "whiteSpace" : false
    }, {
      "id" : "s0-t22",
      "begin" : 118,
      "end" : 123,
      "text" : "birth",
      "whiteSpace" : false
    }, {
      "id" : "s0-t23",
      "begin" : 124,
      "end" : 131,
      "text" : "changed",
      "whiteSpace" : false
    }, {
      "id" : "s0-t24",
      "begin" : 131,
      "end" : 132,
      "text" : ".",
      "whiteSpace" : false
    } ]
  }, {
    "id" : "s1",
    "begin" : 133,
    "end" : 248,
    "text" : "We currently have you on record with 234-98-4239 for a social security number and 16/2/1984 for your date of birth.",
    "tokens" : [ {
      "id" : "s1-t0",
      "begin" : 133,
      "end" : 135,
      "text" : "We",
      "whiteSpace" : false
    }, {
      "id" : "s1-t1",
      "begin" : 136,
      "end" : 145,
      "text" : "currently",
      "whiteSpace" : false
    }, {
      "id" : "s1-t2",
      "begin" : 146,
      "end" : 150,
      "text" : "have",
      "whiteSpace" : false
    }, {
      "id" : "s1-t3",
      "begin" : 151,
      "end" : 154,
      "text" : "you",
      "whiteSpace" : false
    }, {
      "id" : "s1-t4",
      "begin" : 155,
      "end" : 157,
      "text" : "on",
      "whiteSpace" : false
    }, {
      "id" : "s1-t5",
      "begin" : 158,
      "end" : 164,
      "text" : "record",
      "whiteSpace" : false
    }, {
      "id" : "s1-t6",
      "begin" : 165,
      "end" : 169,
      "text" : "with",
      "whiteSpace" : false
    }, {
      "id" : "s1-t7",
      "begin" : 170,
      "end" : 181,
      "text" : "234-98-4239",
      "whiteSpace" : false
    }, {
      "id" : "s1-t8",
      "begin" : 182,
      "end" : 185,
      "text" : "for",
      "whiteSpace" : false
    }, {
      "id" : "s1-t9",
      "begin" : 186,
      "end" : 187,
      "text" : "a",
      "whiteSpace" : false
    }, {
      "id" : "s1-t10",
      "begin" : 188,
      "end" : 194,
      "text" : "social",
      "whiteSpace" : false
    }, {
      "id" : "s1-t11",
      "begin" : 195,
      "end" : 203,
      "text" : "security",
      "whiteSpace" : false
    }, {
      "id" : "s1-t12",
      "begin" : 204,
      "end" : 210,
      "text" : "number",
      "whiteSpace" : false
    }, {
      "id" : "s1-t13",
      "begin" : 211,
      "end" : 214,
      "text" : "and",
      "whiteSpace" : false
    }, {
      "id" : "s1-t14",
      "begin" : 215,
      "end" : 224,
      "text" : "16/2/1984",
      "whiteSpace" : false
    }, {
      "id" : "s1-t15",
      "begin" : 225,
      "end" : 228,
      "text" : "for",
      "whiteSpace" : false
    }, {
      "id" : "s1-t16",
      "begin" : 229,
      "end" : 233,
      "text" : "your",
      "whiteSpace" : false
    }, {
      "id" : "s1-t17",
      "begin" : 234,
      "end" : 238,
      "text" : "date",
      "whiteSpace" : false
    }, {
      "id" : "s1-t18",
      "begin" : 239,
      "end" : 241,
      "text" : "of",
      "whiteSpace" : false
    }, {
      "id" : "s1-t19",
      "begin" : 242,
      "end" : 247,
      "text" : "birth",
      "whiteSpace" : false
    }, {
      "id" : "s1-t20",
      "begin" : 247,
      "end" : 248,
      "text" : ".",
      "whiteSpace" : false
    } ]
  }, {
    "id" : "s2",
    "begin" : 249,
    "end" : 404,
    "text" : "Unfortunately there exists no way to change either of these numbers, the date of birth especially, I’m not sure how you thought that one was going to work.",
    "tokens" : [ {
      "id" : "s2-t0",
      "begin" : 249,
      "end" : 262,
      "text" : "Unfortunately",
      "whiteSpace" : false
    }, {
      "id" : "s2-t1",
      "begin" : 263,
      "end" : 268,
      "text" : "there",
      "whiteSpace" : false
    }, {
      "id" : "s2-t2",
      "begin" : 269,
      "end" : 275,
      "text" : "exists",
      "whiteSpace" : false
    }, {
      "id" : "s2-t3",
      "begin" : 276,
      "end" : 278,
      "text" : "no",
      "whiteSpace" : false
    }, {
      "id" : "s2-t4",
      "begin" : 279,
      "end" : 282,
      "text" : "way",
      "whiteSpace" : false
    }, {
      "id" : "s2-t5",
      "begin" : 283,
      "end" : 285,
      "text" : "to",
      "whiteSpace" : false
    }, {
      "id" : "s2-t6",
      "begin" : 286,
      "end" : 292,
      "text" : "change",
      "whiteSpace" : false
    }, {
      "id" : "s2-t7",
      "begin" : 293,
      "end" : 299,
      "text" : "either",
      "whiteSpace" : false
    }, {
      "id" : "s2-t8",
      "begin" : 300,
      "end" : 302,
      "text" : "of",
      "whiteSpace" : false
    }, {
      "id" : "s2-t9",
      "begin" : 303,
      "end" : 308,
      "text" : "these",
      "whiteSpace" : false
    }, {
      "id" : "s2-t10",
      "begin" : 309,
      "end" : 316,
      "text" : "numbers",
      "whiteSpace" : false
    }, {
      "id" : "s2-t11",
      "begin" : 316,
      "end" : 317,
      "text" : ",",
      "whiteSpace" : false
    }, {
      "id" : "s2-t12",
      "begin" : 318,
      "end" : 321,
      "text" : "the",
      "whiteSpace" : false
    }, {
      "id" : "s2-t13",
      "begin" : 322,
      "end" : 326,
      "text" : "date",
      "whiteSpace" : false
    }, {
      "id" : "s2-t14",
      "begin" : 327,
      "end" : 329,
      "text" : "of",
      "whiteSpace" : false
    }, {
      "id" : "s2-t15",
      "begin" : 330,
      "end" : 335,
      "text" : "birth",
      "whiteSpace" : false
    }, {
      "id" : "s2-t16",
      "begin" : 336,
      "end" : 346,
      "text" : "especially",
      "whiteSpace" : false
    }, {
      "id" : "s2-t17",
      "begin" : 346,
      "end" : 347,
      "text" : ",",
      "whiteSpace" : false
    }, {
      "id" : "s2-t18",
      "begin" : 348,
      "end" : 349,
      "text" : "I",
      "whiteSpace" : false
    }, {
      "id" : "s2-t19",
      "begin" : 349,
      "end" : 351,
      "text" : "’m",
      "whiteSpace" : false
    }, {
      "id" : "s2-t20",
      "begin" : 352,
      "end" : 355,
      "text" : "not",
      "whiteSpace" : false
    }, {
      "id" : "s2-t21",
      "begin" : 356,
      "end" : 360,
      "text" : "sure",
      "whiteSpace" : false
    }, {
      "id" : "s2-t22",
      "begin" : 361,
      "end" : 364,
      "text" : "how",
      "whiteSpace" : false
    }, {
      "id" : "s2-t23",
      "begin" : 365,
      "end" : 368,
      "text" : "you",
      "whiteSpace" : false
    }, {
      "id" : "s2-t24",
      "begin" : 369,
      "end" : 376,
      "text" : "thought",
      "whiteSpace" : false
    }, {
      "id" : "s2-t25",
      "begin" : 377,
      "end" : 381,
      "text" : "that",
      "whiteSpace" : false
    }, {
      "id" : "s2-t26",
      "begin" : 382,
      "end" : 385,
      "text" : "one",
      "whiteSpace" : false
    }, {
      "id" : "s2-t27",
      "begin" : 386,
      "end" : 389,
      "text" : "was",
      "whiteSpace" : false
    }, {
      "id" : "s2-t28",
      "begin" : 390,
      "end" : 395,
      "text" : "going",
      "whiteSpace" : false
    }, {
      "id" : "s2-t29",
      "begin" : 396,
      "end" : 398,
      "text" : "to",
      "whiteSpace" : false
    }, {
      "id" : "s2-t30",
      "begin" : 399,
      "end" : 403,
      "text" : "work",
      "whiteSpace" : false
    }, {
      "id" : "s2-t31",
      "begin" : 403,
      "end" : 404,
      "text" : ".",
      "whiteSpace" : false
    } ]
  }, {
    "id" : "s3",
    "begin" : 406,
    "end" : 436,
    "text" : "Regards,\n   Noah Fielding esq.",
    "tokens" : [ {
      "id" : "s3-t0",
      "begin" : 406,
      "end" : 413,
      "text" : "Regards",
      "whiteSpace" : false
    }, {
      "id" : "s3-t1",
      "begin" : 413,
      "end" : 414,
      "text" : ",",
      "whiteSpace" : false
    }, {
      "id" : "s3-t2",
      "begin" : 418,
      "end" : 422,
      "text" : "Noah",
      "whiteSpace" : false
    }, {
      "id" : "s3-t3",
      "begin" : 423,
      "end" : 431,
      "text" : "Fielding",
      "whiteSpace" : false
    }, {
      "id" : "s3-t4",
      "begin" : 432,
      "end" : 435,
      "text" : "esq",
      "whiteSpace" : false
    }, {
      "id" : "s3-t5",
      "begin" : 435,
      "end" : 436,
      "text" : ".",
      "whiteSpace" : false
    } ]
  }, {
    "id" : "s4",
    "begin" : 440,
    "end" : 455,
    "text" : "Attorney at law",
    "tokens" : [ {
      "id" : "s4-t0",
      "begin" : 440,
      "end" : 448,
      "text" : "Attorney",
      "whiteSpace" : false
    }, {
      "id" : "s4-t1",
      "begin" : 449,
      "end" : 451,
      "text" : "at",
      "whiteSpace" : false
    }, {
      "id" : "s4-t2",
      "begin" : 452,
      "end" : 455,
      "text" : "law",
      "whiteSpace" : false
    } ]
  } ],
  "mentions" : [ {
    "id" : "s0-m1",
    "properties" : {
      "SIRE_MENTION_ROLE" : "Name",
      "SIRE_ENTITY_SUBTYPE" : "NONE",
      "SIRE_MENTION_TYPE" : "NONE",
      "SIRE_MENTION_CLASS" : "SPC"
    },
    "type" : "Name",
    "begin" : 9,
    "end" : 24,
    "inCoref" : false
  }, {
    "id" : "s1-m1",
    "properties" : {
      "SIRE_MENTION_ROLE" : "SSN",
      "SIRE_ENTITY_SUBTYPE" : "NONE",
      "SIRE_MENTION_TYPE" : "NONE",
      "SIRE_MENTION_CLASS" : "SPC"
    },
    "type" : "SSN",
    "begin" : 170,
    "end" : 181,
    "inCoref" : false
  }, {
    "id" : "s1-m2",
    "properties" : {
      "SIRE_MENTION_ROLE" : "DOB",
      "SIRE_ENTITY_SUBTYPE" : "NONE",
      "SIRE_MENTION_TYPE" : "NONE",
      "SIRE_MENTION_CLASS" : "SPC"
    },
    "type" : "DOB",
    "begin" : 215,
    "end" : 224,
    "inCoref" : false
  }, {
    "id" : "s3-m1",
    "properties" : {
      "SIRE_MENTION_ROLE" : "Name",
      "SIRE_ENTITY_SUBTYPE" : "NONE",
      "SIRE_MENTION_TYPE" : "NONE",
      "SIRE_MENTION_CLASS" : "SPC"
    },
    "type" : "Name",
    "begin" : 418,
    "end" : 431,
    "inCoref" : false
  } ],
  "relations" : [ ],
  "corefs" : [ ],
  "typeResolved" : true,
  "userResolved" : false
}