{
  "id" : "79951eb0-f589-11e7-bf0f-4749cb57bf77-20",
  "name" : "email21.txt",
  "createdDate" : 0,
  "version" : 3,
  "text" : "Dear Norville Rodgers,\n     Unfortunately, there is no current way to assign a social security number to your dog. In your previous email you suggest giving him your social security number, 89-24-5654, this is not possible as that number is linked to you and not him. It does not matter that your dog was born on 9/12/1969 and is still alive today or that he can almost talk. Neither of those things make him legally a person, even thought they are impressive. \n    Robert Frost \n    United States Social Security Office",
  "docLength" : 0,
  "language" : "EN",
  "status" : "SUBMITTED",
  "modifiedDate" : 1515536787395,
  "documentSet" : [ ],
  "preannotation" : [ ],
  "sentences" : [ {
    "id" : "s0",
    "begin" : 0,
    "end" : 114,
    "text" : "Dear Norville Rodgers,\n     Unfortunately, there is no current way to assign a social security number to your dog.",
    "tokens" : [ {
      "id" : "s0-t0",
      "begin" : 0,
      "end" : 4,
      "text" : "Dear",
      "whiteSpace" : false
    }, {
      "id" : "s0-t1",
      "begin" : 5,
      "end" : 13,
      "text" : "Norville",
      "whiteSpace" : false
    }, {
      "id" : "s0-t2",
      "begin" : 14,
      "end" : 21,
      "text" : "Rodgers",
      "whiteSpace" : false
    }, {
      "id" : "s0-t3",
      "begin" : 21,
      "end" : 22,
      "text" : ",",
      "whiteSpace" : false
    }, {
      "id" : "s0-t4",
      "begin" : 28,
      "end" : 41,
      "text" : "Unfortunately",
      "whiteSpace" : false
    }, {
      "id" : "s0-t5",
      "begin" : 41,
      "end" : 42,
      "text" : ",",
      "whiteSpace" : false
    }, {
      "id" : "s0-t6",
      "begin" : 43,
      "end" : 48,
      "text" : "there",
      "whiteSpace" : false
    }, {
      "id" : "s0-t7",
      "begin" : 49,
      "end" : 51,
      "text" : "is",
      "whiteSpace" : false
    }, {
      "id" : "s0-t8",
      "begin" : 52,
      "end" : 54,
      "text" : "no",
      "whiteSpace" : false
    }, {
      "id" : "s0-t9",
      "begin" : 55,
      "end" : 62,
      "text" : "current",
      "whiteSpace" : false
    }, {
      "id" : "s0-t10",
      "begin" : 63,
      "end" : 66,
      "text" : "way",
      "whiteSpace" : false
    }, {
      "id" : "s0-t11",
      "begin" : 67,
      "end" : 69,
      "text" : "to",
      "whiteSpace" : false
    }, {
      "id" : "s0-t12",
      "begin" : 70,
      "end" : 76,
      "text" : "assign",
      "whiteSpace" : false
    }, {
      "id" : "s0-t13",
      "begin" : 77,
      "end" : 78,
      "text" : "a",
      "whiteSpace" : false
    }, {
      "id" : "s0-t14",
      "begin" : 79,
      "end" : 85,
      "text" : "social",
      "whiteSpace" : false
    }, {
      "id" : "s0-t15",
      "begin" : 86,
      "end" : 94,
      "text" : "security",
      "whiteSpace" : false
    }, {
      "id" : "s0-t16",
      "begin" : 95,
      "end" : 101,
      "text" : "number",
      "whiteSpace" : false
    }, {
      "id" : "s0-t17",
      "begin" : 102,
      "end" : 104,
      "text" : "to",
      "whiteSpace" : false
    }, {
      "id" : "s0-t18",
      "begin" : 105,
      "end" : 109,
      "text" : "your",
      "whiteSpace" : false
    }, {
      "id" : "s0-t19",
      "begin" : 110,
      "end" : 113,
      "text" : "dog",
      "whiteSpace" : false
    }, {
      "id" : "s0-t20",
      "begin" : 113,
      "end" : 114,
      "text" : ".",
      "whiteSpace" : false
    } ]
  }, {
    "id" : "s1",
    "begin" : 115,
    "end" : 267,
    "text" : "In your previous email you suggest giving him your social security number, 89-24-5654, this is not possible as that number is linked to you and not him.",
    "tokens" : [ {
      "id" : "s1-t0",
      "begin" : 115,
      "end" : 117,
      "text" : "In",
      "whiteSpace" : false
    }, {
      "id" : "s1-t1",
      "begin" : 118,
      "end" : 122,
      "text" : "your",
      "whiteSpace" : false
    }, {
      "id" : "s1-t2",
      "begin" : 123,
      "end" : 131,
      "text" : "previous",
      "whiteSpace" : false
    }, {
      "id" : "s1-t3",
      "begin" : 132,
      "end" : 137,
      "text" : "email",
      "whiteSpace" : false
    }, {
      "id" : "s1-t4",
      "begin" : 138,
      "end" : 141,
      "text" : "you",
      "whiteSpace" : false
    }, {
      "id" : "s1-t5",
      "begin" : 142,
      "end" : 149,
      "text" : "suggest",
      "whiteSpace" : false
    }, {
      "id" : "s1-t6",
      "begin" : 150,
      "end" : 156,
      "text" : "giving",
      "whiteSpace" : false
    }, {
      "id" : "s1-t7",
      "begin" : 157,
      "end" : 160,
      "text" : "him",
      "whiteSpace" : false
    }, {
      "id" : "s1-t8",
      "begin" : 161,
      "end" : 165,
      "text" : "your",
      "whiteSpace" : false
    }, {
      "id" : "s1-t9",
      "begin" : 166,
      "end" : 172,
      "text" : "social",
      "whiteSpace" : false
    }, {
      "id" : "s1-t10",
      "begin" : 173,
      "end" : 181,
      "text" : "security",
      "whiteSpace" : false
    }, {
      "id" : "s1-t11",
      "begin" : 182,
      "end" : 188,
      "text" : "number",
      "whiteSpace" : false
    }, {
      "id" : "s1-t12",
      "begin" : 188,
      "end" : 189,
      "text" : ",",
      "whiteSpace" : false
    }, {
      "id" : "s1-t13",
      "begin" : 190,
      "end" : 200,
      "text" : "89-24-5654",
      "whiteSpace" : false
    }, {
      "id" : "s1-t14",
      "begin" : 200,
      "end" : 201,
      "text" : ",",
      "whiteSpace" : false
    }, {
      "id" : "s1-t15",
      "begin" : 202,
      "end" : 206,
      "text" : "this",
      "whiteSpace" : false
    }, {
      "id" : "s1-t16",
      "begin" : 207,
      "end" : 209,
      "text" : "is",
      "whiteSpace" : false
    }, {
      "id" : "s1-t17",
      "begin" : 210,
      "end" : 213,
      "text" : "not",
      "whiteSpace" : false
    }, {
      "id" : "s1-t18",
      "begin" : 214,
      "end" : 222,
      "text" : "possible",
      "whiteSpace" : false
    }, {
      "id" : "s1-t19",
      "begin" : 223,
      "end" : 225,
      "text" : "as",
      "whiteSpace" : false
    }, {
      "id" : "s1-t20",
      "begin" : 226,
      "end" : 230,
      "text" : "that",
      "whiteSpace" : false
    }, {
      "id" : "s1-t21",
      "begin" : 231,
      "end" : 237,
      "text" : "number",
      "whiteSpace" : false
    }, {
      "id" : "s1-t22",
      "begin" : 238,
      "end" : 240,
      "text" : "is",
      "whiteSpace" : false
    }, {
      "id" : "s1-t23",
      "begin" : 241,
      "end" : 247,
      "text" : "linked",
      "whiteSpace" : false
    }, {
      "id" : "s1-t24",
      "begin" : 248,
      "end" : 250,
      "text" : "to",
      "whiteSpace" : false
    }, {
      "id" : "s1-t25",
      "begin" : 251,
      "end" : 254,
      "text" : "you",
      "whiteSpace" : false
    }, {
      "id" : "s1-t26",
      "begin" : 255,
      "end" : 258,
      "text" : "and",
      "whiteSpace" : false
    }, {
      "id" : "s1-t27",
      "begin" : 259,
      "end" : 262,
      "text" : "not",
      "whiteSpace" : false
    }, {
      "id" : "s1-t28",
      "begin" : 263,
      "end" : 266,
      "text" : "him",
      "whiteSpace" : false
    }, {
      "id" : "s1-t29",
      "begin" : 266,
      "end" : 267,
      "text" : ".",
      "whiteSpace" : false
    } ]
  }, {
    "id" : "s2",
    "begin" : 268,
    "end" : 375,
    "text" : "It does not matter that your dog was born on 9/12/1969 and is still alive today or that he can almost talk.",
    "tokens" : [ {
      "id" : "s2-t0",
      "begin" : 268,
      "end" : 270,
      "text" : "It",
      "whiteSpace" : false
    }, {
      "id" : "s2-t1",
      "begin" : 271,
      "end" : 275,
      "text" : "does",
      "whiteSpace" : false
    }, {
      "id" : "s2-t2",
      "begin" : 276,
      "end" : 279,
      "text" : "not",
      "whiteSpace" : false
    }, {
      "id" : "s2-t3",
      "begin" : 280,
      "end" : 286,
      "text" : "matter",
      "whiteSpace" : false
    }, {
      "id" : "s2-t4",
      "begin" : 287,
      "end" : 291,
      "text" : "that",
      "whiteSpace" : false
    }, {
      "id" : "s2-t5",
      "begin" : 292,
      "end" : 296,
      "text" : "your",
      "whiteSpace" : false
    }, {
      "id" : "s2-t6",
      "begin" : 297,
      "end" : 300,
      "text" : "dog",
      "whiteSpace" : false
    }, {
      "id" : "s2-t7",
      "begin" : 301,
      "end" : 304,
      "text" : "was",
      "whiteSpace" : false
    }, {
      "id" : "s2-t8",
      "begin" : 305,
      "end" : 309,
      "text" : "born",
      "whiteSpace" : false
    }, {
      "id" : "s2-t9",
      "begin" : 310,
      "end" : 312,
      "text" : "on",
      "whiteSpace" : false
    }, {
      "id" : "s2-t10",
      "begin" : 313,
      "end" : 322,
      "text" : "9/12/1969",
      "whiteSpace" : false
    }, {
      "id" : "s2-t11",
      "begin" : 323,
      "end" : 326,
      "text" : "and",
      "whiteSpace" : false
    }, {
      "id" : "s2-t12",
      "begin" : 327,
      "end" : 329,
      "text" : "is",
      "whiteSpace" : false
    }, {
      "id" : "s2-t13",
      "begin" : 330,
      "end" : 335,
      "text" : "still",
      "whiteSpace" : false
    }, {
      "id" : "s2-t14",
      "begin" : 336,
      "end" : 341,
      "text" : "alive",
      "whiteSpace" : false
    }, {
      "id" : "s2-t15",
      "begin" : 342,
      "end" : 347,
      "text" : "today",
      "whiteSpace" : false
    }, {
      "id" : "s2-t16",
      "begin" : 348,
      "end" : 350,
      "text" : "or",
      "whiteSpace" : false
    }, {
      "id" : "s2-t17",
      "begin" : 351,
      "end" : 355,
      "text" : "that",
      "whiteSpace" : false
    }, {
      "id" : "s2-t18",
      "begin" : 356,
      "end" : 358,
      "text" : "he",
      "whiteSpace" : false
    }, {
      "id" : "s2-t19",
      "begin" : 359,
      "end" : 362,
      "text" : "can",
      "whiteSpace" : false
    }, {
      "id" : "s2-t20",
      "begin" : 363,
      "end" : 369,
      "text" : "almost",
      "whiteSpace" : false
    }, {
      "id" : "s2-t21",
      "begin" : 370,
      "end" : 374,
      "text" : "talk",
      "whiteSpace" : false
    }, {
      "id" : "s2-t22",
      "begin" : 374,
      "end" : 375,
      "text" : ".",
      "whiteSpace" : false
    } ]
  }, {
    "id" : "s3",
    "begin" : 376,
    "end" : 460,
    "text" : "Neither of those things make him legally a person, even thought they are impressive.",
    "tokens" : [ {
      "id" : "s3-t0",
      "begin" : 376,
      "end" : 383,
      "text" : "Neither",
      "whiteSpace" : false
    }, {
      "id" : "s3-t1",
      "begin" : 384,
      "end" : 386,
      "text" : "of",
      "whiteSpace" : false
    }, {
      "id" : "s3-t2",
      "begin" : 387,
      "end" : 392,
      "text" : "those",
      "whiteSpace" : false
    }, {
      "id" : "s3-t3",
      "begin" : 393,
      "end" : 399,
      "text" : "things",
      "whiteSpace" : false
    }, {
      "id" : "s3-t4",
      "begin" : 400,
      "end" : 404,
      "text" : "make",
      "whiteSpace" : false
    }, {
      "id" : "s3-t5",
      "begin" : 405,
      "end" : 408,
      "text" : "him",
      "whiteSpace" : false
    }, {
      "id" : "s3-t6",
      "begin" : 409,
      "end" : 416,
      "text" : "legally",
      "whiteSpace" : false
    }, {
      "id" : "s3-t7",
      "begin" : 417,
      "end" : 418,
      "text" : "a",
      "whiteSpace" : false
    }, {
      "id" : "s3-t8",
      "begin" : 419,
      "end" : 425,
      "text" : "person",
      "whiteSpace" : false
    }, {
      "id" : "s3-t9",
      "begin" : 425,
      "end" : 426,
      "text" : ",",
      "whiteSpace" : false
    }, {
      "id" : "s3-t10",
      "begin" : 427,
      "end" : 431,
      "text" : "even",
      "whiteSpace" : false
    }, {
      "id" : "s3-t11",
      "begin" : 432,
      "end" : 439,
      "text" : "thought",
      "whiteSpace" : false
    }, {
      "id" : "s3-t12",
      "begin" : 440,
      "end" : 444,
      "text" : "they",
      "whiteSpace" : false
    }, {
      "id" : "s3-t13",
      "begin" : 445,
      "end" : 448,
      "text" : "are",
      "whiteSpace" : false
    }, {
      "id" : "s3-t14",
      "begin" : 449,
      "end" : 459,
      "text" : "impressive",
      "whiteSpace" : false
    }, {
      "id" : "s3-t15",
      "begin" : 459,
      "end" : 460,
      "text" : ".",
      "whiteSpace" : false
    } ]
  }, {
    "id" : "s4",
    "begin" : 466,
    "end" : 520,
    "text" : "Robert Frost \n    United States Social Security Office",
    "tokens" : [ {
      "id" : "s4-t0",
      "begin" : 466,
      "end" : 472,
      "text" : "Robert",
      "whiteSpace" : false
    }, {
      "id" : "s4-t1",
      "begin" : 473,
      "end" : 478,
      "text" : "Frost",
      "whiteSpace" : false
    }, {
      "id" : "s4-t2",
      "begin" : 484,
      "end" : 490,
      "text" : "United",
      "whiteSpace" : false
    }, {
      "id" : "s4-t3",
      "begin" : 491,
      "end" : 497,
      "text" : "States",
      "whiteSpace" : false
    }, {
      "id" : "s4-t4",
      "begin" : 498,
      "end" : 504,
      "text" : "Social",
      "whiteSpace" : false
    }, {
      "id" : "s4-t5",
      "begin" : 505,
      "end" : 513,
      "text" : "Security",
      "whiteSpace" : false
    }, {
      "id" : "s4-t6",
      "begin" : 514,
      "end" : 520,
      "text" : "Office",
      "whiteSpace" : false
    } ]
  } ],
  "mentions" : [ {
    "id" : "s0-m1",
    "properties" : {
      "SIRE_MENTION_ROLE" : "Name",
      "SIRE_ENTITY_SUBTYPE" : "NONE",
      "SIRE_MENTION_TYPE" : "NONE",
      "SIRE_MENTION_CLASS" : "SPC"
    },
    "type" : "Name",
    "begin" : 5,
    "end" : 21,
    "inCoref" : false
  }, {
    "id" : "s1-m1",
    "properties" : {
      "SIRE_MENTION_ROLE" : "SSN",
      "SIRE_ENTITY_SUBTYPE" : "NONE",
      "SIRE_MENTION_TYPE" : "NONE",
      "SIRE_MENTION_CLASS" : "SPC"
    },
    "type" : "SSN",
    "begin" : 190,
    "end" : 200,
    "inCoref" : false
  }, {
    "id" : "s2-m1",
    "properties" : {
      "SIRE_MENTION_ROLE" : "DOB",
      "SIRE_ENTITY_SUBTYPE" : "NONE",
      "SIRE_MENTION_TYPE" : "NONE",
      "SIRE_MENTION_CLASS" : "SPC"
    },
    "type" : "DOB",
    "begin" : 313,
    "end" : 322,
    "inCoref" : false
  }, {
    "id" : "s4-m1",
    "properties" : {
      "SIRE_MENTION_ROLE" : "Name",
      "SIRE_ENTITY_SUBTYPE" : "NONE",
      "SIRE_MENTION_TYPE" : "NONE",
      "SIRE_MENTION_CLASS" : "SPC"
    },
    "type" : "Name",
    "begin" : 466,
    "end" : 478,
    "inCoref" : false
  } ],
  "relations" : [ ],
  "corefs" : [ ],
  "typeResolved" : true,
  "userResolved" : false
}