{
  "id" : "79951eb0-f589-11e7-bf0f-4749cb57bf77-8",
  "name" : "email9.txt",
  "createdDate" : 0,
  "version" : 3,
  "text" : "Hello Warren,\n\tThis is the list of people that came to participate in the study today. They will need to be examined and pruned by 01/03/18 so please hurry. Here is the list:\n\t\t1. Participant 1:\n\t\t\tName: Billy Jean\n\t\t\tDOB: 09/22/63\n\t\t\tSocial Security Number: 647-07-8861\n\t\t2. Participant 2:\n\t\t\tName: Melinda Smith\n\t\t\tDOB: 26/06/13\n\t\t\tSocial Security Number: 213-28-7820\nDr. Wilson",
  "docLength" : 0,
  "language" : "EN",
  "status" : "SUBMITTED",
  "modifiedDate" : 1515536467706,
  "documentSet" : [ ],
  "preannotation" : [ ],
  "sentences" : [ {
    "id" : "s0",
    "begin" : 0,
    "end" : 86,
    "text" : "Hello Warren,\n\tThis is the list of people that came to participate in the study today.",
    "tokens" : [ {
      "id" : "s0-t0",
      "begin" : 0,
      "end" : 5,
      "text" : "Hello",
      "whiteSpace" : false
    }, {
      "id" : "s0-t1",
      "begin" : 6,
      "end" : 12,
      "text" : "Warren",
      "whiteSpace" : false
    }, {
      "id" : "s0-t2",
      "begin" : 12,
      "end" : 13,
      "text" : ",",
      "whiteSpace" : false
    }, {
      "id" : "s0-t3",
      "begin" : 15,
      "end" : 19,
      "text" : "This",
      "whiteSpace" : false
    }, {
      "id" : "s0-t4",
      "begin" : 20,
      "end" : 22,
      "text" : "is",
      "whiteSpace" : false
    }, {
      "id" : "s0-t5",
      "begin" : 23,
      "end" : 26,
      "text" : "the",
      "whiteSpace" : false
    }, {
      "id" : "s0-t6",
      "begin" : 27,
      "end" : 31,
      "text" : "list",
      "whiteSpace" : false
    }, {
      "id" : "s0-t7",
      "begin" : 32,
      "end" : 34,
      "text" : "of",
      "whiteSpace" : false
    }, {
      "id" : "s0-t8",
      "begin" : 35,
      "end" : 41,
      "text" : "people",
      "whiteSpace" : false
    }, {
      "id" : "s0-t9",
      "begin" : 42,
      "end" : 46,
      "text" : "that",
      "whiteSpace" : false
    }, {
      "id" : "s0-t10",
      "begin" : 47,
      "end" : 51,
      "text" : "came",
      "whiteSpace" : false
    }, {
      "id" : "s0-t11",
      "begin" : 52,
      "end" : 54,
      "text" : "to",
      "whiteSpace" : false
    }, {
      "id" : "s0-t12",
      "begin" : 55,
      "end" : 66,
      "text" : "participate",
      "whiteSpace" : false
    }, {
      "id" : "s0-t13",
      "begin" : 67,
      "end" : 69,
      "text" : "in",
      "whiteSpace" : false
    }, {
      "id" : "s0-t14",
      "begin" : 70,
      "end" : 73,
      "text" : "the",
      "whiteSpace" : false
    }, {
      "id" : "s0-t15",
      "begin" : 74,
      "end" : 79,
      "text" : "study",
      "whiteSpace" : false
    }, {
      "id" : "s0-t16",
      "begin" : 80,
      "end" : 85,
      "text" : "today",
      "whiteSpace" : false
    }, {
      "id" : "s0-t17",
      "begin" : 85,
      "end" : 86,
      "text" : ".",
      "whiteSpace" : false
    } ]
  }, {
    "id" : "s1",
    "begin" : 87,
    "end" : 156,
    "text" : "They will need to be examined and pruned by 01/03/18 so please hurry.",
    "tokens" : [ {
      "id" : "s1-t0",
      "begin" : 87,
      "end" : 91,
      "text" : "They",
      "whiteSpace" : false
    }, {
      "id" : "s1-t1",
      "begin" : 92,
      "end" : 96,
      "text" : "will",
      "whiteSpace" : false
    }, {
      "id" : "s1-t2",
      "begin" : 97,
      "end" : 101,
      "text" : "need",
      "whiteSpace" : false
    }, {
      "id" : "s1-t3",
      "begin" : 102,
      "end" : 104,
      "text" : "to",
      "whiteSpace" : false
    }, {
      "id" : "s1-t4",
      "begin" : 105,
      "end" : 107,
      "text" : "be",
      "whiteSpace" : false
    }, {
      "id" : "s1-t5",
      "begin" : 108,
      "end" : 116,
      "text" : "examined",
      "whiteSpace" : false
    }, {
      "id" : "s1-t6",
      "begin" : 117,
      "end" : 120,
      "text" : "and",
      "whiteSpace" : false
    }, {
      "id" : "s1-t7",
      "begin" : 121,
      "end" : 127,
      "text" : "pruned",
      "whiteSpace" : false
    }, {
      "id" : "s1-t8",
      "begin" : 128,
      "end" : 130,
      "text" : "by",
      "whiteSpace" : false
    }, {
      "id" : "s1-t9",
      "begin" : 131,
      "end" : 139,
      "text" : "01/03/18",
      "whiteSpace" : false
    }, {
      "id" : "s1-t10",
      "begin" : 140,
      "end" : 142,
      "text" : "so",
      "whiteSpace" : false
    }, {
      "id" : "s1-t11",
      "begin" : 143,
      "end" : 149,
      "text" : "please",
      "whiteSpace" : false
    }, {
      "id" : "s1-t12",
      "begin" : 150,
      "end" : 155,
      "text" : "hurry",
      "whiteSpace" : false
    }, {
      "id" : "s1-t13",
      "begin" : 155,
      "end" : 156,
      "text" : ".",
      "whiteSpace" : false
    } ]
  }, {
    "id" : "s2",
    "begin" : 157,
    "end" : 179,
    "text" : "Here is the list:\n\t\t1.",
    "tokens" : [ {
      "id" : "s2-t0",
      "begin" : 157,
      "end" : 161,
      "text" : "Here",
      "whiteSpace" : false
    }, {
      "id" : "s2-t1",
      "begin" : 162,
      "end" : 164,
      "text" : "is",
      "whiteSpace" : false
    }, {
      "id" : "s2-t2",
      "begin" : 165,
      "end" : 168,
      "text" : "the",
      "whiteSpace" : false
    }, {
      "id" : "s2-t3",
      "begin" : 169,
      "end" : 173,
      "text" : "list",
      "whiteSpace" : false
    }, {
      "id" : "s2-t4",
      "begin" : 173,
      "end" : 174,
      "text" : ":",
      "whiteSpace" : false
    }, {
      "id" : "s2-t5",
      "begin" : 177,
      "end" : 178,
      "text" : "1",
      "whiteSpace" : false
    }, {
      "id" : "s2-t6",
      "begin" : 178,
      "end" : 179,
      "text" : ".",
      "whiteSpace" : false
    } ]
  }, {
    "id" : "s3",
    "begin" : 180,
    "end" : 275,
    "text" : "Participant 1:\n\t\t\tName: Billy Jean\n\t\t\tDOB: 09/22/63\n\t\t\tSocial Security Number: 647-07-8861\n\t\t2.",
    "tokens" : [ {
      "id" : "s3-t0",
      "begin" : 180,
      "end" : 191,
      "text" : "Participant",
      "whiteSpace" : false
    }, {
      "id" : "s3-t1",
      "begin" : 192,
      "end" : 193,
      "text" : "1",
      "whiteSpace" : false
    }, {
      "id" : "s3-t2",
      "begin" : 193,
      "end" : 194,
      "text" : ":",
      "whiteSpace" : false
    }, {
      "id" : "s3-t3",
      "begin" : 198,
      "end" : 202,
      "text" : "Name",
      "whiteSpace" : false
    }, {
      "id" : "s3-t4",
      "begin" : 202,
      "end" : 203,
      "text" : ":",
      "whiteSpace" : false
    }, {
      "id" : "s3-t5",
      "begin" : 204,
      "end" : 209,
      "text" : "Billy",
      "whiteSpace" : false
    }, {
      "id" : "s3-t6",
      "begin" : 210,
      "end" : 214,
      "text" : "Jean",
      "whiteSpace" : false
    }, {
      "id" : "s3-t7",
      "begin" : 218,
      "end" : 221,
      "text" : "DOB",
      "whiteSpace" : false
    }, {
      "id" : "s3-t8",
      "begin" : 221,
      "end" : 222,
      "text" : ":",
      "whiteSpace" : false
    }, {
      "id" : "s3-t9",
      "begin" : 223,
      "end" : 231,
      "text" : "09/22/63",
      "whiteSpace" : false
    }, {
      "id" : "s3-t10",
      "begin" : 235,
      "end" : 241,
      "text" : "Social",
      "whiteSpace" : false
    }, {
      "id" : "s3-t11",
      "begin" : 242,
      "end" : 250,
      "text" : "Security",
      "whiteSpace" : false
    }, {
      "id" : "s3-t12",
      "begin" : 251,
      "end" : 257,
      "text" : "Number",
      "whiteSpace" : false
    }, {
      "id" : "s3-t13",
      "begin" : 257,
      "end" : 258,
      "text" : ":",
      "whiteSpace" : false
    }, {
      "id" : "s3-t14",
      "begin" : 259,
      "end" : 270,
      "text" : "647-07-8861",
      "whiteSpace" : false
    }, {
      "id" : "s3-t15",
      "begin" : 273,
      "end" : 274,
      "text" : "2",
      "whiteSpace" : false
    }, {
      "id" : "s3-t16",
      "begin" : 274,
      "end" : 275,
      "text" : ".",
      "whiteSpace" : false
    } ]
  }, {
    "id" : "s4",
    "begin" : 276,
    "end" : 380,
    "text" : "Participant 2:\n\t\t\tName: Melinda Smith\n\t\t\tDOB: 26/06/13\n\t\t\tSocial Security Number: 213-28-7820\nDr. Wilson",
    "tokens" : [ {
      "id" : "s4-t0",
      "begin" : 276,
      "end" : 287,
      "text" : "Participant",
      "whiteSpace" : false
    }, {
      "id" : "s4-t1",
      "begin" : 288,
      "end" : 289,
      "text" : "2",
      "whiteSpace" : false
    }, {
      "id" : "s4-t2",
      "begin" : 289,
      "end" : 290,
      "text" : ":",
      "whiteSpace" : false
    }, {
      "id" : "s4-t3",
      "begin" : 294,
      "end" : 298,
      "text" : "Name",
      "whiteSpace" : false
    }, {
      "id" : "s4-t4",
      "begin" : 298,
      "end" : 299,
      "text" : ":",
      "whiteSpace" : false
    }, {
      "id" : "s4-t5",
      "begin" : 300,
      "end" : 307,
      "text" : "Melinda",
      "whiteSpace" : false
    }, {
      "id" : "s4-t6",
      "begin" : 308,
      "end" : 313,
      "text" : "Smith",
      "whiteSpace" : false
    }, {
      "id" : "s4-t7",
      "begin" : 317,
      "end" : 320,
      "text" : "DOB",
      "whiteSpace" : false
    }, {
      "id" : "s4-t8",
      "begin" : 320,
      "end" : 321,
      "text" : ":",
      "whiteSpace" : false
    }, {
      "id" : "s4-t9",
      "begin" : 322,
      "end" : 330,
      "text" : "26/06/13",
      "whiteSpace" : false
    }, {
      "id" : "s4-t10",
      "begin" : 334,
      "end" : 340,
      "text" : "Social",
      "whiteSpace" : false
    }, {
      "id" : "s4-t11",
      "begin" : 341,
      "end" : 349,
      "text" : "Security",
      "whiteSpace" : false
    }, {
      "id" : "s4-t12",
      "begin" : 350,
      "end" : 356,
      "text" : "Number",
      "whiteSpace" : false
    }, {
      "id" : "s4-t13",
      "begin" : 356,
      "end" : 357,
      "text" : ":",
      "whiteSpace" : false
    }, {
      "id" : "s4-t14",
      "begin" : 358,
      "end" : 369,
      "text" : "213-28-7820",
      "whiteSpace" : false
    }, {
      "id" : "s4-t15",
      "begin" : 370,
      "end" : 373,
      "text" : "Dr.",
      "whiteSpace" : false
    }, {
      "id" : "s4-t16",
      "begin" : 374,
      "end" : 380,
      "text" : "Wilson",
      "whiteSpace" : false
    } ]
  } ],
  "mentions" : [ {
    "id" : "s0-m1",
    "properties" : {
      "SIRE_MENTION_ROLE" : "Name",
      "SIRE_ENTITY_SUBTYPE" : "NONE",
      "SIRE_MENTION_TYPE" : "NONE",
      "SIRE_MENTION_CLASS" : "SPC"
    },
    "type" : "Name",
    "begin" : 6,
    "end" : 12,
    "inCoref" : false
  }, {
    "id" : "s3-m1",
    "properties" : {
      "SIRE_MENTION_ROLE" : "Name",
      "SIRE_ENTITY_SUBTYPE" : "NONE",
      "SIRE_MENTION_TYPE" : "NONE",
      "SIRE_MENTION_CLASS" : "SPC"
    },
    "type" : "Name",
    "begin" : 204,
    "end" : 214,
    "inCoref" : false
  }, {
    "id" : "s3-m2",
    "properties" : {
      "SIRE_MENTION_ROLE" : "DOB",
      "SIRE_ENTITY_SUBTYPE" : "NONE",
      "SIRE_MENTION_TYPE" : "NONE",
      "SIRE_MENTION_CLASS" : "SPC"
    },
    "type" : "DOB",
    "begin" : 223,
    "end" : 231,
    "inCoref" : false
  }, {
    "id" : "s3-m3",
    "properties" : {
      "SIRE_MENTION_ROLE" : "SSN",
      "SIRE_ENTITY_SUBTYPE" : "NONE",
      "SIRE_MENTION_TYPE" : "NONE",
      "SIRE_MENTION_CLASS" : "SPC"
    },
    "type" : "SSN",
    "begin" : 259,
    "end" : 270,
    "inCoref" : false
  }, {
    "id" : "s4-m1",
    "properties" : {
      "SIRE_MENTION_ROLE" : "Name",
      "SIRE_ENTITY_SUBTYPE" : "NONE",
      "SIRE_MENTION_TYPE" : "NONE",
      "SIRE_MENTION_CLASS" : "SPC"
    },
    "type" : "Name",
    "begin" : 300,
    "end" : 313,
    "inCoref" : false
  }, {
    "id" : "s4-m2",
    "properties" : {
      "SIRE_MENTION_ROLE" : "DOB",
      "SIRE_ENTITY_SUBTYPE" : "NONE",
      "SIRE_MENTION_TYPE" : "NONE",
      "SIRE_MENTION_CLASS" : "SPC"
    },
    "type" : "DOB",
    "begin" : 322,
    "end" : 330,
    "inCoref" : false
  }, {
    "id" : "s4-m3",
    "properties" : {
      "SIRE_MENTION_ROLE" : "SSN",
      "SIRE_ENTITY_SUBTYPE" : "NONE",
      "SIRE_MENTION_TYPE" : "NONE",
      "SIRE_MENTION_CLASS" : "SPC"
    },
    "type" : "SSN",
    "begin" : 358,
    "end" : 369,
    "inCoref" : false
  }, {
    "id" : "s4-m4",
    "properties" : {
      "SIRE_MENTION_ROLE" : "Name",
      "SIRE_ENTITY_SUBTYPE" : "NONE",
      "SIRE_MENTION_TYPE" : "NONE",
      "SIRE_MENTION_CLASS" : "SPC"
    },
    "type" : "Name",
    "begin" : 374,
    "end" : 380,
    "inCoref" : false
  } ],
  "relations" : [ ],
  "corefs" : [ ],
  "typeResolved" : true,
  "userResolved" : false
}