{
  "id" : "79951eb0-f589-11e7-bf0f-4749cb57bf77-12",
  "name" : "email13.txt",
  "createdDate" : 0,
  "version" : 3,
  "text" : "Hello Mr. Rodgers,\n\tFor being an excellent neighbor in this neighborhood and always holding yourself to the highest moral standard, we would like to provide you with a free car! Please confirm your social security number (042821361) and date of birth (24-07-47) in our records in order to claim your prize\nFrom Toyota Motors",
  "docLength" : 0,
  "language" : "EN",
  "status" : "SUBMITTED",
  "modifiedDate" : 1515536568599,
  "documentSet" : [ ],
  "preannotation" : [ ],
  "sentences" : [ {
    "id" : "s0",
    "begin" : 0,
    "end" : 177,
    "text" : "Hello Mr. Rodgers,\n\tFor being an excellent neighbor in this neighborhood and always holding yourself to the highest moral standard, we would like to provide you with a free car!",
    "tokens" : [ {
      "id" : "s0-t0",
      "begin" : 0,
      "end" : 5,
      "text" : "Hello",
      "whiteSpace" : false
    }, {
      "id" : "s0-t1",
      "begin" : 6,
      "end" : 9,
      "text" : "Mr.",
      "whiteSpace" : false
    }, {
      "id" : "s0-t2",
      "begin" : 10,
      "end" : 17,
      "text" : "Rodgers",
      "whiteSpace" : false
    }, {
      "id" : "s0-t3",
      "begin" : 17,
      "end" : 18,
      "text" : ",",
      "whiteSpace" : false
    }, {
      "id" : "s0-t4",
      "begin" : 20,
      "end" : 23,
      "text" : "For",
      "whiteSpace" : false
    }, {
      "id" : "s0-t5",
      "begin" : 24,
      "end" : 29,
      "text" : "being",
      "whiteSpace" : false
    }, {
      "id" : "s0-t6",
      "begin" : 30,
      "end" : 32,
      "text" : "an",
      "whiteSpace" : false
    }, {
      "id" : "s0-t7",
      "begin" : 33,
      "end" : 42,
      "text" : "excellent",
      "whiteSpace" : false
    }, {
      "id" : "s0-t8",
      "begin" : 43,
      "end" : 51,
      "text" : "neighbor",
      "whiteSpace" : false
    }, {
      "id" : "s0-t9",
      "begin" : 52,
      "end" : 54,
      "text" : "in",
      "whiteSpace" : false
    }, {
      "id" : "s0-t10",
      "begin" : 55,
      "end" : 59,
      "text" : "this",
      "whiteSpace" : false
    }, {
      "id" : "s0-t11",
      "begin" : 60,
      "end" : 72,
      "text" : "neighborhood",
      "whiteSpace" : false
    }, {
      "id" : "s0-t12",
      "begin" : 73,
      "end" : 76,
      "text" : "and",
      "whiteSpace" : false
    }, {
      "id" : "s0-t13",
      "begin" : 77,
      "end" : 83,
      "text" : "always",
      "whiteSpace" : false
    }, {
      "id" : "s0-t14",
      "begin" : 84,
      "end" : 91,
      "text" : "holding",
      "whiteSpace" : false
    }, {
      "id" : "s0-t15",
      "begin" : 92,
      "end" : 100,
      "text" : "yourself",
      "whiteSpace" : false
    }, {
      "id" : "s0-t16",
      "begin" : 101,
      "end" : 103,
      "text" : "to",
      "whiteSpace" : false
    }, {
      "id" : "s0-t17",
      "begin" : 104,
      "end" : 107,
      "text" : "the",
      "whiteSpace" : false
    }, {
      "id" : "s0-t18",
      "begin" : 108,
      "end" : 115,
      "text" : "highest",
      "whiteSpace" : false
    }, {
      "id" : "s0-t19",
      "begin" : 116,
      "end" : 121,
      "text" : "moral",
      "whiteSpace" : false
    }, {
      "id" : "s0-t20",
      "begin" : 122,
      "end" : 130,
      "text" : "standard",
      "whiteSpace" : false
    }, {
      "id" : "s0-t21",
      "begin" : 130,
      "end" : 131,
      "text" : ",",
      "whiteSpace" : false
    }, {
      "id" : "s0-t22",
      "begin" : 132,
      "end" : 134,
      "text" : "we",
      "whiteSpace" : false
    }, {
      "id" : "s0-t23",
      "begin" : 135,
      "end" : 140,
      "text" : "would",
      "whiteSpace" : false
    }, {
      "id" : "s0-t24",
      "begin" : 141,
      "end" : 145,
      "text" : "like",
      "whiteSpace" : false
    }, {
      "id" : "s0-t25",
      "begin" : 146,
      "end" : 148,
      "text" : "to",
      "whiteSpace" : false
    }, {
      "id" : "s0-t26",
      "begin" : 149,
      "end" : 156,
      "text" : "provide",
      "whiteSpace" : false
    }, {
      "id" : "s0-t27",
      "begin" : 157,
      "end" : 160,
      "text" : "you",
      "whiteSpace" : false
    }, {
      "id" : "s0-t28",
      "begin" : 161,
      "end" : 165,
      "text" : "with",
      "whiteSpace" : false
    }, {
      "id" : "s0-t29",
      "begin" : 166,
      "end" : 167,
      "text" : "a",
      "whiteSpace" : false
    }, {
      "id" : "s0-t30",
      "begin" : 168,
      "end" : 172,
      "text" : "free",
      "whiteSpace" : false
    }, {
      "id" : "s0-t31",
      "begin" : 173,
      "end" : 176,
      "text" : "car",
      "whiteSpace" : false
    }, {
      "id" : "s0-t32",
      "begin" : 176,
      "end" : 177,
      "text" : "!",
      "whiteSpace" : false
    } ]
  }, {
    "id" : "s1",
    "begin" : 178,
    "end" : 324,
    "text" : "Please confirm your social security number (042821361) and date of birth (24-07-47) in our records in order to claim your prize\nFrom Toyota Motors",
    "tokens" : [ {
      "id" : "s1-t0",
      "begin" : 178,
      "end" : 184,
      "text" : "Please",
      "whiteSpace" : false
    }, {
      "id" : "s1-t1",
      "begin" : 185,
      "end" : 192,
      "text" : "confirm",
      "whiteSpace" : false
    }, {
      "id" : "s1-t2",
      "begin" : 193,
      "end" : 197,
      "text" : "your",
      "whiteSpace" : false
    }, {
      "id" : "s1-t3",
      "begin" : 198,
      "end" : 204,
      "text" : "social",
      "whiteSpace" : false
    }, {
      "id" : "s1-t4",
      "begin" : 205,
      "end" : 213,
      "text" : "security",
      "whiteSpace" : false
    }, {
      "id" : "s1-t5",
      "begin" : 214,
      "end" : 220,
      "text" : "number",
      "whiteSpace" : false
    }, {
      "id" : "s1-t6",
      "begin" : 221,
      "end" : 222,
      "text" : "(",
      "whiteSpace" : false
    }, {
      "id" : "s1-t7",
      "begin" : 222,
      "end" : 231,
      "text" : "042821361",
      "whiteSpace" : false
    }, {
      "id" : "s1-t8",
      "begin" : 231,
      "end" : 232,
      "text" : ")",
      "whiteSpace" : false
    }, {
      "id" : "s1-t9",
      "begin" : 233,
      "end" : 236,
      "text" : "and",
      "whiteSpace" : false
    }, {
      "id" : "s1-t10",
      "begin" : 237,
      "end" : 241,
      "text" : "date",
      "whiteSpace" : false
    }, {
      "id" : "s1-t11",
      "begin" : 242,
      "end" : 244,
      "text" : "of",
      "whiteSpace" : false
    }, {
      "id" : "s1-t12",
      "begin" : 245,
      "end" : 250,
      "text" : "birth",
      "whiteSpace" : false
    }, {
      "id" : "s1-t13",
      "begin" : 251,
      "end" : 252,
      "text" : "(",
      "whiteSpace" : false
    }, {
      "id" : "s1-t14",
      "begin" : 252,
      "end" : 260,
      "text" : "24-07-47",
      "whiteSpace" : false
    }, {
      "id" : "s1-t15",
      "begin" : 260,
      "end" : 261,
      "text" : ")",
      "whiteSpace" : false
    }, {
      "id" : "s1-t16",
      "begin" : 262,
      "end" : 264,
      "text" : "in",
      "whiteSpace" : false
    }, {
      "id" : "s1-t17",
      "begin" : 265,
      "end" : 268,
      "text" : "our",
      "whiteSpace" : false
    }, {
      "id" : "s1-t18",
      "begin" : 269,
      "end" : 276,
      "text" : "records",
      "whiteSpace" : false
    }, {
      "id" : "s1-t19",
      "begin" : 277,
      "end" : 279,
      "text" : "in",
      "whiteSpace" : false
    }, {
      "id" : "s1-t20",
      "begin" : 280,
      "end" : 285,
      "text" : "order",
      "whiteSpace" : false
    }, {
      "id" : "s1-t21",
      "begin" : 286,
      "end" : 288,
      "text" : "to",
      "whiteSpace" : false
    }, {
      "id" : "s1-t22",
      "begin" : 289,
      "end" : 294,
      "text" : "claim",
      "whiteSpace" : false
    }, {
      "id" : "s1-t23",
      "begin" : 295,
      "end" : 299,
      "text" : "your",
      "whiteSpace" : false
    }, {
      "id" : "s1-t24",
      "begin" : 300,
      "end" : 305,
      "text" : "prize",
      "whiteSpace" : false
    }, {
      "id" : "s1-t25",
      "begin" : 306,
      "end" : 310,
      "text" : "From",
      "whiteSpace" : false
    }, {
      "id" : "s1-t26",
      "begin" : 311,
      "end" : 317,
      "text" : "Toyota",
      "whiteSpace" : false
    }, {
      "id" : "s1-t27",
      "begin" : 318,
      "end" : 324,
      "text" : "Motors",
      "whiteSpace" : false
    } ]
  } ],
  "mentions" : [ {
    "id" : "s0-m1",
    "properties" : {
      "SIRE_MENTION_ROLE" : "Name",
      "SIRE_ENTITY_SUBTYPE" : "NONE",
      "SIRE_MENTION_TYPE" : "NONE",
      "SIRE_MENTION_CLASS" : "SPC"
    },
    "type" : "Name",
    "begin" : 10,
    "end" : 17,
    "inCoref" : false
  }, {
    "id" : "s1-m1",
    "properties" : {
      "SIRE_MENTION_ROLE" : "SSN",
      "SIRE_ENTITY_SUBTYPE" : "NONE",
      "SIRE_MENTION_TYPE" : "NONE",
      "SIRE_MENTION_CLASS" : "SPC"
    },
    "type" : "SSN",
    "begin" : 222,
    "end" : 231,
    "inCoref" : false
  }, {
    "id" : "s1-m2",
    "properties" : {
      "SIRE_MENTION_ROLE" : "DOB",
      "SIRE_ENTITY_SUBTYPE" : "NONE",
      "SIRE_MENTION_TYPE" : "NONE",
      "SIRE_MENTION_CLASS" : "SPC"
    },
    "type" : "DOB",
    "begin" : 252,
    "end" : 260,
    "inCoref" : false
  } ],
  "relations" : [ ],
  "corefs" : [ ],
  "typeResolved" : true,
  "userResolved" : false
}