{
  "id" : "79951eb0-f589-11e7-bf0f-4749cb57bf77-0",
  "name" : "email1.txt",
  "createdDate" : 0,
  "version" : 3,
  "text" : "Hello Jim Halpert,\n\tI'm emailing on behalf of my patient Mary Ellen. She is experiencing chest pain and high blood pressure. For the hospitals records, her DOB and SSN are 05/05/16 and 200447594, respectively and she will need these when being admitted. Please let me know if there is any other information that you need.\nMike Ross",
  "docLength" : 0,
  "language" : "EN",
  "status" : "SUBMITTED",
  "modifiedDate" : 1515536195051,
  "documentSet" : [ ],
  "preannotation" : [ ],
  "sentences" : [ {
    "id" : "s0",
    "begin" : 0,
    "end" : 68,
    "text" : "Hello Jim Halpert,\n\tI'm emailing on behalf of my patient Mary Ellen.",
    "tokens" : [ {
      "id" : "s0-t0",
      "begin" : 0,
      "end" : 5,
      "text" : "Hello",
      "whiteSpace" : false
    }, {
      "id" : "s0-t1",
      "begin" : 6,
      "end" : 9,
      "text" : "Jim",
      "whiteSpace" : false
    }, {
      "id" : "s0-t2",
      "begin" : 10,
      "end" : 17,
      "text" : "Halpert",
      "whiteSpace" : false
    }, {
      "id" : "s0-t3",
      "begin" : 17,
      "end" : 18,
      "text" : ",",
      "whiteSpace" : false
    }, {
      "id" : "s0-t4",
      "begin" : 20,
      "end" : 21,
      "text" : "I",
      "whiteSpace" : false
    }, {
      "id" : "s0-t5",
      "begin" : 21,
      "end" : 23,
      "text" : "'m",
      "whiteSpace" : false
    }, {
      "id" : "s0-t6",
      "begin" : 24,
      "end" : 32,
      "text" : "emailing",
      "whiteSpace" : false
    }, {
      "id" : "s0-t7",
      "begin" : 33,
      "end" : 35,
      "text" : "on",
      "whiteSpace" : false
    }, {
      "id" : "s0-t8",
      "begin" : 36,
      "end" : 42,
      "text" : "behalf",
      "whiteSpace" : false
    }, {
      "id" : "s0-t9",
      "begin" : 43,
      "end" : 45,
      "text" : "of",
      "whiteSpace" : false
    }, {
      "id" : "s0-t10",
      "begin" : 46,
      "end" : 48,
      "text" : "my",
      "whiteSpace" : false
    }, {
      "id" : "s0-t11",
      "begin" : 49,
      "end" : 56,
      "text" : "patient",
      "whiteSpace" : false
    }, {
      "id" : "s0-t12",
      "begin" : 57,
      "end" : 61,
      "text" : "Mary",
      "whiteSpace" : false
    }, {
      "id" : "s0-t13",
      "begin" : 62,
      "end" : 67,
      "text" : "Ellen",
      "whiteSpace" : false
    }, {
      "id" : "s0-t14",
      "begin" : 67,
      "end" : 68,
      "text" : ".",
      "whiteSpace" : false
    } ]
  }, {
    "id" : "s1",
    "begin" : 69,
    "end" : 124,
    "text" : "She is experiencing chest pain and high blood pressure.",
    "tokens" : [ {
      "id" : "s1-t0",
      "begin" : 69,
      "end" : 72,
      "text" : "She",
      "whiteSpace" : false
    }, {
      "id" : "s1-t1",
      "begin" : 73,
      "end" : 75,
      "text" : "is",
      "whiteSpace" : false
    }, {
      "id" : "s1-t2",
      "begin" : 76,
      "end" : 88,
      "text" : "experiencing",
      "whiteSpace" : false
    }, {
      "id" : "s1-t3",
      "begin" : 89,
      "end" : 94,
      "text" : "chest",
      "whiteSpace" : false
    }, {
      "id" : "s1-t4",
      "begin" : 95,
      "end" : 99,
      "text" : "pain",
      "whiteSpace" : false
    }, {
      "id" : "s1-t5",
      "begin" : 100,
      "end" : 103,
      "text" : "and",
      "whiteSpace" : false
    }, {
      "id" : "s1-t6",
      "begin" : 104,
      "end" : 108,
      "text" : "high",
      "whiteSpace" : false
    }, {
      "id" : "s1-t7",
      "begin" : 109,
      "end" : 114,
      "text" : "blood",
      "whiteSpace" : false
    }, {
      "id" : "s1-t8",
      "begin" : 115,
      "end" : 123,
      "text" : "pressure",
      "whiteSpace" : false
    }, {
      "id" : "s1-t9",
      "begin" : 123,
      "end" : 124,
      "text" : ".",
      "whiteSpace" : false
    } ]
  }, {
    "id" : "s2",
    "begin" : 125,
    "end" : 253,
    "text" : "For the hospitals records, her DOB and SSN are 05/05/16 and 200447594, respectively and she will need these when being admitted.",
    "tokens" : [ {
      "id" : "s2-t0",
      "begin" : 125,
      "end" : 128,
      "text" : "For",
      "whiteSpace" : false
    }, {
      "id" : "s2-t1",
      "begin" : 129,
      "end" : 132,
      "text" : "the",
      "whiteSpace" : false
    }, {
      "id" : "s2-t2",
      "begin" : 133,
      "end" : 142,
      "text" : "hospitals",
      "whiteSpace" : false
    }, {
      "id" : "s2-t3",
      "begin" : 143,
      "end" : 150,
      "text" : "records",
      "whiteSpace" : false
    }, {
      "id" : "s2-t4",
      "begin" : 150,
      "end" : 151,
      "text" : ",",
      "whiteSpace" : false
    }, {
      "id" : "s2-t5",
      "begin" : 152,
      "end" : 155,
      "text" : "her",
      "whiteSpace" : false
    }, {
      "id" : "s2-t6",
      "begin" : 156,
      "end" : 159,
      "text" : "DOB",
      "whiteSpace" : false
    }, {
      "id" : "s2-t7",
      "begin" : 160,
      "end" : 163,
      "text" : "and",
      "whiteSpace" : false
    }, {
      "id" : "s2-t8",
      "begin" : 164,
      "end" : 167,
      "text" : "SSN",
      "whiteSpace" : false
    }, {
      "id" : "s2-t9",
      "begin" : 168,
      "end" : 171,
      "text" : "are",
      "whiteSpace" : false
    }, {
      "id" : "s2-t10",
      "begin" : 172,
      "end" : 180,
      "text" : "05/05/16",
      "whiteSpace" : false
    }, {
      "id" : "s2-t11",
      "begin" : 181,
      "end" : 184,
      "text" : "and",
      "whiteSpace" : false
    }, {
      "id" : "s2-t12",
      "begin" : 185,
      "end" : 194,
      "text" : "200447594",
      "whiteSpace" : false
    }, {
      "id" : "s2-t13",
      "begin" : 194,
      "end" : 195,
      "text" : ",",
      "whiteSpace" : false
    }, {
      "id" : "s2-t14",
      "begin" : 196,
      "end" : 208,
      "text" : "respectively",
      "whiteSpace" : false
    }, {
      "id" : "s2-t15",
      "begin" : 209,
      "end" : 212,
      "text" : "and",
      "whiteSpace" : false
    }, {
      "id" : "s2-t16",
      "begin" : 213,
      "end" : 216,
      "text" : "she",
      "whiteSpace" : false
    }, {
      "id" : "s2-t17",
      "begin" : 217,
      "end" : 221,
      "text" : "will",
      "whiteSpace" : false
    }, {
      "id" : "s2-t18",
      "begin" : 222,
      "end" : 226,
      "text" : "need",
      "whiteSpace" : false
    }, {
      "id" : "s2-t19",
      "begin" : 227,
      "end" : 232,
      "text" : "these",
      "whiteSpace" : false
    }, {
      "id" : "s2-t20",
      "begin" : 233,
      "end" : 237,
      "text" : "when",
      "whiteSpace" : false
    }, {
      "id" : "s2-t21",
      "begin" : 238,
      "end" : 243,
      "text" : "being",
      "whiteSpace" : false
    }, {
      "id" : "s2-t22",
      "begin" : 244,
      "end" : 252,
      "text" : "admitted",
      "whiteSpace" : false
    }, {
      "id" : "s2-t23",
      "begin" : 252,
      "end" : 253,
      "text" : ".",
      "whiteSpace" : false
    } ]
  }, {
    "id" : "s3",
    "begin" : 254,
    "end" : 321,
    "text" : "Please let me know if there is any other information that you need.",
    "tokens" : [ {
      "id" : "s3-t0",
      "begin" : 254,
      "end" : 260,
      "text" : "Please",
      "whiteSpace" : false
    }, {
      "id" : "s3-t1",
      "begin" : 261,
      "end" : 264,
      "text" : "let",
      "whiteSpace" : false
    }, {
      "id" : "s3-t2",
      "begin" : 265,
      "end" : 267,
      "text" : "me",
      "whiteSpace" : false
    }, {
      "id" : "s3-t3",
      "begin" : 268,
      "end" : 272,
      "text" : "know",
      "whiteSpace" : false
    }, {
      "id" : "s3-t4",
      "begin" : 273,
      "end" : 275,
      "text" : "if",
      "whiteSpace" : false
    }, {
      "id" : "s3-t5",
      "begin" : 276,
      "end" : 281,
      "text" : "there",
      "whiteSpace" : false
    }, {
      "id" : "s3-t6",
      "begin" : 282,
      "end" : 284,
      "text" : "is",
      "whiteSpace" : false
    }, {
      "id" : "s3-t7",
      "begin" : 285,
      "end" : 288,
      "text" : "any",
      "whiteSpace" : false
    }, {
      "id" : "s3-t8",
      "begin" : 289,
      "end" : 294,
      "text" : "other",
      "whiteSpace" : false
    }, {
      "id" : "s3-t9",
      "begin" : 295,
      "end" : 306,
      "text" : "information",
      "whiteSpace" : false
    }, {
      "id" : "s3-t10",
      "begin" : 307,
      "end" : 311,
      "text" : "that",
      "whiteSpace" : false
    }, {
      "id" : "s3-t11",
      "begin" : 312,
      "end" : 315,
      "text" : "you",
      "whiteSpace" : false
    }, {
      "id" : "s3-t12",
      "begin" : 316,
      "end" : 320,
      "text" : "need",
      "whiteSpace" : false
    }, {
      "id" : "s3-t13",
      "begin" : 320,
      "end" : 321,
      "text" : ".",
      "whiteSpace" : false
    } ]
  }, {
    "id" : "s4",
    "begin" : 322,
    "end" : 331,
    "text" : "Mike Ross",
    "tokens" : [ {
      "id" : "s4-t0",
      "begin" : 322,
      "end" : 326,
      "text" : "Mike",
      "whiteSpace" : false
    }, {
      "id" : "s4-t1",
      "begin" : 327,
      "end" : 331,
      "text" : "Ross",
      "whiteSpace" : false
    } ]
  } ],
  "mentions" : [ {
    "id" : "s0-m1",
    "properties" : {
      "SIRE_MENTION_ROLE" : "Name",
      "SIRE_ENTITY_SUBTYPE" : "NONE",
      "SIRE_MENTION_TYPE" : "NONE",
      "SIRE_MENTION_CLASS" : "SPC"
    },
    "type" : "Name",
    "begin" : 6,
    "end" : 17,
    "inCoref" : false
  }, {
    "id" : "s0-m2",
    "properties" : {
      "SIRE_MENTION_ROLE" : "Name",
      "SIRE_ENTITY_SUBTYPE" : "NONE",
      "SIRE_MENTION_TYPE" : "NONE",
      "SIRE_MENTION_CLASS" : "SPC"
    },
    "type" : "Name",
    "begin" : 57,
    "end" : 67,
    "inCoref" : false
  }, {
    "id" : "s2-m1",
    "properties" : {
      "SIRE_MENTION_ROLE" : "DOB",
      "SIRE_ENTITY_SUBTYPE" : "NONE",
      "SIRE_MENTION_TYPE" : "NONE",
      "SIRE_MENTION_CLASS" : "SPC"
    },
    "type" : "DOB",
    "begin" : 172,
    "end" : 180,
    "inCoref" : false
  }, {
    "id" : "s2-m2",
    "properties" : {
      "SIRE_MENTION_ROLE" : "SSN",
      "SIRE_ENTITY_SUBTYPE" : "NONE",
      "SIRE_MENTION_TYPE" : "NONE",
      "SIRE_MENTION_CLASS" : "SPC"
    },
    "type" : "SSN",
    "begin" : 185,
    "end" : 194,
    "inCoref" : false
  }, {
    "id" : "s4-m1",
    "properties" : {
      "SIRE_MENTION_ROLE" : "Name",
      "SIRE_ENTITY_SUBTYPE" : "NONE",
      "SIRE_MENTION_TYPE" : "NONE",
      "SIRE_MENTION_CLASS" : "SPC"
    },
    "type" : "Name",
    "begin" : 322,
    "end" : 331,
    "inCoref" : false
  } ],
  "relations" : [ ],
  "corefs" : [ ],
  "typeResolved" : true,
  "userResolved" : false
}