{
  "id" : "79951eb0-f589-11e7-bf0f-4749cb57bf77-17",
  "name" : "email18.txt",
  "createdDate" : 0,
  "version" : 3,
  "text" : "Dear Marshall Mathers,\n\tWe are pleased to inform you that you have been accepted to Dr.Dre's record label. We have all your information on file but it still needs to be verified before you can get paid. We have your social security number listed as 042929700 and your date of birth listed as 07/07/1986. If these are correct, then we can get you your check by tomorrow. Keep up the good work Eminem.\nDr.Dre",
  "docLength" : 0,
  "language" : "EN",
  "status" : "SUBMITTED",
  "modifiedDate" : 1515536661999,
  "documentSet" : [ ],
  "preannotation" : [ ],
  "sentences" : [ {
    "id" : "s0",
    "begin" : 0,
    "end" : 106,
    "text" : "Dear Marshall Mathers,\n\tWe are pleased to inform you that you have been accepted to Dr.Dre's record label.",
    "tokens" : [ {
      "id" : "s0-t0",
      "begin" : 0,
      "end" : 4,
      "text" : "Dear",
      "whiteSpace" : false
    }, {
      "id" : "s0-t1",
      "begin" : 5,
      "end" : 13,
      "text" : "Marshall",
      "whiteSpace" : false
    }, {
      "id" : "s0-t2",
      "begin" : 14,
      "end" : 21,
      "text" : "Mathers",
      "whiteSpace" : false
    }, {
      "id" : "s0-t3",
      "begin" : 21,
      "end" : 22,
      "text" : ",",
      "whiteSpace" : false
    }, {
      "id" : "s0-t4",
      "begin" : 24,
      "end" : 26,
      "text" : "We",
      "whiteSpace" : false
    }, {
      "id" : "s0-t5",
      "begin" : 27,
      "end" : 30,
      "text" : "are",
      "whiteSpace" : false
    }, {
      "id" : "s0-t6",
      "begin" : 31,
      "end" : 38,
      "text" : "pleased",
      "whiteSpace" : false
    }, {
      "id" : "s0-t7",
      "begin" : 39,
      "end" : 41,
      "text" : "to",
      "whiteSpace" : false
    }, {
      "id" : "s0-t8",
      "begin" : 42,
      "end" : 48,
      "text" : "inform",
      "whiteSpace" : false
    }, {
      "id" : "s0-t9",
      "begin" : 49,
      "end" : 52,
      "text" : "you",
      "whiteSpace" : false
    }, {
      "id" : "s0-t10",
      "begin" : 53,
      "end" : 57,
      "text" : "that",
      "whiteSpace" : false
    }, {
      "id" : "s0-t11",
      "begin" : 58,
      "end" : 61,
      "text" : "you",
      "whiteSpace" : false
    }, {
      "id" : "s0-t12",
      "begin" : 62,
      "end" : 66,
      "text" : "have",
      "whiteSpace" : false
    }, {
      "id" : "s0-t13",
      "begin" : 67,
      "end" : 71,
      "text" : "been",
      "whiteSpace" : false
    }, {
      "id" : "s0-t14",
      "begin" : 72,
      "end" : 80,
      "text" : "accepted",
      "whiteSpace" : false
    }, {
      "id" : "s0-t15",
      "begin" : 81,
      "end" : 83,
      "text" : "to",
      "whiteSpace" : false
    }, {
      "id" : "s0-t16",
      "begin" : 84,
      "end" : 90,
      "text" : "Dr.Dre",
      "whiteSpace" : false
    }, {
      "id" : "s0-t17",
      "begin" : 90,
      "end" : 92,
      "text" : "'s",
      "whiteSpace" : false
    }, {
      "id" : "s0-t18",
      "begin" : 93,
      "end" : 99,
      "text" : "record",
      "whiteSpace" : false
    }, {
      "id" : "s0-t19",
      "begin" : 100,
      "end" : 105,
      "text" : "label",
      "whiteSpace" : false
    }, {
      "id" : "s0-t20",
      "begin" : 105,
      "end" : 106,
      "text" : ".",
      "whiteSpace" : false
    } ]
  }, {
    "id" : "s1",
    "begin" : 107,
    "end" : 202,
    "text" : "We have all your information on file but it still needs to be verified before you can get paid.",
    "tokens" : [ {
      "id" : "s1-t0",
      "begin" : 107,
      "end" : 109,
      "text" : "We",
      "whiteSpace" : false
    }, {
      "id" : "s1-t1",
      "begin" : 110,
      "end" : 114,
      "text" : "have",
      "whiteSpace" : false
    }, {
      "id" : "s1-t2",
      "begin" : 115,
      "end" : 118,
      "text" : "all",
      "whiteSpace" : false
    }, {
      "id" : "s1-t3",
      "begin" : 119,
      "end" : 123,
      "text" : "your",
      "whiteSpace" : false
    }, {
      "id" : "s1-t4",
      "begin" : 124,
      "end" : 135,
      "text" : "information",
      "whiteSpace" : false
    }, {
      "id" : "s1-t5",
      "begin" : 136,
      "end" : 138,
      "text" : "on",
      "whiteSpace" : false
    }, {
      "id" : "s1-t6",
      "begin" : 139,
      "end" : 143,
      "text" : "file",
      "whiteSpace" : false
    }, {
      "id" : "s1-t7",
      "begin" : 144,
      "end" : 147,
      "text" : "but",
      "whiteSpace" : false
    }, {
      "id" : "s1-t8",
      "begin" : 148,
      "end" : 150,
      "text" : "it",
      "whiteSpace" : false
    }, {
      "id" : "s1-t9",
      "begin" : 151,
      "end" : 156,
      "text" : "still",
      "whiteSpace" : false
    }, {
      "id" : "s1-t10",
      "begin" : 157,
      "end" : 162,
      "text" : "needs",
      "whiteSpace" : false
    }, {
      "id" : "s1-t11",
      "begin" : 163,
      "end" : 165,
      "text" : "to",
      "whiteSpace" : false
    }, {
      "id" : "s1-t12",
      "begin" : 166,
      "end" : 168,
      "text" : "be",
      "whiteSpace" : false
    }, {
      "id" : "s1-t13",
      "begin" : 169,
      "end" : 177,
      "text" : "verified",
      "whiteSpace" : false
    }, {
      "id" : "s1-t14",
      "begin" : 178,
      "end" : 184,
      "text" : "before",
      "whiteSpace" : false
    }, {
      "id" : "s1-t15",
      "begin" : 185,
      "end" : 188,
      "text" : "you",
      "whiteSpace" : false
    }, {
      "id" : "s1-t16",
      "begin" : 189,
      "end" : 192,
      "text" : "can",
      "whiteSpace" : false
    }, {
      "id" : "s1-t17",
      "begin" : 193,
      "end" : 196,
      "text" : "get",
      "whiteSpace" : false
    }, {
      "id" : "s1-t18",
      "begin" : 197,
      "end" : 201,
      "text" : "paid",
      "whiteSpace" : false
    }, {
      "id" : "s1-t19",
      "begin" : 201,
      "end" : 202,
      "text" : ".",
      "whiteSpace" : false
    } ]
  }, {
    "id" : "s2",
    "begin" : 203,
    "end" : 303,
    "text" : "We have your social security number listed as 042929700 and your date of birth listed as 07/07/1986.",
    "tokens" : [ {
      "id" : "s2-t0",
      "begin" : 203,
      "end" : 205,
      "text" : "We",
      "whiteSpace" : false
    }, {
      "id" : "s2-t1",
      "begin" : 206,
      "end" : 210,
      "text" : "have",
      "whiteSpace" : false
    }, {
      "id" : "s2-t2",
      "begin" : 211,
      "end" : 215,
      "text" : "your",
      "whiteSpace" : false
    }, {
      "id" : "s2-t3",
      "begin" : 216,
      "end" : 222,
      "text" : "social",
      "whiteSpace" : false
    }, {
      "id" : "s2-t4",
      "begin" : 223,
      "end" : 231,
      "text" : "security",
      "whiteSpace" : false
    }, {
      "id" : "s2-t5",
      "begin" : 232,
      "end" : 238,
      "text" : "number",
      "whiteSpace" : false
    }, {
      "id" : "s2-t6",
      "begin" : 239,
      "end" : 245,
      "text" : "listed",
      "whiteSpace" : false
    }, {
      "id" : "s2-t7",
      "begin" : 246,
      "end" : 248,
      "text" : "as",
      "whiteSpace" : false
    }, {
      "id" : "s2-t8",
      "begin" : 249,
      "end" : 258,
      "text" : "042929700",
      "whiteSpace" : false
    }, {
      "id" : "s2-t9",
      "begin" : 259,
      "end" : 262,
      "text" : "and",
      "whiteSpace" : false
    }, {
      "id" : "s2-t10",
      "begin" : 263,
      "end" : 267,
      "text" : "your",
      "whiteSpace" : false
    }, {
      "id" : "s2-t11",
      "begin" : 268,
      "end" : 272,
      "text" : "date",
      "whiteSpace" : false
    }, {
      "id" : "s2-t12",
      "begin" : 273,
      "end" : 275,
      "text" : "of",
      "whiteSpace" : false
    }, {
      "id" : "s2-t13",
      "begin" : 276,
      "end" : 281,
      "text" : "birth",
      "whiteSpace" : false
    }, {
      "id" : "s2-t14",
      "begin" : 282,
      "end" : 288,
      "text" : "listed",
      "whiteSpace" : false
    }, {
      "id" : "s2-t15",
      "begin" : 289,
      "end" : 291,
      "text" : "as",
      "whiteSpace" : false
    }, {
      "id" : "s2-t16",
      "begin" : 292,
      "end" : 302,
      "text" : "07/07/1986",
      "whiteSpace" : false
    }, {
      "id" : "s2-t17",
      "begin" : 302,
      "end" : 303,
      "text" : ".",
      "whiteSpace" : false
    } ]
  }, {
    "id" : "s3",
    "begin" : 304,
    "end" : 369,
    "text" : "If these are correct, then we can get you your check by tomorrow.",
    "tokens" : [ {
      "id" : "s3-t0",
      "begin" : 304,
      "end" : 306,
      "text" : "If",
      "whiteSpace" : false
    }, {
      "id" : "s3-t1",
      "begin" : 307,
      "end" : 312,
      "text" : "these",
      "whiteSpace" : false
    }, {
      "id" : "s3-t2",
      "begin" : 313,
      "end" : 316,
      "text" : "are",
      "whiteSpace" : false
    }, {
      "id" : "s3-t3",
      "begin" : 317,
      "end" : 324,
      "text" : "correct",
      "whiteSpace" : false
    }, {
      "id" : "s3-t4",
      "begin" : 324,
      "end" : 325,
      "text" : ",",
      "whiteSpace" : false
    }, {
      "id" : "s3-t5",
      "begin" : 326,
      "end" : 330,
      "text" : "then",
      "whiteSpace" : false
    }, {
      "id" : "s3-t6",
      "begin" : 331,
      "end" : 333,
      "text" : "we",
      "whiteSpace" : false
    }, {
      "id" : "s3-t7",
      "begin" : 334,
      "end" : 337,
      "text" : "can",
      "whiteSpace" : false
    }, {
      "id" : "s3-t8",
      "begin" : 338,
      "end" : 341,
      "text" : "get",
      "whiteSpace" : false
    }, {
      "id" : "s3-t9",
      "begin" : 342,
      "end" : 345,
      "text" : "you",
      "whiteSpace" : false
    }, {
      "id" : "s3-t10",
      "begin" : 346,
      "end" : 350,
      "text" : "your",
      "whiteSpace" : false
    }, {
      "id" : "s3-t11",
      "begin" : 351,
      "end" : 356,
      "text" : "check",
      "whiteSpace" : false
    }, {
      "id" : "s3-t12",
      "begin" : 357,
      "end" : 359,
      "text" : "by",
      "whiteSpace" : false
    }, {
      "id" : "s3-t13",
      "begin" : 360,
      "end" : 368,
      "text" : "tomorrow",
      "whiteSpace" : false
    }, {
      "id" : "s3-t14",
      "begin" : 368,
      "end" : 369,
      "text" : ".",
      "whiteSpace" : false
    } ]
  }, {
    "id" : "s4",
    "begin" : 370,
    "end" : 399,
    "text" : "Keep up the good work Eminem.",
    "tokens" : [ {
      "id" : "s4-t0",
      "begin" : 370,
      "end" : 374,
      "text" : "Keep",
      "whiteSpace" : false
    }, {
      "id" : "s4-t1",
      "begin" : 375,
      "end" : 377,
      "text" : "up",
      "whiteSpace" : false
    }, {
      "id" : "s4-t2",
      "begin" : 378,
      "end" : 381,
      "text" : "the",
      "whiteSpace" : false
    }, {
      "id" : "s4-t3",
      "begin" : 382,
      "end" : 386,
      "text" : "good",
      "whiteSpace" : false
    }, {
      "id" : "s4-t4",
      "begin" : 387,
      "end" : 391,
      "text" : "work",
      "whiteSpace" : false
    }, {
      "id" : "s4-t5",
      "begin" : 392,
      "end" : 398,
      "text" : "Eminem",
      "whiteSpace" : false
    }, {
      "id" : "s4-t6",
      "begin" : 398,
      "end" : 399,
      "text" : ".",
      "whiteSpace" : false
    } ]
  }, {
    "id" : "s5",
    "begin" : 400,
    "end" : 406,
    "text" : "Dr.Dre",
    "tokens" : [ {
      "id" : "s5-t0",
      "begin" : 400,
      "end" : 406,
      "text" : "Dr.Dre",
      "whiteSpace" : false
    } ]
  } ],
  "mentions" : [ {
    "id" : "s0-m1",
    "properties" : {
      "SIRE_MENTION_ROLE" : "Name",
      "SIRE_ENTITY_SUBTYPE" : "NONE",
      "SIRE_MENTION_TYPE" : "NONE",
      "SIRE_MENTION_CLASS" : "SPC"
    },
    "type" : "Name",
    "begin" : 5,
    "end" : 21,
    "inCoref" : false
  }, {
    "id" : "s2-m1",
    "properties" : {
      "SIRE_MENTION_ROLE" : "SSN",
      "SIRE_ENTITY_SUBTYPE" : "NONE",
      "SIRE_MENTION_TYPE" : "NONE",
      "SIRE_MENTION_CLASS" : "SPC"
    },
    "type" : "SSN",
    "begin" : 249,
    "end" : 258,
    "inCoref" : false
  }, {
    "id" : "s2-m2",
    "properties" : {
      "SIRE_MENTION_ROLE" : "DOB",
      "SIRE_ENTITY_SUBTYPE" : "NONE",
      "SIRE_MENTION_TYPE" : "NONE",
      "SIRE_MENTION_CLASS" : "SPC"
    },
    "type" : "DOB",
    "begin" : 292,
    "end" : 302,
    "inCoref" : false
  }, {
    "id" : "s4-m1",
    "properties" : {
      "SIRE_MENTION_ROLE" : "Name",
      "SIRE_ENTITY_SUBTYPE" : "NONE",
      "SIRE_MENTION_TYPE" : "NONE",
      "SIRE_MENTION_CLASS" : "SPC"
    },
    "type" : "Name",
    "begin" : 392,
    "end" : 398,
    "inCoref" : false
  }, {
    "id" : "s5-m1",
    "properties" : {
      "SIRE_MENTION_ROLE" : "Name",
      "SIRE_ENTITY_SUBTYPE" : "NONE",
      "SIRE_MENTION_TYPE" : "NONE",
      "SIRE_MENTION_CLASS" : "SPC"
    },
    "type" : "Name",
    "begin" : 400,
    "end" : 406,
    "inCoref" : false
  } ],
  "relations" : [ ],
  "corefs" : [ ],
  "typeResolved" : true,
  "userResolved" : false
}