{
  "id" : "79951eb0-f589-11e7-bf0f-4749cb57bf77-16",
  "name" : "email17.txt",
  "createdDate" : 0,
  "version" : 3,
  "text" : "To Mr. Bond,\n\tWe hereby approve your government top secret clearance. Congratulations on your hard work. Here are your credentials and information for the job:\n\t\tSSN - 762015102\n\t\tDOB - 12/01/1996\n\t\tAgent# - 007\n\t\tBank Account# - 383740293\n\tGoodluck Mr. Bond\nFrom M",
  "docLength" : 0,
  "language" : "EN",
  "status" : "SUBMITTED",
  "modifiedDate" : 1515536639975,
  "documentSet" : [ ],
  "preannotation" : [ ],
  "sentences" : [ {
    "id" : "s0",
    "begin" : 0,
    "end" : 69,
    "text" : "To Mr. Bond,\n\tWe hereby approve your government top secret clearance.",
    "tokens" : [ {
      "id" : "s0-t0",
      "begin" : 0,
      "end" : 2,
      "text" : "To",
      "whiteSpace" : false
    }, {
      "id" : "s0-t1",
      "begin" : 3,
      "end" : 6,
      "text" : "Mr.",
      "whiteSpace" : false
    }, {
      "id" : "s0-t2",
      "begin" : 7,
      "end" : 11,
      "text" : "Bond",
      "whiteSpace" : false
    }, {
      "id" : "s0-t3",
      "begin" : 11,
      "end" : 12,
      "text" : ",",
      "whiteSpace" : false
    }, {
      "id" : "s0-t4",
      "begin" : 14,
      "end" : 16,
      "text" : "We",
      "whiteSpace" : false
    }, {
      "id" : "s0-t5",
      "begin" : 17,
      "end" : 23,
      "text" : "hereby",
      "whiteSpace" : false
    }, {
      "id" : "s0-t6",
      "begin" : 24,
      "end" : 31,
      "text" : "approve",
      "whiteSpace" : false
    }, {
      "id" : "s0-t7",
      "begin" : 32,
      "end" : 36,
      "text" : "your",
      "whiteSpace" : false
    }, {
      "id" : "s0-t8",
      "begin" : 37,
      "end" : 47,
      "text" : "government",
      "whiteSpace" : false
    }, {
      "id" : "s0-t9",
      "begin" : 48,
      "end" : 51,
      "text" : "top",
      "whiteSpace" : false
    }, {
      "id" : "s0-t10",
      "begin" : 52,
      "end" : 58,
      "text" : "secret",
      "whiteSpace" : false
    }, {
      "id" : "s0-t11",
      "begin" : 59,
      "end" : 68,
      "text" : "clearance",
      "whiteSpace" : false
    }, {
      "id" : "s0-t12",
      "begin" : 68,
      "end" : 69,
      "text" : ".",
      "whiteSpace" : false
    } ]
  }, {
    "id" : "s1",
    "begin" : 70,
    "end" : 104,
    "text" : "Congratulations on your hard work.",
    "tokens" : [ {
      "id" : "s1-t0",
      "begin" : 70,
      "end" : 85,
      "text" : "Congratulations",
      "whiteSpace" : false
    }, {
      "id" : "s1-t1",
      "begin" : 86,
      "end" : 88,
      "text" : "on",
      "whiteSpace" : false
    }, {
      "id" : "s1-t2",
      "begin" : 89,
      "end" : 93,
      "text" : "your",
      "whiteSpace" : false
    }, {
      "id" : "s1-t3",
      "begin" : 94,
      "end" : 98,
      "text" : "hard",
      "whiteSpace" : false
    }, {
      "id" : "s1-t4",
      "begin" : 99,
      "end" : 103,
      "text" : "work",
      "whiteSpace" : false
    }, {
      "id" : "s1-t5",
      "begin" : 103,
      "end" : 104,
      "text" : ".",
      "whiteSpace" : false
    } ]
  }, {
    "id" : "s2",
    "begin" : 105,
    "end" : 265,
    "text" : "Here are your credentials and information for the job:\n\t\tSSN - 762015102\n\t\tDOB - 12/01/1996\n\t\tAgent# - 007\n\t\tBank Account# - 383740293\n\tGoodluck Mr. Bond\nFrom M",
    "tokens" : [ {
      "id" : "s2-t0",
      "begin" : 105,
      "end" : 109,
      "text" : "Here",
      "whiteSpace" : false
    }, {
      "id" : "s2-t1",
      "begin" : 110,
      "end" : 113,
      "text" : "are",
      "whiteSpace" : false
    }, {
      "id" : "s2-t2",
      "begin" : 114,
      "end" : 118,
      "text" : "your",
      "whiteSpace" : false
    }, {
      "id" : "s2-t3",
      "begin" : 119,
      "end" : 130,
      "text" : "credentials",
      "whiteSpace" : false
    }, {
      "id" : "s2-t4",
      "begin" : 131,
      "end" : 134,
      "text" : "and",
      "whiteSpace" : false
    }, {
      "id" : "s2-t5",
      "begin" : 135,
      "end" : 146,
      "text" : "information",
      "whiteSpace" : false
    }, {
      "id" : "s2-t6",
      "begin" : 147,
      "end" : 150,
      "text" : "for",
      "whiteSpace" : false
    }, {
      "id" : "s2-t7",
      "begin" : 151,
      "end" : 154,
      "text" : "the",
      "whiteSpace" : false
    }, {
      "id" : "s2-t8",
      "begin" : 155,
      "end" : 158,
      "text" : "job",
      "whiteSpace" : false
    }, {
      "id" : "s2-t9",
      "begin" : 158,
      "end" : 159,
      "text" : ":",
      "whiteSpace" : false
    }, {
      "id" : "s2-t10",
      "begin" : 162,
      "end" : 165,
      "text" : "SSN",
      "whiteSpace" : false
    }, {
      "id" : "s2-t11",
      "begin" : 166,
      "end" : 167,
      "text" : "-",
      "whiteSpace" : false
    }, {
      "id" : "s2-t12",
      "begin" : 168,
      "end" : 177,
      "text" : "762015102",
      "whiteSpace" : false
    }, {
      "id" : "s2-t13",
      "begin" : 180,
      "end" : 183,
      "text" : "DOB",
      "whiteSpace" : false
    }, {
      "id" : "s2-t14",
      "begin" : 184,
      "end" : 185,
      "text" : "-",
      "whiteSpace" : false
    }, {
      "id" : "s2-t15",
      "begin" : 186,
      "end" : 196,
      "text" : "12/01/1996",
      "whiteSpace" : false
    }, {
      "id" : "s2-t16",
      "begin" : 199,
      "end" : 205,
      "text" : "Agent#",
      "whiteSpace" : false
    }, {
      "id" : "s2-t17",
      "begin" : 206,
      "end" : 207,
      "text" : "-",
      "whiteSpace" : false
    }, {
      "id" : "s2-t18",
      "begin" : 208,
      "end" : 211,
      "text" : "007",
      "whiteSpace" : false
    }, {
      "id" : "s2-t19",
      "begin" : 214,
      "end" : 218,
      "text" : "Bank",
      "whiteSpace" : false
    }, {
      "id" : "s2-t20",
      "begin" : 219,
      "end" : 227,
      "text" : "Account#",
      "whiteSpace" : false
    }, {
      "id" : "s2-t21",
      "begin" : 228,
      "end" : 229,
      "text" : "-",
      "whiteSpace" : false
    }, {
      "id" : "s2-t22",
      "begin" : 230,
      "end" : 239,
      "text" : "383740293",
      "whiteSpace" : false
    }, {
      "id" : "s2-t23",
      "begin" : 241,
      "end" : 249,
      "text" : "Goodluck",
      "whiteSpace" : false
    }, {
      "id" : "s2-t24",
      "begin" : 250,
      "end" : 253,
      "text" : "Mr.",
      "whiteSpace" : false
    }, {
      "id" : "s2-t25",
      "begin" : 254,
      "end" : 258,
      "text" : "Bond",
      "whiteSpace" : false
    }, {
      "id" : "s2-t26",
      "begin" : 259,
      "end" : 263,
      "text" : "From",
      "whiteSpace" : false
    }, {
      "id" : "s2-t27",
      "begin" : 264,
      "end" : 265,
      "text" : "M",
      "whiteSpace" : false
    } ]
  } ],
  "mentions" : [ {
    "id" : "s0-m1",
    "properties" : {
      "SIRE_MENTION_ROLE" : "Name",
      "SIRE_ENTITY_SUBTYPE" : "NONE",
      "SIRE_MENTION_TYPE" : "NONE",
      "SIRE_MENTION_CLASS" : "SPC"
    },
    "type" : "Name",
    "begin" : 7,
    "end" : 11,
    "inCoref" : false
  }, {
    "id" : "s2-m1",
    "properties" : {
      "SIRE_MENTION_ROLE" : "SSN",
      "SIRE_ENTITY_SUBTYPE" : "NONE",
      "SIRE_MENTION_TYPE" : "NONE",
      "SIRE_MENTION_CLASS" : "SPC"
    },
    "type" : "SSN",
    "begin" : 168,
    "end" : 177,
    "inCoref" : false
  }, {
    "id" : "s2-m2",
    "properties" : {
      "SIRE_MENTION_ROLE" : "DOB",
      "SIRE_ENTITY_SUBTYPE" : "NONE",
      "SIRE_MENTION_TYPE" : "NONE",
      "SIRE_MENTION_CLASS" : "SPC"
    },
    "type" : "DOB",
    "begin" : 186,
    "end" : 196,
    "inCoref" : false
  }, {
    "id" : "s2-m3",
    "properties" : {
      "SIRE_MENTION_ROLE" : "Name",
      "SIRE_ENTITY_SUBTYPE" : "NONE",
      "SIRE_MENTION_TYPE" : "NONE",
      "SIRE_MENTION_CLASS" : "SPC"
    },
    "type" : "Name",
    "begin" : 254,
    "end" : 258,
    "inCoref" : false
  } ],
  "relations" : [ ],
  "corefs" : [ ],
  "typeResolved" : true,
  "userResolved" : false
}