{
  "id" : "79951eb0-f589-11e7-bf0f-4749cb57bf77-6",
  "name" : "email7.txt",
  "createdDate" : 0,
  "version" : 3,
  "text" : "Hello Dr. Paul,\n\tI am reaching out to you in order to ask about my blood test results. My name is Margaret Myers and I came into get my blood tested on 01-01-18. I expected the results in 2 weeks but they have not arrived. Can you please help me get the results? The information on the record should be:\n\t\tSSN: 514967814,\n\t\tDOB: 12/10/17\n\t\tBlood Type: A+\n\tIf this is not enough please let me know and I will get it all to you asap.\nFrom Margaret Myers",
  "docLength" : 0,
  "language" : "EN",
  "status" : "SUBMITTED",
  "modifiedDate" : 1515536418780,
  "documentSet" : [ ],
  "preannotation" : [ ],
  "sentences" : [ {
    "id" : "s0",
    "begin" : 0,
    "end" : 86,
    "text" : "Hello Dr. Paul,\n\tI am reaching out to you in order to ask about my blood test results.",
    "tokens" : [ {
      "id" : "s0-t0",
      "begin" : 0,
      "end" : 5,
      "text" : "Hello",
      "whiteSpace" : false
    }, {
      "id" : "s0-t1",
      "begin" : 6,
      "end" : 9,
      "text" : "Dr.",
      "whiteSpace" : false
    }, {
      "id" : "s0-t2",
      "begin" : 10,
      "end" : 14,
      "text" : "Paul",
      "whiteSpace" : false
    }, {
      "id" : "s0-t3",
      "begin" : 14,
      "end" : 15,
      "text" : ",",
      "whiteSpace" : false
    }, {
      "id" : "s0-t4",
      "begin" : 17,
      "end" : 18,
      "text" : "I",
      "whiteSpace" : false
    }, {
      "id" : "s0-t5",
      "begin" : 19,
      "end" : 21,
      "text" : "am",
      "whiteSpace" : false
    }, {
      "id" : "s0-t6",
      "begin" : 22,
      "end" : 30,
      "text" : "reaching",
      "whiteSpace" : false
    }, {
      "id" : "s0-t7",
      "begin" : 31,
      "end" : 34,
      "text" : "out",
      "whiteSpace" : false
    }, {
      "id" : "s0-t8",
      "begin" : 35,
      "end" : 37,
      "text" : "to",
      "whiteSpace" : false
    }, {
      "id" : "s0-t9",
      "begin" : 38,
      "end" : 41,
      "text" : "you",
      "whiteSpace" : false
    }, {
      "id" : "s0-t10",
      "begin" : 42,
      "end" : 44,
      "text" : "in",
      "whiteSpace" : false
    }, {
      "id" : "s0-t11",
      "begin" : 45,
      "end" : 50,
      "text" : "order",
      "whiteSpace" : false
    }, {
      "id" : "s0-t12",
      "begin" : 51,
      "end" : 53,
      "text" : "to",
      "whiteSpace" : false
    }, {
      "id" : "s0-t13",
      "begin" : 54,
      "end" : 57,
      "text" : "ask",
      "whiteSpace" : false
    }, {
      "id" : "s0-t14",
      "begin" : 58,
      "end" : 63,
      "text" : "about",
      "whiteSpace" : false
    }, {
      "id" : "s0-t15",
      "begin" : 64,
      "end" : 66,
      "text" : "my",
      "whiteSpace" : false
    }, {
      "id" : "s0-t16",
      "begin" : 67,
      "end" : 72,
      "text" : "blood",
      "whiteSpace" : false
    }, {
      "id" : "s0-t17",
      "begin" : 73,
      "end" : 77,
      "text" : "test",
      "whiteSpace" : false
    }, {
      "id" : "s0-t18",
      "begin" : 78,
      "end" : 85,
      "text" : "results",
      "whiteSpace" : false
    }, {
      "id" : "s0-t19",
      "begin" : 85,
      "end" : 86,
      "text" : ".",
      "whiteSpace" : false
    } ]
  }, {
    "id" : "s1",
    "begin" : 87,
    "end" : 161,
    "text" : "My name is Margaret Myers and I came into get my blood tested on 01-01-18.",
    "tokens" : [ {
      "id" : "s1-t0",
      "begin" : 87,
      "end" : 89,
      "text" : "My",
      "whiteSpace" : false
    }, {
      "id" : "s1-t1",
      "begin" : 90,
      "end" : 94,
      "text" : "name",
      "whiteSpace" : false
    }, {
      "id" : "s1-t2",
      "begin" : 95,
      "end" : 97,
      "text" : "is",
      "whiteSpace" : false
    }, {
      "id" : "s1-t3",
      "begin" : 98,
      "end" : 106,
      "text" : "Margaret",
      "whiteSpace" : false
    }, {
      "id" : "s1-t4",
      "begin" : 107,
      "end" : 112,
      "text" : "Myers",
      "whiteSpace" : false
    }, {
      "id" : "s1-t5",
      "begin" : 113,
      "end" : 116,
      "text" : "and",
      "whiteSpace" : false
    }, {
      "id" : "s1-t6",
      "begin" : 117,
      "end" : 118,
      "text" : "I",
      "whiteSpace" : false
    }, {
      "id" : "s1-t7",
      "begin" : 119,
      "end" : 123,
      "text" : "came",
      "whiteSpace" : false
    }, {
      "id" : "s1-t8",
      "begin" : 124,
      "end" : 128,
      "text" : "into",
      "whiteSpace" : false
    }, {
      "id" : "s1-t9",
      "begin" : 129,
      "end" : 132,
      "text" : "get",
      "whiteSpace" : false
    }, {
      "id" : "s1-t10",
      "begin" : 133,
      "end" : 135,
      "text" : "my",
      "whiteSpace" : false
    }, {
      "id" : "s1-t11",
      "begin" : 136,
      "end" : 141,
      "text" : "blood",
      "whiteSpace" : false
    }, {
      "id" : "s1-t12",
      "begin" : 142,
      "end" : 148,
      "text" : "tested",
      "whiteSpace" : false
    }, {
      "id" : "s1-t13",
      "begin" : 149,
      "end" : 151,
      "text" : "on",
      "whiteSpace" : false
    }, {
      "id" : "s1-t14",
      "begin" : 152,
      "end" : 160,
      "text" : "01-01-18",
      "whiteSpace" : false
    }, {
      "id" : "s1-t15",
      "begin" : 160,
      "end" : 161,
      "text" : ".",
      "whiteSpace" : false
    } ]
  }, {
    "id" : "s2",
    "begin" : 162,
    "end" : 222,
    "text" : "I expected the results in 2 weeks but they have not arrived.",
    "tokens" : [ {
      "id" : "s2-t0",
      "begin" : 162,
      "end" : 163,
      "text" : "I",
      "whiteSpace" : false
    }, {
      "id" : "s2-t1",
      "begin" : 164,
      "end" : 172,
      "text" : "expected",
      "whiteSpace" : false
    }, {
      "id" : "s2-t2",
      "begin" : 173,
      "end" : 176,
      "text" : "the",
      "whiteSpace" : false
    }, {
      "id" : "s2-t3",
      "begin" : 177,
      "end" : 184,
      "text" : "results",
      "whiteSpace" : false
    }, {
      "id" : "s2-t4",
      "begin" : 185,
      "end" : 187,
      "text" : "in",
      "whiteSpace" : false
    }, {
      "id" : "s2-t5",
      "begin" : 188,
      "end" : 189,
      "text" : "2",
      "whiteSpace" : false
    }, {
      "id" : "s2-t6",
      "begin" : 190,
      "end" : 195,
      "text" : "weeks",
      "whiteSpace" : false
    }, {
      "id" : "s2-t7",
      "begin" : 196,
      "end" : 199,
      "text" : "but",
      "whiteSpace" : false
    }, {
      "id" : "s2-t8",
      "begin" : 200,
      "end" : 204,
      "text" : "they",
      "whiteSpace" : false
    }, {
      "id" : "s2-t9",
      "begin" : 205,
      "end" : 209,
      "text" : "have",
      "whiteSpace" : false
    }, {
      "id" : "s2-t10",
      "begin" : 210,
      "end" : 213,
      "text" : "not",
      "whiteSpace" : false
    }, {
      "id" : "s2-t11",
      "begin" : 214,
      "end" : 221,
      "text" : "arrived",
      "whiteSpace" : false
    }, {
      "id" : "s2-t12",
      "begin" : 221,
      "end" : 222,
      "text" : ".",
      "whiteSpace" : false
    } ]
  }, {
    "id" : "s3",
    "begin" : 223,
    "end" : 262,
    "text" : "Can you please help me get the results?",
    "tokens" : [ {
      "id" : "s3-t0",
      "begin" : 223,
      "end" : 226,
      "text" : "Can",
      "whiteSpace" : false
    }, {
      "id" : "s3-t1",
      "begin" : 227,
      "end" : 230,
      "text" : "you",
      "whiteSpace" : false
    }, {
      "id" : "s3-t2",
      "begin" : 231,
      "end" : 237,
      "text" : "please",
      "whiteSpace" : false
    }, {
      "id" : "s3-t3",
      "begin" : 238,
      "end" : 242,
      "text" : "help",
      "whiteSpace" : false
    }, {
      "id" : "s3-t4",
      "begin" : 243,
      "end" : 245,
      "text" : "me",
      "whiteSpace" : false
    }, {
      "id" : "s3-t5",
      "begin" : 246,
      "end" : 249,
      "text" : "get",
      "whiteSpace" : false
    }, {
      "id" : "s3-t6",
      "begin" : 250,
      "end" : 253,
      "text" : "the",
      "whiteSpace" : false
    }, {
      "id" : "s3-t7",
      "begin" : 254,
      "end" : 261,
      "text" : "results",
      "whiteSpace" : false
    }, {
      "id" : "s3-t8",
      "begin" : 261,
      "end" : 262,
      "text" : "?",
      "whiteSpace" : false
    } ]
  }, {
    "id" : "s4",
    "begin" : 263,
    "end" : 431,
    "text" : "The information on the record should be:\n\t\tSSN: 514967814,\n\t\tDOB: 12/10/17\n\t\tBlood Type: A+\n\tIf this is not enough please let me know and I will get it all to you asap.",
    "tokens" : [ {
      "id" : "s4-t0",
      "begin" : 263,
      "end" : 266,
      "text" : "The",
      "whiteSpace" : false
    }, {
      "id" : "s4-t1",
      "begin" : 267,
      "end" : 278,
      "text" : "information",
      "whiteSpace" : false
    }, {
      "id" : "s4-t2",
      "begin" : 279,
      "end" : 281,
      "text" : "on",
      "whiteSpace" : false
    }, {
      "id" : "s4-t3",
      "begin" : 282,
      "end" : 285,
      "text" : "the",
      "whiteSpace" : false
    }, {
      "id" : "s4-t4",
      "begin" : 286,
      "end" : 292,
      "text" : "record",
      "whiteSpace" : false
    }, {
      "id" : "s4-t5",
      "begin" : 293,
      "end" : 299,
      "text" : "should",
      "whiteSpace" : false
    }, {
      "id" : "s4-t6",
      "begin" : 300,
      "end" : 302,
      "text" : "be",
      "whiteSpace" : false
    }, {
      "id" : "s4-t7",
      "begin" : 302,
      "end" : 303,
      "text" : ":",
      "whiteSpace" : false
    }, {
      "id" : "s4-t8",
      "begin" : 306,
      "end" : 309,
      "text" : "SSN",
      "whiteSpace" : false
    }, {
      "id" : "s4-t9",
      "begin" : 309,
      "end" : 310,
      "text" : ":",
      "whiteSpace" : false
    }, {
      "id" : "s4-t10",
      "begin" : 311,
      "end" : 320,
      "text" : "514967814",
      "whiteSpace" : false
    }, {
      "id" : "s4-t11",
      "begin" : 320,
      "end" : 321,
      "text" : ",",
      "whiteSpace" : false
    }, {
      "id" : "s4-t12",
      "begin" : 324,
      "end" : 327,
      "text" : "DOB",
      "whiteSpace" : false
    }, {
      "id" : "s4-t13",
      "begin" : 327,
      "end" : 328,
      "text" : ":",
      "whiteSpace" : false
    }, {
      "id" : "s4-t14",
      "begin" : 329,
      "end" : 337,
      "text" : "12/10/17",
      "whiteSpace" : false
    }, {
      "id" : "s4-t15",
      "begin" : 340,
      "end" : 345,
      "text" : "Blood",
      "whiteSpace" : false
    }, {
      "id" : "s4-t16",
      "begin" : 346,
      "end" : 350,
      "text" : "Type",
      "whiteSpace" : false
    }, {
      "id" : "s4-t17",
      "begin" : 350,
      "end" : 351,
      "text" : ":",
      "whiteSpace" : false
    }, {
      "id" : "s4-t18",
      "begin" : 352,
      "end" : 353,
      "text" : "A",
      "whiteSpace" : false
    }, {
      "id" : "s4-t19",
      "begin" : 353,
      "end" : 354,
      "text" : "+",
      "whiteSpace" : false
    }, {
      "id" : "s4-t20",
      "begin" : 356,
      "end" : 358,
      "text" : "If",
      "whiteSpace" : false
    }, {
      "id" : "s4-t21",
      "begin" : 359,
      "end" : 363,
      "text" : "this",
      "whiteSpace" : false
    }, {
      "id" : "s4-t22",
      "begin" : 364,
      "end" : 366,
      "text" : "is",
      "whiteSpace" : false
    }, {
      "id" : "s4-t23",
      "begin" : 367,
      "end" : 370,
      "text" : "not",
      "whiteSpace" : false
    }, {
      "id" : "s4-t24",
      "begin" : 371,
      "end" : 377,
      "text" : "enough",
      "whiteSpace" : false
    }, {
      "id" : "s4-t25",
      "begin" : 378,
      "end" : 384,
      "text" : "please",
      "whiteSpace" : false
    }, {
      "id" : "s4-t26",
      "begin" : 385,
      "end" : 388,
      "text" : "let",
      "whiteSpace" : false
    }, {
      "id" : "s4-t27",
      "begin" : 389,
      "end" : 391,
      "text" : "me",
      "whiteSpace" : false
    }, {
      "id" : "s4-t28",
      "begin" : 392,
      "end" : 396,
      "text" : "know",
      "whiteSpace" : false
    }, {
      "id" : "s4-t29",
      "begin" : 397,
      "end" : 400,
      "text" : "and",
      "whiteSpace" : false
    }, {
      "id" : "s4-t30",
      "begin" : 401,
      "end" : 402,
      "text" : "I",
      "whiteSpace" : false
    }, {
      "id" : "s4-t31",
      "begin" : 403,
      "end" : 407,
      "text" : "will",
      "whiteSpace" : false
    }, {
      "id" : "s4-t32",
      "begin" : 408,
      "end" : 411,
      "text" : "get",
      "whiteSpace" : false
    }, {
      "id" : "s4-t33",
      "begin" : 412,
      "end" : 414,
      "text" : "it",
      "whiteSpace" : false
    }, {
      "id" : "s4-t34",
      "begin" : 415,
      "end" : 418,
      "text" : "all",
      "whiteSpace" : false
    }, {
      "id" : "s4-t35",
      "begin" : 419,
      "end" : 421,
      "text" : "to",
      "whiteSpace" : false
    }, {
      "id" : "s4-t36",
      "begin" : 422,
      "end" : 425,
      "text" : "you",
      "whiteSpace" : false
    }, {
      "id" : "s4-t37",
      "begin" : 426,
      "end" : 430,
      "text" : "asap",
      "whiteSpace" : false
    }, {
      "id" : "s4-t38",
      "begin" : 430,
      "end" : 431,
      "text" : ".",
      "whiteSpace" : false
    } ]
  }, {
    "id" : "s5",
    "begin" : 432,
    "end" : 451,
    "text" : "From Margaret Myers",
    "tokens" : [ {
      "id" : "s5-t0",
      "begin" : 432,
      "end" : 436,
      "text" : "From",
      "whiteSpace" : false
    }, {
      "id" : "s5-t1",
      "begin" : 437,
      "end" : 445,
      "text" : "Margaret",
      "whiteSpace" : false
    }, {
      "id" : "s5-t2",
      "begin" : 446,
      "end" : 451,
      "text" : "Myers",
      "whiteSpace" : false
    } ]
  } ],
  "mentions" : [ {
    "id" : "s0-m1",
    "properties" : {
      "SIRE_MENTION_ROLE" : "Name",
      "SIRE_ENTITY_SUBTYPE" : "NONE",
      "SIRE_MENTION_TYPE" : "NONE",
      "SIRE_MENTION_CLASS" : "SPC"
    },
    "type" : "Name",
    "begin" : 10,
    "end" : 14,
    "inCoref" : false
  }, {
    "id" : "s1-m1",
    "properties" : {
      "SIRE_MENTION_ROLE" : "Name",
      "SIRE_ENTITY_SUBTYPE" : "NONE",
      "SIRE_MENTION_TYPE" : "NONE",
      "SIRE_MENTION_CLASS" : "SPC"
    },
    "type" : "Name",
    "begin" : 98,
    "end" : 112,
    "inCoref" : false
  }, {
    "id" : "s4-m1",
    "properties" : {
      "SIRE_MENTION_ROLE" : "SSN",
      "SIRE_ENTITY_SUBTYPE" : "NONE",
      "SIRE_MENTION_TYPE" : "NONE",
      "SIRE_MENTION_CLASS" : "SPC"
    },
    "type" : "SSN",
    "begin" : 311,
    "end" : 320,
    "inCoref" : false
  }, {
    "id" : "s4-m2",
    "properties" : {
      "SIRE_MENTION_ROLE" : "DOB",
      "SIRE_ENTITY_SUBTYPE" : "NONE",
      "SIRE_MENTION_TYPE" : "NONE",
      "SIRE_MENTION_CLASS" : "SPC"
    },
    "type" : "DOB",
    "begin" : 329,
    "end" : 337,
    "inCoref" : false
  }, {
    "id" : "s5-m1",
    "properties" : {
      "SIRE_MENTION_ROLE" : "Name",
      "SIRE_ENTITY_SUBTYPE" : "NONE",
      "SIRE_MENTION_TYPE" : "NONE",
      "SIRE_MENTION_CLASS" : "SPC"
    },
    "type" : "Name",
    "begin" : 437,
    "end" : 451,
    "inCoref" : false
  } ],
  "relations" : [ ],
  "corefs" : [ ],
  "typeResolved" : true,
  "userResolved" : false
}