{
  "id" : "79951eb0-f589-11e7-bf0f-4749cb57bf77-2",
  "name" : "email3.txt",
  "createdDate" : 0,
  "version" : 3,
  "text" : "Dear Simone Washington,\n\tHere is the list of study participants:\n\t\t1. Michael Jones\n\t\t\ta. DOB: 17/11/14\n\t\t\tb. SSN: 526388461\n\t\t\tc. Height: 6ft 1in\n\t\t2. Sarah Jacobs\n\t\t\ta. DOB: 23/12/13\n\t\t\tb. SSN: 291367068\n\t\t\tc. Height: 5ft 4in\n\t\t3. Matthew Wang\n\t\t\ta. DOB: 17/05/15\n\t\t\tb. SSN: 680281330\n\t\t\tc. Height: 5ft 6in\n\n\tPlease let me know if any other information is needed.\nMichael Wilson",
  "docLength" : 0,
  "language" : "EN",
  "status" : "SUBMITTED",
  "modifiedDate" : 1515536265277,
  "documentSet" : [ ],
  "preannotation" : [ ],
  "sentences" : [ {
    "id" : "s0",
    "begin" : 0,
    "end" : 69,
    "text" : "Dear Simone Washington,\n\tHere is the list of study participants:\n\t\t1.",
    "tokens" : [ {
      "id" : "s0-t0",
      "begin" : 0,
      "end" : 4,
      "text" : "Dear",
      "whiteSpace" : false
    }, {
      "id" : "s0-t1",
      "begin" : 5,
      "end" : 11,
      "text" : "Simone",
      "whiteSpace" : false
    }, {
      "id" : "s0-t2",
      "begin" : 12,
      "end" : 22,
      "text" : "Washington",
      "whiteSpace" : false
    }, {
      "id" : "s0-t3",
      "begin" : 22,
      "end" : 23,
      "text" : ",",
      "whiteSpace" : false
    }, {
      "id" : "s0-t4",
      "begin" : 25,
      "end" : 29,
      "text" : "Here",
      "whiteSpace" : false
    }, {
      "id" : "s0-t5",
      "begin" : 30,
      "end" : 32,
      "text" : "is",
      "whiteSpace" : false
    }, {
      "id" : "s0-t6",
      "begin" : 33,
      "end" : 36,
      "text" : "the",
      "whiteSpace" : false
    }, {
      "id" : "s0-t7",
      "begin" : 37,
      "end" : 41,
      "text" : "list",
      "whiteSpace" : false
    }, {
      "id" : "s0-t8",
      "begin" : 42,
      "end" : 44,
      "text" : "of",
      "whiteSpace" : false
    }, {
      "id" : "s0-t9",
      "begin" : 45,
      "end" : 50,
      "text" : "study",
      "whiteSpace" : false
    }, {
      "id" : "s0-t10",
      "begin" : 51,
      "end" : 63,
      "text" : "participants",
      "whiteSpace" : false
    }, {
      "id" : "s0-t11",
      "begin" : 63,
      "end" : 64,
      "text" : ":",
      "whiteSpace" : false
    }, {
      "id" : "s0-t12",
      "begin" : 67,
      "end" : 68,
      "text" : "1",
      "whiteSpace" : false
    }, {
      "id" : "s0-t13",
      "begin" : 68,
      "end" : 69,
      "text" : ".",
      "whiteSpace" : false
    } ]
  }, {
    "id" : "s1",
    "begin" : 70,
    "end" : 89,
    "text" : "Michael Jones\n\t\t\ta.",
    "tokens" : [ {
      "id" : "s1-t0",
      "begin" : 70,
      "end" : 77,
      "text" : "Michael",
      "whiteSpace" : false
    }, {
      "id" : "s1-t1",
      "begin" : 78,
      "end" : 83,
      "text" : "Jones",
      "whiteSpace" : false
    }, {
      "id" : "s1-t2",
      "begin" : 87,
      "end" : 88,
      "text" : "a",
      "whiteSpace" : false
    }, {
      "id" : "s1-t3",
      "begin" : 88,
      "end" : 89,
      "text" : ".",
      "whiteSpace" : false
    } ]
  }, {
    "id" : "s2",
    "begin" : 90,
    "end" : 109,
    "text" : "DOB: 17/11/14\n\t\t\tb.",
    "tokens" : [ {
      "id" : "s2-t0",
      "begin" : 90,
      "end" : 93,
      "text" : "DOB",
      "whiteSpace" : false
    }, {
      "id" : "s2-t1",
      "begin" : 93,
      "end" : 94,
      "text" : ":",
      "whiteSpace" : false
    }, {
      "id" : "s2-t2",
      "begin" : 95,
      "end" : 103,
      "text" : "17/11/14",
      "whiteSpace" : false
    }, {
      "id" : "s2-t3",
      "begin" : 107,
      "end" : 108,
      "text" : "b",
      "whiteSpace" : false
    }, {
      "id" : "s2-t4",
      "begin" : 108,
      "end" : 109,
      "text" : ".",
      "whiteSpace" : false
    } ]
  }, {
    "id" : "s3",
    "begin" : 110,
    "end" : 130,
    "text" : "SSN: 526388461\n\t\t\tc.",
    "tokens" : [ {
      "id" : "s3-t0",
      "begin" : 110,
      "end" : 113,
      "text" : "SSN",
      "whiteSpace" : false
    }, {
      "id" : "s3-t1",
      "begin" : 113,
      "end" : 114,
      "text" : ":",
      "whiteSpace" : false
    }, {
      "id" : "s3-t2",
      "begin" : 115,
      "end" : 124,
      "text" : "526388461",
      "whiteSpace" : false
    }, {
      "id" : "s3-t3",
      "begin" : 128,
      "end" : 129,
      "text" : "c",
      "whiteSpace" : false
    }, {
      "id" : "s3-t4",
      "begin" : 129,
      "end" : 130,
      "text" : ".",
      "whiteSpace" : false
    } ]
  }, {
    "id" : "s4",
    "begin" : 131,
    "end" : 151,
    "text" : "Height: 6ft 1in\n\t\t2.",
    "tokens" : [ {
      "id" : "s4-t0",
      "begin" : 131,
      "end" : 137,
      "text" : "Height",
      "whiteSpace" : false
    }, {
      "id" : "s4-t1",
      "begin" : 137,
      "end" : 138,
      "text" : ":",
      "whiteSpace" : false
    }, {
      "id" : "s4-t2",
      "begin" : 139,
      "end" : 142,
      "text" : "6ft",
      "whiteSpace" : false
    }, {
      "id" : "s4-t3",
      "begin" : 143,
      "end" : 146,
      "text" : "1in",
      "whiteSpace" : false
    }, {
      "id" : "s4-t4",
      "begin" : 149,
      "end" : 150,
      "text" : "2",
      "whiteSpace" : false
    }, {
      "id" : "s4-t5",
      "begin" : 150,
      "end" : 151,
      "text" : ".",
      "whiteSpace" : false
    } ]
  }, {
    "id" : "s5",
    "begin" : 152,
    "end" : 170,
    "text" : "Sarah Jacobs\n\t\t\ta.",
    "tokens" : [ {
      "id" : "s5-t0",
      "begin" : 152,
      "end" : 157,
      "text" : "Sarah",
      "whiteSpace" : false
    }, {
      "id" : "s5-t1",
      "begin" : 158,
      "end" : 164,
      "text" : "Jacobs",
      "whiteSpace" : false
    }, {
      "id" : "s5-t2",
      "begin" : 168,
      "end" : 169,
      "text" : "a",
      "whiteSpace" : false
    }, {
      "id" : "s5-t3",
      "begin" : 169,
      "end" : 170,
      "text" : ".",
      "whiteSpace" : false
    } ]
  }, {
    "id" : "s6",
    "begin" : 171,
    "end" : 190,
    "text" : "DOB: 23/12/13\n\t\t\tb.",
    "tokens" : [ {
      "id" : "s6-t0",
      "begin" : 171,
      "end" : 174,
      "text" : "DOB",
      "whiteSpace" : false
    }, {
      "id" : "s6-t1",
      "begin" : 174,
      "end" : 175,
      "text" : ":",
      "whiteSpace" : false
    }, {
      "id" : "s6-t2",
      "begin" : 176,
      "end" : 184,
      "text" : "23/12/13",
      "whiteSpace" : false
    }, {
      "id" : "s6-t3",
      "begin" : 188,
      "end" : 189,
      "text" : "b",
      "whiteSpace" : false
    }, {
      "id" : "s6-t4",
      "begin" : 189,
      "end" : 190,
      "text" : ".",
      "whiteSpace" : false
    } ]
  }, {
    "id" : "s7",
    "begin" : 191,
    "end" : 211,
    "text" : "SSN: 291367068\n\t\t\tc.",
    "tokens" : [ {
      "id" : "s7-t0",
      "begin" : 191,
      "end" : 194,
      "text" : "SSN",
      "whiteSpace" : false
    }, {
      "id" : "s7-t1",
      "begin" : 194,
      "end" : 195,
      "text" : ":",
      "whiteSpace" : false
    }, {
      "id" : "s7-t2",
      "begin" : 196,
      "end" : 205,
      "text" : "291367068",
      "whiteSpace" : false
    }, {
      "id" : "s7-t3",
      "begin" : 209,
      "end" : 210,
      "text" : "c",
      "whiteSpace" : false
    }, {
      "id" : "s7-t4",
      "begin" : 210,
      "end" : 211,
      "text" : ".",
      "whiteSpace" : false
    } ]
  }, {
    "id" : "s8",
    "begin" : 212,
    "end" : 232,
    "text" : "Height: 5ft 4in\n\t\t3.",
    "tokens" : [ {
      "id" : "s8-t0",
      "begin" : 212,
      "end" : 218,
      "text" : "Height",
      "whiteSpace" : false
    }, {
      "id" : "s8-t1",
      "begin" : 218,
      "end" : 219,
      "text" : ":",
      "whiteSpace" : false
    }, {
      "id" : "s8-t2",
      "begin" : 220,
      "end" : 223,
      "text" : "5ft",
      "whiteSpace" : false
    }, {
      "id" : "s8-t3",
      "begin" : 224,
      "end" : 227,
      "text" : "4in",
      "whiteSpace" : false
    }, {
      "id" : "s8-t4",
      "begin" : 230,
      "end" : 231,
      "text" : "3",
      "whiteSpace" : false
    }, {
      "id" : "s8-t5",
      "begin" : 231,
      "end" : 232,
      "text" : ".",
      "whiteSpace" : false
    } ]
  }, {
    "id" : "s9",
    "begin" : 233,
    "end" : 251,
    "text" : "Matthew Wang\n\t\t\ta.",
    "tokens" : [ {
      "id" : "s9-t0",
      "begin" : 233,
      "end" : 240,
      "text" : "Matthew",
      "whiteSpace" : false
    }, {
      "id" : "s9-t1",
      "begin" : 241,
      "end" : 245,
      "text" : "Wang",
      "whiteSpace" : false
    }, {
      "id" : "s9-t2",
      "begin" : 249,
      "end" : 250,
      "text" : "a",
      "whiteSpace" : false
    }, {
      "id" : "s9-t3",
      "begin" : 250,
      "end" : 251,
      "text" : ".",
      "whiteSpace" : false
    } ]
  }, {
    "id" : "s10",
    "begin" : 252,
    "end" : 271,
    "text" : "DOB: 17/05/15\n\t\t\tb.",
    "tokens" : [ {
      "id" : "s10-t0",
      "begin" : 252,
      "end" : 255,
      "text" : "DOB",
      "whiteSpace" : false
    }, {
      "id" : "s10-t1",
      "begin" : 255,
      "end" : 256,
      "text" : ":",
      "whiteSpace" : false
    }, {
      "id" : "s10-t2",
      "begin" : 257,
      "end" : 265,
      "text" : "17/05/15",
      "whiteSpace" : false
    }, {
      "id" : "s10-t3",
      "begin" : 269,
      "end" : 270,
      "text" : "b",
      "whiteSpace" : false
    }, {
      "id" : "s10-t4",
      "begin" : 270,
      "end" : 271,
      "text" : ".",
      "whiteSpace" : false
    } ]
  }, {
    "id" : "s11",
    "begin" : 272,
    "end" : 292,
    "text" : "SSN: 680281330\n\t\t\tc.",
    "tokens" : [ {
      "id" : "s11-t0",
      "begin" : 272,
      "end" : 275,
      "text" : "SSN",
      "whiteSpace" : false
    }, {
      "id" : "s11-t1",
      "begin" : 275,
      "end" : 276,
      "text" : ":",
      "whiteSpace" : false
    }, {
      "id" : "s11-t2",
      "begin" : 277,
      "end" : 286,
      "text" : "680281330",
      "whiteSpace" : false
    }, {
      "id" : "s11-t3",
      "begin" : 290,
      "end" : 291,
      "text" : "c",
      "whiteSpace" : false
    }, {
      "id" : "s11-t4",
      "begin" : 291,
      "end" : 292,
      "text" : ".",
      "whiteSpace" : false
    } ]
  }, {
    "id" : "s12",
    "begin" : 293,
    "end" : 308,
    "text" : "Height: 5ft 6in",
    "tokens" : [ {
      "id" : "s12-t0",
      "begin" : 293,
      "end" : 299,
      "text" : "Height",
      "whiteSpace" : false
    }, {
      "id" : "s12-t1",
      "begin" : 299,
      "end" : 300,
      "text" : ":",
      "whiteSpace" : false
    }, {
      "id" : "s12-t2",
      "begin" : 301,
      "end" : 304,
      "text" : "5ft",
      "whiteSpace" : false
    }, {
      "id" : "s12-t3",
      "begin" : 305,
      "end" : 308,
      "text" : "6in",
      "whiteSpace" : false
    } ]
  }, {
    "id" : "s13",
    "begin" : 311,
    "end" : 365,
    "text" : "Please let me know if any other information is needed.",
    "tokens" : [ {
      "id" : "s13-t0",
      "begin" : 311,
      "end" : 317,
      "text" : "Please",
      "whiteSpace" : false
    }, {
      "id" : "s13-t1",
      "begin" : 318,
      "end" : 321,
      "text" : "let",
      "whiteSpace" : false
    }, {
      "id" : "s13-t2",
      "begin" : 322,
      "end" : 324,
      "text" : "me",
      "whiteSpace" : false
    }, {
      "id" : "s13-t3",
      "begin" : 325,
      "end" : 329,
      "text" : "know",
      "whiteSpace" : false
    }, {
      "id" : "s13-t4",
      "begin" : 330,
      "end" : 332,
      "text" : "if",
      "whiteSpace" : false
    }, {
      "id" : "s13-t5",
      "begin" : 333,
      "end" : 336,
      "text" : "any",
      "whiteSpace" : false
    }, {
      "id" : "s13-t6",
      "begin" : 337,
      "end" : 342,
      "text" : "other",
      "whiteSpace" : false
    }, {
      "id" : "s13-t7",
      "begin" : 343,
      "end" : 354,
      "text" : "information",
      "whiteSpace" : false
    }, {
      "id" : "s13-t8",
      "begin" : 355,
      "end" : 357,
      "text" : "is",
      "whiteSpace" : false
    }, {
      "id" : "s13-t9",
      "begin" : 358,
      "end" : 364,
      "text" : "needed",
      "whiteSpace" : false
    }, {
      "id" : "s13-t10",
      "begin" : 364,
      "end" : 365,
      "text" : ".",
      "whiteSpace" : false
    } ]
  }, {
    "id" : "s14",
    "begin" : 366,
    "end" : 380,
    "text" : "Michael Wilson",
    "tokens" : [ {
      "id" : "s14-t0",
      "begin" : 366,
      "end" : 373,
      "text" : "Michael",
      "whiteSpace" : false
    }, {
      "id" : "s14-t1",
      "begin" : 374,
      "end" : 380,
      "text" : "Wilson",
      "whiteSpace" : false
    } ]
  } ],
  "mentions" : [ {
    "id" : "s0-m1",
    "properties" : {
      "SIRE_MENTION_ROLE" : "Name",
      "SIRE_ENTITY_SUBTYPE" : "NONE",
      "SIRE_MENTION_TYPE" : "NONE",
      "SIRE_MENTION_CLASS" : "SPC"
    },
    "type" : "Name",
    "begin" : 5,
    "end" : 22,
    "inCoref" : false
  }, {
    "id" : "s1-m1",
    "properties" : {
      "SIRE_MENTION_ROLE" : "Name",
      "SIRE_ENTITY_SUBTYPE" : "NONE",
      "SIRE_MENTION_TYPE" : "NONE",
      "SIRE_MENTION_CLASS" : "SPC"
    },
    "type" : "Name",
    "begin" : 70,
    "end" : 83,
    "inCoref" : false
  }, {
    "id" : "s2-m1",
    "properties" : {
      "SIRE_MENTION_ROLE" : "DOB",
      "SIRE_ENTITY_SUBTYPE" : "NONE",
      "SIRE_MENTION_TYPE" : "NONE",
      "SIRE_MENTION_CLASS" : "SPC"
    },
    "type" : "DOB",
    "begin" : 95,
    "end" : 103,
    "inCoref" : false
  }, {
    "id" : "s3-m1",
    "properties" : {
      "SIRE_MENTION_ROLE" : "SSN",
      "SIRE_ENTITY_SUBTYPE" : "NONE",
      "SIRE_MENTION_TYPE" : "NONE",
      "SIRE_MENTION_CLASS" : "SPC"
    },
    "type" : "SSN",
    "begin" : 115,
    "end" : 124,
    "inCoref" : false
  }, {
    "id" : "s5-m1",
    "properties" : {
      "SIRE_MENTION_ROLE" : "Name",
      "SIRE_ENTITY_SUBTYPE" : "NONE",
      "SIRE_MENTION_TYPE" : "NONE",
      "SIRE_MENTION_CLASS" : "SPC"
    },
    "type" : "Name",
    "begin" : 152,
    "end" : 164,
    "inCoref" : false
  }, {
    "id" : "s6-m1",
    "properties" : {
      "SIRE_MENTION_ROLE" : "DOB",
      "SIRE_ENTITY_SUBTYPE" : "NONE",
      "SIRE_MENTION_TYPE" : "NONE",
      "SIRE_MENTION_CLASS" : "SPC"
    },
    "type" : "DOB",
    "begin" : 176,
    "end" : 184,
    "inCoref" : false
  }, {
    "id" : "s7-m1",
    "properties" : {
      "SIRE_MENTION_ROLE" : "SSN",
      "SIRE_ENTITY_SUBTYPE" : "NONE",
      "SIRE_MENTION_TYPE" : "NONE",
      "SIRE_MENTION_CLASS" : "SPC"
    },
    "type" : "SSN",
    "begin" : 196,
    "end" : 205,
    "inCoref" : false
  }, {
    "id" : "s9-m1",
    "properties" : {
      "SIRE_MENTION_ROLE" : "Name",
      "SIRE_ENTITY_SUBTYPE" : "NONE",
      "SIRE_MENTION_TYPE" : "NONE",
      "SIRE_MENTION_CLASS" : "SPC"
    },
    "type" : "Name",
    "begin" : 233,
    "end" : 245,
    "inCoref" : false
  }, {
    "id" : "s10-m1",
    "properties" : {
      "SIRE_MENTION_ROLE" : "DOB",
      "SIRE_ENTITY_SUBTYPE" : "NONE",
      "SIRE_MENTION_TYPE" : "NONE",
      "SIRE_MENTION_CLASS" : "SPC"
    },
    "type" : "DOB",
    "begin" : 257,
    "end" : 265,
    "inCoref" : false
  }, {
    "id" : "s11-m1",
    "properties" : {
      "SIRE_MENTION_ROLE" : "SSN",
      "SIRE_ENTITY_SUBTYPE" : "NONE",
      "SIRE_MENTION_TYPE" : "NONE",
      "SIRE_MENTION_CLASS" : "SPC"
    },
    "type" : "SSN",
    "begin" : 277,
    "end" : 286,
    "inCoref" : false
  }, {
    "id" : "s14-m1",
    "properties" : {
      "SIRE_MENTION_ROLE" : "Name",
      "SIRE_ENTITY_SUBTYPE" : "NONE",
      "SIRE_MENTION_TYPE" : "NONE",
      "SIRE_MENTION_CLASS" : "SPC"
    },
    "type" : "Name",
    "begin" : 366,
    "end" : 380,
    "inCoref" : false
  } ],
  "relations" : [ ],
  "corefs" : [ ],
  "typeResolved" : true,
  "userResolved" : false
}