{
  "id" : "79951eb0-f589-11e7-bf0f-4749cb57bf77-3",
  "name" : "email4.txt",
  "createdDate" : 0,
  "version" : 3,
  "text" : "Hello Martha Walberg\n\tI am contacting you because I would like to open up an account at your bank. My SSN is 655-03-8535 and date of birth is 31-12-14 so I pass all the requirements for the account. I need it done by 03-24-18 or I will be filing a complaint against your bank.\nClaire Dawson",
  "docLength" : 0,
  "language" : "EN",
  "status" : "SUBMITTED",
  "modifiedDate" : 1515536349983,
  "documentSet" : [ ],
  "preannotation" : [ ],
  "sentences" : [ {
    "id" : "s0",
    "begin" : 0,
    "end" : 98,
    "text" : "Hello Martha Walberg\n\tI am contacting you because I would like to open up an account at your bank.",
    "tokens" : [ {
      "id" : "s0-t0",
      "begin" : 0,
      "end" : 5,
      "text" : "Hello",
      "whiteSpace" : false
    }, {
      "id" : "s0-t1",
      "begin" : 6,
      "end" : 12,
      "text" : "Martha",
      "whiteSpace" : false
    }, {
      "id" : "s0-t2",
      "begin" : 13,
      "end" : 20,
      "text" : "Walberg",
      "whiteSpace" : false
    }, {
      "id" : "s0-t3",
      "begin" : 22,
      "end" : 23,
      "text" : "I",
      "whiteSpace" : false
    }, {
      "id" : "s0-t4",
      "begin" : 24,
      "end" : 26,
      "text" : "am",
      "whiteSpace" : false
    }, {
      "id" : "s0-t5",
      "begin" : 27,
      "end" : 37,
      "text" : "contacting",
      "whiteSpace" : false
    }, {
      "id" : "s0-t6",
      "begin" : 38,
      "end" : 41,
      "text" : "you",
      "whiteSpace" : false
    }, {
      "id" : "s0-t7",
      "begin" : 42,
      "end" : 49,
      "text" : "because",
      "whiteSpace" : false
    }, {
      "id" : "s0-t8",
      "begin" : 50,
      "end" : 51,
      "text" : "I",
      "whiteSpace" : false
    }, {
      "id" : "s0-t9",
      "begin" : 52,
      "end" : 57,
      "text" : "would",
      "whiteSpace" : false
    }, {
      "id" : "s0-t10",
      "begin" : 58,
      "end" : 62,
      "text" : "like",
      "whiteSpace" : false
    }, {
      "id" : "s0-t11",
      "begin" : 63,
      "end" : 65,
      "text" : "to",
      "whiteSpace" : false
    }, {
      "id" : "s0-t12",
      "begin" : 66,
      "end" : 70,
      "text" : "open",
      "whiteSpace" : false
    }, {
      "id" : "s0-t13",
      "begin" : 71,
      "end" : 73,
      "text" : "up",
      "whiteSpace" : false
    }, {
      "id" : "s0-t14",
      "begin" : 74,
      "end" : 76,
      "text" : "an",
      "whiteSpace" : false
    }, {
      "id" : "s0-t15",
      "begin" : 77,
      "end" : 84,
      "text" : "account",
      "whiteSpace" : false
    }, {
      "id" : "s0-t16",
      "begin" : 85,
      "end" : 87,
      "text" : "at",
      "whiteSpace" : false
    }, {
      "id" : "s0-t17",
      "begin" : 88,
      "end" : 92,
      "text" : "your",
      "whiteSpace" : false
    }, {
      "id" : "s0-t18",
      "begin" : 93,
      "end" : 97,
      "text" : "bank",
      "whiteSpace" : false
    }, {
      "id" : "s0-t19",
      "begin" : 97,
      "end" : 98,
      "text" : ".",
      "whiteSpace" : false
    } ]
  }, {
    "id" : "s1",
    "begin" : 99,
    "end" : 198,
    "text" : "My SSN is 655-03-8535 and date of birth is 31-12-14 so I pass all the requirements for the account.",
    "tokens" : [ {
      "id" : "s1-t0",
      "begin" : 99,
      "end" : 101,
      "text" : "My",
      "whiteSpace" : false
    }, {
      "id" : "s1-t1",
      "begin" : 102,
      "end" : 105,
      "text" : "SSN",
      "whiteSpace" : false
    }, {
      "id" : "s1-t2",
      "begin" : 106,
      "end" : 108,
      "text" : "is",
      "whiteSpace" : false
    }, {
      "id" : "s1-t3",
      "begin" : 109,
      "end" : 120,
      "text" : "655-03-8535",
      "whiteSpace" : false
    }, {
      "id" : "s1-t4",
      "begin" : 121,
      "end" : 124,
      "text" : "and",
      "whiteSpace" : false
    }, {
      "id" : "s1-t5",
      "begin" : 125,
      "end" : 129,
      "text" : "date",
      "whiteSpace" : false
    }, {
      "id" : "s1-t6",
      "begin" : 130,
      "end" : 132,
      "text" : "of",
      "whiteSpace" : false
    }, {
      "id" : "s1-t7",
      "begin" : 133,
      "end" : 138,
      "text" : "birth",
      "whiteSpace" : false
    }, {
      "id" : "s1-t8",
      "begin" : 139,
      "end" : 141,
      "text" : "is",
      "whiteSpace" : false
    }, {
      "id" : "s1-t9",
      "begin" : 142,
      "end" : 150,
      "text" : "31-12-14",
      "whiteSpace" : false
    }, {
      "id" : "s1-t10",
      "begin" : 151,
      "end" : 153,
      "text" : "so",
      "whiteSpace" : false
    }, {
      "id" : "s1-t11",
      "begin" : 154,
      "end" : 155,
      "text" : "I",
      "whiteSpace" : false
    }, {
      "id" : "s1-t12",
      "begin" : 156,
      "end" : 160,
      "text" : "pass",
      "whiteSpace" : false
    }, {
      "id" : "s1-t13",
      "begin" : 161,
      "end" : 164,
      "text" : "all",
      "whiteSpace" : false
    }, {
      "id" : "s1-t14",
      "begin" : 165,
      "end" : 168,
      "text" : "the",
      "whiteSpace" : false
    }, {
      "id" : "s1-t15",
      "begin" : 169,
      "end" : 181,
      "text" : "requirements",
      "whiteSpace" : false
    }, {
      "id" : "s1-t16",
      "begin" : 182,
      "end" : 185,
      "text" : "for",
      "whiteSpace" : false
    }, {
      "id" : "s1-t17",
      "begin" : 186,
      "end" : 189,
      "text" : "the",
      "whiteSpace" : false
    }, {
      "id" : "s1-t18",
      "begin" : 190,
      "end" : 197,
      "text" : "account",
      "whiteSpace" : false
    }, {
      "id" : "s1-t19",
      "begin" : 197,
      "end" : 198,
      "text" : ".",
      "whiteSpace" : false
    } ]
  }, {
    "id" : "s2",
    "begin" : 199,
    "end" : 276,
    "text" : "I need it done by 03-24-18 or I will be filing a complaint against your bank.",
    "tokens" : [ {
      "id" : "s2-t0",
      "begin" : 199,
      "end" : 200,
      "text" : "I",
      "whiteSpace" : false
    }, {
      "id" : "s2-t1",
      "begin" : 201,
      "end" : 205,
      "text" : "need",
      "whiteSpace" : false
    }, {
      "id" : "s2-t2",
      "begin" : 206,
      "end" : 208,
      "text" : "it",
      "whiteSpace" : false
    }, {
      "id" : "s2-t3",
      "begin" : 209,
      "end" : 213,
      "text" : "done",
      "whiteSpace" : false
    }, {
      "id" : "s2-t4",
      "begin" : 214,
      "end" : 216,
      "text" : "by",
      "whiteSpace" : false
    }, {
      "id" : "s2-t5",
      "begin" : 217,
      "end" : 225,
      "text" : "03-24-18",
      "whiteSpace" : false
    }, {
      "id" : "s2-t6",
      "begin" : 226,
      "end" : 228,
      "text" : "or",
      "whiteSpace" : false
    }, {
      "id" : "s2-t7",
      "begin" : 229,
      "end" : 230,
      "text" : "I",
      "whiteSpace" : false
    }, {
      "id" : "s2-t8",
      "begin" : 231,
      "end" : 235,
      "text" : "will",
      "whiteSpace" : false
    }, {
      "id" : "s2-t9",
      "begin" : 236,
      "end" : 238,
      "text" : "be",
      "whiteSpace" : false
    }, {
      "id" : "s2-t10",
      "begin" : 239,
      "end" : 245,
      "text" : "filing",
      "whiteSpace" : false
    }, {
      "id" : "s2-t11",
      "begin" : 246,
      "end" : 247,
      "text" : "a",
      "whiteSpace" : false
    }, {
      "id" : "s2-t12",
      "begin" : 248,
      "end" : 257,
      "text" : "complaint",
      "whiteSpace" : false
    }, {
      "id" : "s2-t13",
      "begin" : 258,
      "end" : 265,
      "text" : "against",
      "whiteSpace" : false
    }, {
      "id" : "s2-t14",
      "begin" : 266,
      "end" : 270,
      "text" : "your",
      "whiteSpace" : false
    }, {
      "id" : "s2-t15",
      "begin" : 271,
      "end" : 275,
      "text" : "bank",
      "whiteSpace" : false
    }, {
      "id" : "s2-t16",
      "begin" : 275,
      "end" : 276,
      "text" : ".",
      "whiteSpace" : false
    } ]
  }, {
    "id" : "s3",
    "begin" : 277,
    "end" : 290,
    "text" : "Claire Dawson",
    "tokens" : [ {
      "id" : "s3-t0",
      "begin" : 277,
      "end" : 283,
      "text" : "Claire",
      "whiteSpace" : false
    }, {
      "id" : "s3-t1",
      "begin" : 284,
      "end" : 290,
      "text" : "Dawson",
      "whiteSpace" : false
    } ]
  } ],
  "mentions" : [ {
    "id" : "s0-m1",
    "properties" : {
      "SIRE_MENTION_ROLE" : "Name",
      "SIRE_ENTITY_SUBTYPE" : "NONE",
      "SIRE_MENTION_TYPE" : "NONE",
      "SIRE_MENTION_CLASS" : "SPC"
    },
    "type" : "Name",
    "begin" : 6,
    "end" : 20,
    "inCoref" : false
  }, {
    "id" : "s1-m1",
    "properties" : {
      "SIRE_MENTION_ROLE" : "SSN",
      "SIRE_ENTITY_SUBTYPE" : "NONE",
      "SIRE_MENTION_TYPE" : "NONE",
      "SIRE_MENTION_CLASS" : "SPC"
    },
    "type" : "SSN",
    "begin" : 109,
    "end" : 120,
    "inCoref" : false
  }, {
    "id" : "s1-m2",
    "properties" : {
      "SIRE_MENTION_ROLE" : "DOB",
      "SIRE_ENTITY_SUBTYPE" : "NONE",
      "SIRE_MENTION_TYPE" : "NONE",
      "SIRE_MENTION_CLASS" : "SPC"
    },
    "type" : "DOB",
    "begin" : 142,
    "end" : 150,
    "inCoref" : false
  }, {
    "id" : "s3-m1",
    "properties" : {
      "SIRE_MENTION_ROLE" : "Name",
      "SIRE_ENTITY_SUBTYPE" : "NONE",
      "SIRE_MENTION_TYPE" : "NONE",
      "SIRE_MENTION_CLASS" : "SPC"
    },
    "type" : "Name",
    "begin" : 277,
    "end" : 290,
    "inCoref" : false
  } ],
  "relations" : [ ],
  "corefs" : [ ],
  "typeResolved" : true,
  "userResolved" : false
}