{
  "id" : "79951eb0-f589-11e7-bf0f-4749cb57bf77-13",
  "name" : "email14.txt",
  "createdDate" : 0,
  "version" : 3,
  "text" : "Hello Mrs. Goldberg,\n\tI hope you are feeling well. I am emailing about your case #013398228 regarding your fender bender on 04/14/17. We have cleared up all of the charges and will be taking payment by Friday. We have your SSN (274268716) and DOB (13-12-83) to apply the auto payment if you confirm that is what you want. Please respond with YES or NO.\nFrom Insurance Co.",
  "docLength" : 0,
  "language" : "EN",
  "status" : "SUBMITTED",
  "modifiedDate" : 1515536584719,
  "documentSet" : [ ],
  "preannotation" : [ ],
  "sentences" : [ {
    "id" : "s0",
    "begin" : 0,
    "end" : 50,
    "text" : "Hello Mrs. Goldberg,\n\tI hope you are feeling well.",
    "tokens" : [ {
      "id" : "s0-t0",
      "begin" : 0,
      "end" : 5,
      "text" : "Hello",
      "whiteSpace" : false
    }, {
      "id" : "s0-t1",
      "begin" : 6,
      "end" : 10,
      "text" : "Mrs.",
      "whiteSpace" : false
    }, {
      "id" : "s0-t2",
      "begin" : 11,
      "end" : 19,
      "text" : "Goldberg",
      "whiteSpace" : false
    }, {
      "id" : "s0-t3",
      "begin" : 19,
      "end" : 20,
      "text" : ",",
      "whiteSpace" : false
    }, {
      "id" : "s0-t4",
      "begin" : 22,
      "end" : 23,
      "text" : "I",
      "whiteSpace" : false
    }, {
      "id" : "s0-t5",
      "begin" : 24,
      "end" : 28,
      "text" : "hope",
      "whiteSpace" : false
    }, {
      "id" : "s0-t6",
      "begin" : 29,
      "end" : 32,
      "text" : "you",
      "whiteSpace" : false
    }, {
      "id" : "s0-t7",
      "begin" : 33,
      "end" : 36,
      "text" : "are",
      "whiteSpace" : false
    }, {
      "id" : "s0-t8",
      "begin" : 37,
      "end" : 44,
      "text" : "feeling",
      "whiteSpace" : false
    }, {
      "id" : "s0-t9",
      "begin" : 45,
      "end" : 49,
      "text" : "well",
      "whiteSpace" : false
    }, {
      "id" : "s0-t10",
      "begin" : 49,
      "end" : 50,
      "text" : ".",
      "whiteSpace" : false
    } ]
  }, {
    "id" : "s1",
    "begin" : 51,
    "end" : 133,
    "text" : "I am emailing about your case #013398228 regarding your fender bender on 04/14/17.",
    "tokens" : [ {
      "id" : "s1-t0",
      "begin" : 51,
      "end" : 52,
      "text" : "I",
      "whiteSpace" : false
    }, {
      "id" : "s1-t1",
      "begin" : 53,
      "end" : 55,
      "text" : "am",
      "whiteSpace" : false
    }, {
      "id" : "s1-t2",
      "begin" : 56,
      "end" : 64,
      "text" : "emailing",
      "whiteSpace" : false
    }, {
      "id" : "s1-t3",
      "begin" : 65,
      "end" : 70,
      "text" : "about",
      "whiteSpace" : false
    }, {
      "id" : "s1-t4",
      "begin" : 71,
      "end" : 75,
      "text" : "your",
      "whiteSpace" : false
    }, {
      "id" : "s1-t5",
      "begin" : 76,
      "end" : 80,
      "text" : "case",
      "whiteSpace" : false
    }, {
      "id" : "s1-t6",
      "begin" : 81,
      "end" : 91,
      "text" : "#013398228",
      "whiteSpace" : false
    }, {
      "id" : "s1-t7",
      "begin" : 92,
      "end" : 101,
      "text" : "regarding",
      "whiteSpace" : false
    }, {
      "id" : "s1-t8",
      "begin" : 102,
      "end" : 106,
      "text" : "your",
      "whiteSpace" : false
    }, {
      "id" : "s1-t9",
      "begin" : 107,
      "end" : 113,
      "text" : "fender",
      "whiteSpace" : false
    }, {
      "id" : "s1-t10",
      "begin" : 114,
      "end" : 120,
      "text" : "bender",
      "whiteSpace" : false
    }, {
      "id" : "s1-t11",
      "begin" : 121,
      "end" : 123,
      "text" : "on",
      "whiteSpace" : false
    }, {
      "id" : "s1-t12",
      "begin" : 124,
      "end" : 132,
      "text" : "04/14/17",
      "whiteSpace" : false
    }, {
      "id" : "s1-t13",
      "begin" : 132,
      "end" : 133,
      "text" : ".",
      "whiteSpace" : false
    } ]
  }, {
    "id" : "s2",
    "begin" : 134,
    "end" : 209,
    "text" : "We have cleared up all of the charges and will be taking payment by Friday.",
    "tokens" : [ {
      "id" : "s2-t0",
      "begin" : 134,
      "end" : 136,
      "text" : "We",
      "whiteSpace" : false
    }, {
      "id" : "s2-t1",
      "begin" : 137,
      "end" : 141,
      "text" : "have",
      "whiteSpace" : false
    }, {
      "id" : "s2-t2",
      "begin" : 142,
      "end" : 149,
      "text" : "cleared",
      "whiteSpace" : false
    }, {
      "id" : "s2-t3",
      "begin" : 150,
      "end" : 152,
      "text" : "up",
      "whiteSpace" : false
    }, {
      "id" : "s2-t4",
      "begin" : 153,
      "end" : 156,
      "text" : "all",
      "whiteSpace" : false
    }, {
      "id" : "s2-t5",
      "begin" : 157,
      "end" : 159,
      "text" : "of",
      "whiteSpace" : false
    }, {
      "id" : "s2-t6",
      "begin" : 160,
      "end" : 163,
      "text" : "the",
      "whiteSpace" : false
    }, {
      "id" : "s2-t7",
      "begin" : 164,
      "end" : 171,
      "text" : "charges",
      "whiteSpace" : false
    }, {
      "id" : "s2-t8",
      "begin" : 172,
      "end" : 175,
      "text" : "and",
      "whiteSpace" : false
    }, {
      "id" : "s2-t9",
      "begin" : 176,
      "end" : 180,
      "text" : "will",
      "whiteSpace" : false
    }, {
      "id" : "s2-t10",
      "begin" : 181,
      "end" : 183,
      "text" : "be",
      "whiteSpace" : false
    }, {
      "id" : "s2-t11",
      "begin" : 184,
      "end" : 190,
      "text" : "taking",
      "whiteSpace" : false
    }, {
      "id" : "s2-t12",
      "begin" : 191,
      "end" : 198,
      "text" : "payment",
      "whiteSpace" : false
    }, {
      "id" : "s2-t13",
      "begin" : 199,
      "end" : 201,
      "text" : "by",
      "whiteSpace" : false
    }, {
      "id" : "s2-t14",
      "begin" : 202,
      "end" : 208,
      "text" : "Friday",
      "whiteSpace" : false
    }, {
      "id" : "s2-t15",
      "begin" : 208,
      "end" : 209,
      "text" : ".",
      "whiteSpace" : false
    } ]
  }, {
    "id" : "s3",
    "begin" : 210,
    "end" : 321,
    "text" : "We have your SSN (274268716) and DOB (13-12-83) to apply the auto payment if you confirm that is what you want.",
    "tokens" : [ {
      "id" : "s3-t0",
      "begin" : 210,
      "end" : 212,
      "text" : "We",
      "whiteSpace" : false
    }, {
      "id" : "s3-t1",
      "begin" : 213,
      "end" : 217,
      "text" : "have",
      "whiteSpace" : false
    }, {
      "id" : "s3-t2",
      "begin" : 218,
      "end" : 222,
      "text" : "your",
      "whiteSpace" : false
    }, {
      "id" : "s3-t3",
      "begin" : 223,
      "end" : 226,
      "text" : "SSN",
      "whiteSpace" : false
    }, {
      "id" : "s3-t4",
      "begin" : 227,
      "end" : 228,
      "text" : "(",
      "whiteSpace" : false
    }, {
      "id" : "s3-t5",
      "begin" : 228,
      "end" : 237,
      "text" : "274268716",
      "whiteSpace" : false
    }, {
      "id" : "s3-t6",
      "begin" : 237,
      "end" : 238,
      "text" : ")",
      "whiteSpace" : false
    }, {
      "id" : "s3-t7",
      "begin" : 239,
      "end" : 242,
      "text" : "and",
      "whiteSpace" : false
    }, {
      "id" : "s3-t8",
      "begin" : 243,
      "end" : 246,
      "text" : "DOB",
      "whiteSpace" : false
    }, {
      "id" : "s3-t9",
      "begin" : 247,
      "end" : 248,
      "text" : "(",
      "whiteSpace" : false
    }, {
      "id" : "s3-t10",
      "begin" : 248,
      "end" : 256,
      "text" : "13-12-83",
      "whiteSpace" : false
    }, {
      "id" : "s3-t11",
      "begin" : 256,
      "end" : 257,
      "text" : ")",
      "whiteSpace" : false
    }, {
      "id" : "s3-t12",
      "begin" : 258,
      "end" : 260,
      "text" : "to",
      "whiteSpace" : false
    }, {
      "id" : "s3-t13",
      "begin" : 261,
      "end" : 266,
      "text" : "apply",
      "whiteSpace" : false
    }, {
      "id" : "s3-t14",
      "begin" : 267,
      "end" : 270,
      "text" : "the",
      "whiteSpace" : false
    }, {
      "id" : "s3-t15",
      "begin" : 271,
      "end" : 275,
      "text" : "auto",
      "whiteSpace" : false
    }, {
      "id" : "s3-t16",
      "begin" : 276,
      "end" : 283,
      "text" : "payment",
      "whiteSpace" : false
    }, {
      "id" : "s3-t17",
      "begin" : 284,
      "end" : 286,
      "text" : "if",
      "whiteSpace" : false
    }, {
      "id" : "s3-t18",
      "begin" : 287,
      "end" : 290,
      "text" : "you",
      "whiteSpace" : false
    }, {
      "id" : "s3-t19",
      "begin" : 291,
      "end" : 298,
      "text" : "confirm",
      "whiteSpace" : false
    }, {
      "id" : "s3-t20",
      "begin" : 299,
      "end" : 303,
      "text" : "that",
      "whiteSpace" : false
    }, {
      "id" : "s3-t21",
      "begin" : 304,
      "end" : 306,
      "text" : "is",
      "whiteSpace" : false
    }, {
      "id" : "s3-t22",
      "begin" : 307,
      "end" : 311,
      "text" : "what",
      "whiteSpace" : false
    }, {
      "id" : "s3-t23",
      "begin" : 312,
      "end" : 315,
      "text" : "you",
      "whiteSpace" : false
    }, {
      "id" : "s3-t24",
      "begin" : 316,
      "end" : 320,
      "text" : "want",
      "whiteSpace" : false
    }, {
      "id" : "s3-t25",
      "begin" : 320,
      "end" : 321,
      "text" : ".",
      "whiteSpace" : false
    } ]
  }, {
    "id" : "s4",
    "begin" : 322,
    "end" : 352,
    "text" : "Please respond with YES or NO.",
    "tokens" : [ {
      "id" : "s4-t0",
      "begin" : 322,
      "end" : 328,
      "text" : "Please",
      "whiteSpace" : false
    }, {
      "id" : "s4-t1",
      "begin" : 329,
      "end" : 336,
      "text" : "respond",
      "whiteSpace" : false
    }, {
      "id" : "s4-t2",
      "begin" : 337,
      "end" : 341,
      "text" : "with",
      "whiteSpace" : false
    }, {
      "id" : "s4-t3",
      "begin" : 342,
      "end" : 345,
      "text" : "YES",
      "whiteSpace" : false
    }, {
      "id" : "s4-t4",
      "begin" : 346,
      "end" : 348,
      "text" : "or",
      "whiteSpace" : false
    }, {
      "id" : "s4-t5",
      "begin" : 349,
      "end" : 351,
      "text" : "NO",
      "whiteSpace" : false
    }, {
      "id" : "s4-t6",
      "begin" : 351,
      "end" : 352,
      "text" : ".",
      "whiteSpace" : false
    } ]
  }, {
    "id" : "s5",
    "begin" : 353,
    "end" : 371,
    "text" : "From Insurance Co.",
    "tokens" : [ {
      "id" : "s5-t0",
      "begin" : 353,
      "end" : 357,
      "text" : "From",
      "whiteSpace" : false
    }, {
      "id" : "s5-t1",
      "begin" : 358,
      "end" : 367,
      "text" : "Insurance",
      "whiteSpace" : false
    }, {
      "id" : "s5-t2",
      "begin" : 368,
      "end" : 371,
      "text" : "Co.",
      "whiteSpace" : false
    } ]
  } ],
  "mentions" : [ {
    "id" : "s0-m1",
    "properties" : {
      "SIRE_MENTION_ROLE" : "Name",
      "SIRE_ENTITY_SUBTYPE" : "NONE",
      "SIRE_MENTION_TYPE" : "NONE",
      "SIRE_MENTION_CLASS" : "SPC"
    },
    "type" : "Name",
    "begin" : 11,
    "end" : 19,
    "inCoref" : false
  }, {
    "id" : "s3-m1",
    "properties" : {
      "SIRE_MENTION_ROLE" : "SSN",
      "SIRE_ENTITY_SUBTYPE" : "NONE",
      "SIRE_MENTION_TYPE" : "NONE",
      "SIRE_MENTION_CLASS" : "SPC"
    },
    "type" : "SSN",
    "begin" : 228,
    "end" : 237,
    "inCoref" : false
  }, {
    "id" : "s3-m2",
    "properties" : {
      "SIRE_MENTION_ROLE" : "DOB",
      "SIRE_ENTITY_SUBTYPE" : "NONE",
      "SIRE_MENTION_TYPE" : "NONE",
      "SIRE_MENTION_CLASS" : "SPC"
    },
    "type" : "DOB",
    "begin" : 248,
    "end" : 256,
    "inCoref" : false
  } ],
  "relations" : [ ],
  "corefs" : [ ],
  "typeResolved" : true,
  "userResolved" : false
}