{
  "id" : "947e4f80-0b82-11e8-83d8-d9ef805288b8-4",
  "name" : "email41.txt",
  "createdDate" : 0,
  "version" : 3,
  "text" : "Dearest Dorian,\n\nSo the time has come yet again, eh? Time for you to \"age\" out of your previous identity and assume a new one? What is it going to be this time? A boating accident? A robbery gone wrong? Another suicide?\nWhat would that make the suicide count this time, six? Or is it seven at this point? You really need to start getting more clever and less melodramatic. Dying young isn't fashionable anymore, times have changed you should start to change with them. The aristocrat in the ivory tower isn't a viable escape from the world anymore. people almost always talk these days, its not clever anymore and frankly I'm beginning to get a little tired of this charade myself.\nLucky for you, I am still indebted to you after what happened all those years ago in the Netherlands. If you had not been there, I would very nearly not have made it out alive.\nThis time, I have several new sets of clothes for you too choose from:\nAdam Ewing, 02/12/1976, 545-54-4234. A little bit older than the part you usually like to play, but I think still perfectly serviceable.\nRupert Sixsimth, 12/10/1980, 122-90-3210. A disgraced nuclear physicist, already very reclusive, fits your usual hermit M.O. very well.\nTimothy Cavindash, 12/10/2000, 112-00-0001. Maybe a bit young for you, but hopefully that will buy you some more time without changing clothes again.\nLet me know which one of these appeals to you so I don't offer it to anyone else in our small group.\n\nLooking forward to seeing you again,\n    \nRobert Frobisher",
  "docLength" : 0,
  "language" : "EN",
  "status" : "SUBMITTED",
  "modifiedDate" : 1517951790048,
  "documentSet" : [ ],
  "preannotation" : [ ],
  "sentences" : [ {
    "id" : "s0",
    "begin" : 0,
    "end" : 15,
    "text" : "Dearest Dorian,",
    "tokens" : [ {
      "id" : "s0-t0",
      "begin" : 0,
      "end" : 7,
      "text" : "Dearest",
      "whiteSpace" : false
    }, {
      "id" : "s0-t1",
      "begin" : 8,
      "end" : 14,
      "text" : "Dorian",
      "whiteSpace" : false
    }, {
      "id" : "s0-t2",
      "begin" : 14,
      "end" : 15,
      "text" : ",",
      "whiteSpace" : false
    } ]
  }, {
    "id" : "s1",
    "begin" : 17,
    "end" : 52,
    "text" : "So the time has come yet again, eh?",
    "tokens" : [ {
      "id" : "s1-t0",
      "begin" : 17,
      "end" : 19,
      "text" : "So",
      "whiteSpace" : false
    }, {
      "id" : "s1-t1",
      "begin" : 20,
      "end" : 23,
      "text" : "the",
      "whiteSpace" : false
    }, {
      "id" : "s1-t2",
      "begin" : 24,
      "end" : 28,
      "text" : "time",
      "whiteSpace" : false
    }, {
      "id" : "s1-t3",
      "begin" : 29,
      "end" : 32,
      "text" : "has",
      "whiteSpace" : false
    }, {
      "id" : "s1-t4",
      "begin" : 33,
      "end" : 37,
      "text" : "come",
      "whiteSpace" : false
    }, {
      "id" : "s1-t5",
      "begin" : 38,
      "end" : 41,
      "text" : "yet",
      "whiteSpace" : false
    }, {
      "id" : "s1-t6",
      "begin" : 42,
      "end" : 47,
      "text" : "again",
      "whiteSpace" : false
    }, {
      "id" : "s1-t7",
      "begin" : 47,
      "end" : 48,
      "text" : ",",
      "whiteSpace" : false
    }, {
      "id" : "s1-t8",
      "begin" : 49,
      "end" : 51,
      "text" : "eh",
      "whiteSpace" : false
    }, {
      "id" : "s1-t9",
      "begin" : 51,
      "end" : 52,
      "text" : "?",
      "whiteSpace" : false
    } ]
  }, {
    "id" : "s2",
    "begin" : 53,
    "end" : 126,
    "text" : "Time for you to \"age\" out of your previous identity and assume a new one?",
    "tokens" : [ {
      "id" : "s2-t0",
      "begin" : 53,
      "end" : 57,
      "text" : "Time",
      "whiteSpace" : false
    }, {
      "id" : "s2-t1",
      "begin" : 58,
      "end" : 61,
      "text" : "for",
      "whiteSpace" : false
    }, {
      "id" : "s2-t2",
      "begin" : 62,
      "end" : 65,
      "text" : "you",
      "whiteSpace" : false
    }, {
      "id" : "s2-t3",
      "begin" : 66,
      "end" : 68,
      "text" : "to",
      "whiteSpace" : false
    }, {
      "id" : "s2-t4",
      "begin" : 69,
      "end" : 70,
      "text" : "\"",
      "whiteSpace" : false
    }, {
      "id" : "s2-t5",
      "begin" : 70,
      "end" : 73,
      "text" : "age",
      "whiteSpace" : false
    }, {
      "id" : "s2-t6",
      "begin" : 73,
      "end" : 74,
      "text" : "\"",
      "whiteSpace" : false
    }, {
      "id" : "s2-t7",
      "begin" : 75,
      "end" : 78,
      "text" : "out",
      "whiteSpace" : false
    }, {
      "id" : "s2-t8",
      "begin" : 79,
      "end" : 81,
      "text" : "of",
      "whiteSpace" : false
    }, {
      "id" : "s2-t9",
      "begin" : 82,
      "end" : 86,
      "text" : "your",
      "whiteSpace" : false
    }, {
      "id" : "s2-t10",
      "begin" : 87,
      "end" : 95,
      "text" : "previous",
      "whiteSpace" : false
    }, {
      "id" : "s2-t11",
      "begin" : 96,
      "end" : 104,
      "text" : "identity",
      "whiteSpace" : false
    }, {
      "id" : "s2-t12",
      "begin" : 105,
      "end" : 108,
      "text" : "and",
      "whiteSpace" : false
    }, {
      "id" : "s2-t13",
      "begin" : 109,
      "end" : 115,
      "text" : "assume",
      "whiteSpace" : false
    }, {
      "id" : "s2-t14",
      "begin" : 116,
      "end" : 117,
      "text" : "a",
      "whiteSpace" : false
    }, {
      "id" : "s2-t15",
      "begin" : 118,
      "end" : 121,
      "text" : "new",
      "whiteSpace" : false
    }, {
      "id" : "s2-t16",
      "begin" : 122,
      "end" : 125,
      "text" : "one",
      "whiteSpace" : false
    }, {
      "id" : "s2-t17",
      "begin" : 125,
      "end" : 126,
      "text" : "?",
      "whiteSpace" : false
    } ]
  }, {
    "id" : "s3",
    "begin" : 127,
    "end" : 160,
    "text" : "What is it going to be this time?",
    "tokens" : [ {
      "id" : "s3-t0",
      "begin" : 127,
      "end" : 131,
      "text" : "What",
      "whiteSpace" : false
    }, {
      "id" : "s3-t1",
      "begin" : 132,
      "end" : 134,
      "text" : "is",
      "whiteSpace" : false
    }, {
      "id" : "s3-t2",
      "begin" : 135,
      "end" : 137,
      "text" : "it",
      "whiteSpace" : false
    }, {
      "id" : "s3-t3",
      "begin" : 138,
      "end" : 143,
      "text" : "going",
      "whiteSpace" : false
    }, {
      "id" : "s3-t4",
      "begin" : 144,
      "end" : 146,
      "text" : "to",
      "whiteSpace" : false
    }, {
      "id" : "s3-t5",
      "begin" : 147,
      "end" : 149,
      "text" : "be",
      "whiteSpace" : false
    }, {
      "id" : "s3-t6",
      "begin" : 150,
      "end" : 154,
      "text" : "this",
      "whiteSpace" : false
    }, {
      "id" : "s3-t7",
      "begin" : 155,
      "end" : 159,
      "text" : "time",
      "whiteSpace" : false
    }, {
      "id" : "s3-t8",
      "begin" : 159,
      "end" : 160,
      "text" : "?",
      "whiteSpace" : false
    } ]
  }, {
    "id" : "s4",
    "begin" : 161,
    "end" : 180,
    "text" : "A boating accident?",
    "tokens" : [ {
      "id" : "s4-t0",
      "begin" : 161,
      "end" : 162,
      "text" : "A",
      "whiteSpace" : false
    }, {
      "id" : "s4-t1",
      "begin" : 163,
      "end" : 170,
      "text" : "boating",
      "whiteSpace" : false
    }, {
      "id" : "s4-t2",
      "begin" : 171,
      "end" : 179,
      "text" : "accident",
      "whiteSpace" : false
    }, {
      "id" : "s4-t3",
      "begin" : 179,
      "end" : 180,
      "text" : "?",
      "whiteSpace" : false
    } ]
  }, {
    "id" : "s5",
    "begin" : 181,
    "end" : 202,
    "text" : "A robbery gone wrong?",
    "tokens" : [ {
      "id" : "s5-t0",
      "begin" : 181,
      "end" : 182,
      "text" : "A",
      "whiteSpace" : false
    }, {
      "id" : "s5-t1",
      "begin" : 183,
      "end" : 190,
      "text" : "robbery",
      "whiteSpace" : false
    }, {
      "id" : "s5-t2",
      "begin" : 191,
      "end" : 195,
      "text" : "gone",
      "whiteSpace" : false
    }, {
      "id" : "s5-t3",
      "begin" : 196,
      "end" : 201,
      "text" : "wrong",
      "whiteSpace" : false
    }, {
      "id" : "s5-t4",
      "begin" : 201,
      "end" : 202,
      "text" : "?",
      "whiteSpace" : false
    } ]
  }, {
    "id" : "s6",
    "begin" : 203,
    "end" : 219,
    "text" : "Another suicide?",
    "tokens" : [ {
      "id" : "s6-t0",
      "begin" : 203,
      "end" : 210,
      "text" : "Another",
      "whiteSpace" : false
    }, {
      "id" : "s6-t1",
      "begin" : 211,
      "end" : 218,
      "text" : "suicide",
      "whiteSpace" : false
    }, {
      "id" : "s6-t2",
      "begin" : 218,
      "end" : 219,
      "text" : "?",
      "whiteSpace" : false
    } ]
  }, {
    "id" : "s7",
    "begin" : 220,
    "end" : 274,
    "text" : "What would that make the suicide count this time, six?",
    "tokens" : [ {
      "id" : "s7-t0",
      "begin" : 220,
      "end" : 224,
      "text" : "What",
      "whiteSpace" : false
    }, {
      "id" : "s7-t1",
      "begin" : 225,
      "end" : 230,
      "text" : "would",
      "whiteSpace" : false
    }, {
      "id" : "s7-t2",
      "begin" : 231,
      "end" : 235,
      "text" : "that",
      "whiteSpace" : false
    }, {
      "id" : "s7-t3",
      "begin" : 236,
      "end" : 240,
      "text" : "make",
      "whiteSpace" : false
    }, {
      "id" : "s7-t4",
      "begin" : 241,
      "end" : 244,
      "text" : "the",
      "whiteSpace" : false
    }, {
      "id" : "s7-t5",
      "begin" : 245,
      "end" : 252,
      "text" : "suicide",
      "whiteSpace" : false
    }, {
      "id" : "s7-t6",
      "begin" : 253,
      "end" : 258,
      "text" : "count",
      "whiteSpace" : false
    }, {
      "id" : "s7-t7",
      "begin" : 259,
      "end" : 263,
      "text" : "this",
      "whiteSpace" : false
    }, {
      "id" : "s7-t8",
      "begin" : 264,
      "end" : 268,
      "text" : "time",
      "whiteSpace" : false
    }, {
      "id" : "s7-t9",
      "begin" : 268,
      "end" : 269,
      "text" : ",",
      "whiteSpace" : false
    }, {
      "id" : "s7-t10",
      "begin" : 270,
      "end" : 273,
      "text" : "six",
      "whiteSpace" : false
    }, {
      "id" : "s7-t11",
      "begin" : 273,
      "end" : 274,
      "text" : "?",
      "whiteSpace" : false
    } ]
  }, {
    "id" : "s8",
    "begin" : 275,
    "end" : 304,
    "text" : "Or is it seven at this point?",
    "tokens" : [ {
      "id" : "s8-t0",
      "begin" : 275,
      "end" : 277,
      "text" : "Or",
      "whiteSpace" : false
    }, {
      "id" : "s8-t1",
      "begin" : 278,
      "end" : 280,
      "text" : "is",
      "whiteSpace" : false
    }, {
      "id" : "s8-t2",
      "begin" : 281,
      "end" : 283,
      "text" : "it",
      "whiteSpace" : false
    }, {
      "id" : "s8-t3",
      "begin" : 284,
      "end" : 289,
      "text" : "seven",
      "whiteSpace" : false
    }, {
      "id" : "s8-t4",
      "begin" : 290,
      "end" : 292,
      "text" : "at",
      "whiteSpace" : false
    }, {
      "id" : "s8-t5",
      "begin" : 293,
      "end" : 297,
      "text" : "this",
      "whiteSpace" : false
    }, {
      "id" : "s8-t6",
      "begin" : 298,
      "end" : 303,
      "text" : "point",
      "whiteSpace" : false
    }, {
      "id" : "s8-t7",
      "begin" : 303,
      "end" : 304,
      "text" : "?",
      "whiteSpace" : false
    } ]
  }, {
    "id" : "s9",
    "begin" : 305,
    "end" : 372,
    "text" : "You really need to start getting more clever and less melodramatic.",
    "tokens" : [ {
      "id" : "s9-t0",
      "begin" : 305,
      "end" : 308,
      "text" : "You",
      "whiteSpace" : false
    }, {
      "id" : "s9-t1",
      "begin" : 309,
      "end" : 315,
      "text" : "really",
      "whiteSpace" : false
    }, {
      "id" : "s9-t2",
      "begin" : 316,
      "end" : 320,
      "text" : "need",
      "whiteSpace" : false
    }, {
      "id" : "s9-t3",
      "begin" : 321,
      "end" : 323,
      "text" : "to",
      "whiteSpace" : false
    }, {
      "id" : "s9-t4",
      "begin" : 324,
      "end" : 329,
      "text" : "start",
      "whiteSpace" : false
    }, {
      "id" : "s9-t5",
      "begin" : 330,
      "end" : 337,
      "text" : "getting",
      "whiteSpace" : false
    }, {
      "id" : "s9-t6",
      "begin" : 338,
      "end" : 342,
      "text" : "more",
      "whiteSpace" : false
    }, {
      "id" : "s9-t7",
      "begin" : 343,
      "end" : 349,
      "text" : "clever",
      "whiteSpace" : false
    }, {
      "id" : "s9-t8",
      "begin" : 350,
      "end" : 353,
      "text" : "and",
      "whiteSpace" : false
    }, {
      "id" : "s9-t9",
      "begin" : 354,
      "end" : 358,
      "text" : "less",
      "whiteSpace" : false
    }, {
      "id" : "s9-t10",
      "begin" : 359,
      "end" : 371,
      "text" : "melodramatic",
      "whiteSpace" : false
    }, {
      "id" : "s9-t11",
      "begin" : 371,
      "end" : 372,
      "text" : ".",
      "whiteSpace" : false
    } ]
  }, {
    "id" : "s10",
    "begin" : 373,
    "end" : 468,
    "text" : "Dying young isn't fashionable anymore, times have changed you should start to change with them.",
    "tokens" : [ {
      "id" : "s10-t0",
      "begin" : 373,
      "end" : 378,
      "text" : "Dying",
      "whiteSpace" : false
    }, {
      "id" : "s10-t1",
      "begin" : 379,
      "end" : 384,
      "text" : "young",
      "whiteSpace" : false
    }, {
      "id" : "s10-t2",
      "begin" : 385,
      "end" : 387,
      "text" : "is",
      "whiteSpace" : false
    }, {
      "id" : "s10-t3",
      "begin" : 387,
      "end" : 390,
      "text" : "n't",
      "whiteSpace" : false
    }, {
      "id" : "s10-t4",
      "begin" : 391,
      "end" : 402,
      "text" : "fashionable",
      "whiteSpace" : false
    }, {
      "id" : "s10-t5",
      "begin" : 403,
      "end" : 410,
      "text" : "anymore",
      "whiteSpace" : false
    }, {
      "id" : "s10-t6",
      "begin" : 410,
      "end" : 411,
      "text" : ",",
      "whiteSpace" : false
    }, {
      "id" : "s10-t7",
      "begin" : 412,
      "end" : 417,
      "text" : "times",
      "whiteSpace" : false
    }, {
      "id" : "s10-t8",
      "begin" : 418,
      "end" : 422,
      "text" : "have",
      "whiteSpace" : false
    }, {
      "id" : "s10-t9",
      "begin" : 423,
      "end" : 430,
      "text" : "changed",
      "whiteSpace" : false
    }, {
      "id" : "s10-t10",
      "begin" : 431,
      "end" : 434,
      "text" : "you",
      "whiteSpace" : false
    }, {
      "id" : "s10-t11",
      "begin" : 435,
      "end" : 441,
      "text" : "should",
      "whiteSpace" : false
    }, {
      "id" : "s10-t12",
      "begin" : 442,
      "end" : 447,
      "text" : "start",
      "whiteSpace" : false
    }, {
      "id" : "s10-t13",
      "begin" : 448,
      "end" : 450,
      "text" : "to",
      "whiteSpace" : false
    }, {
      "id" : "s10-t14",
      "begin" : 451,
      "end" : 457,
      "text" : "change",
      "whiteSpace" : false
    }, {
      "id" : "s10-t15",
      "begin" : 458,
      "end" : 462,
      "text" : "with",
      "whiteSpace" : false
    }, {
      "id" : "s10-t16",
      "begin" : 463,
      "end" : 467,
      "text" : "them",
      "whiteSpace" : false
    }, {
      "id" : "s10-t17",
      "begin" : 467,
      "end" : 468,
      "text" : ".",
      "whiteSpace" : false
    } ]
  }, {
    "id" : "s11",
    "begin" : 469,
    "end" : 548,
    "text" : "The aristocrat in the ivory tower isn't a viable escape from the world anymore.",
    "tokens" : [ {
      "id" : "s11-t0",
      "begin" : 469,
      "end" : 472,
      "text" : "The",
      "whiteSpace" : false
    }, {
      "id" : "s11-t1",
      "begin" : 473,
      "end" : 483,
      "text" : "aristocrat",
      "whiteSpace" : false
    }, {
      "id" : "s11-t2",
      "begin" : 484,
      "end" : 486,
      "text" : "in",
      "whiteSpace" : false
    }, {
      "id" : "s11-t3",
      "begin" : 487,
      "end" : 490,
      "text" : "the",
      "whiteSpace" : false
    }, {
      "id" : "s11-t4",
      "begin" : 491,
      "end" : 496,
      "text" : "ivory",
      "whiteSpace" : false
    }, {
      "id" : "s11-t5",
      "begin" : 497,
      "end" : 502,
      "text" : "tower",
      "whiteSpace" : false
    }, {
      "id" : "s11-t6",
      "begin" : 503,
      "end" : 505,
      "text" : "is",
      "whiteSpace" : false
    }, {
      "id" : "s11-t7",
      "begin" : 505,
      "end" : 508,
      "text" : "n't",
      "whiteSpace" : false
    }, {
      "id" : "s11-t8",
      "begin" : 509,
      "end" : 510,
      "text" : "a",
      "whiteSpace" : false
    }, {
      "id" : "s11-t9",
      "begin" : 511,
      "end" : 517,
      "text" : "viable",
      "whiteSpace" : false
    }, {
      "id" : "s11-t10",
      "begin" : 518,
      "end" : 524,
      "text" : "escape",
      "whiteSpace" : false
    }, {
      "id" : "s11-t11",
      "begin" : 525,
      "end" : 529,
      "text" : "from",
      "whiteSpace" : false
    }, {
      "id" : "s11-t12",
      "begin" : 530,
      "end" : 533,
      "text" : "the",
      "whiteSpace" : false
    }, {
      "id" : "s11-t13",
      "begin" : 534,
      "end" : 539,
      "text" : "world",
      "whiteSpace" : false
    }, {
      "id" : "s11-t14",
      "begin" : 540,
      "end" : 547,
      "text" : "anymore",
      "whiteSpace" : false
    }, {
      "id" : "s11-t15",
      "begin" : 547,
      "end" : 548,
      "text" : ".",
      "whiteSpace" : false
    } ]
  }, {
    "id" : "s12",
    "begin" : 549,
    "end" : 681,
    "text" : "people almost always talk these days, its not clever anymore and frankly I'm beginning to get a little tired of this charade myself.",
    "tokens" : [ {
      "id" : "s12-t0",
      "begin" : 549,
      "end" : 555,
      "text" : "people",
      "whiteSpace" : false
    }, {
      "id" : "s12-t1",
      "begin" : 556,
      "end" : 562,
      "text" : "almost",
      "whiteSpace" : false
    }, {
      "id" : "s12-t2",
      "begin" : 563,
      "end" : 569,
      "text" : "always",
      "whiteSpace" : false
    }, {
      "id" : "s12-t3",
      "begin" : 570,
      "end" : 574,
      "text" : "talk",
      "whiteSpace" : false
    }, {
      "id" : "s12-t4",
      "begin" : 575,
      "end" : 580,
      "text" : "these",
      "whiteSpace" : false
    }, {
      "id" : "s12-t5",
      "begin" : 581,
      "end" : 585,
      "text" : "days",
      "whiteSpace" : false
    }, {
      "id" : "s12-t6",
      "begin" : 585,
      "end" : 586,
      "text" : ",",
      "whiteSpace" : false
    }, {
      "id" : "s12-t7",
      "begin" : 587,
      "end" : 590,
      "text" : "its",
      "whiteSpace" : false
    }, {
      "id" : "s12-t8",
      "begin" : 591,
      "end" : 594,
      "text" : "not",
      "whiteSpace" : false
    }, {
      "id" : "s12-t9",
      "begin" : 595,
      "end" : 601,
      "text" : "clever",
      "whiteSpace" : false
    }, {
      "id" : "s12-t10",
      "begin" : 602,
      "end" : 609,
      "text" : "anymore",
      "whiteSpace" : false
    }, {
      "id" : "s12-t11",
      "begin" : 610,
      "end" : 613,
      "text" : "and",
      "whiteSpace" : false
    }, {
      "id" : "s12-t12",
      "begin" : 614,
      "end" : 621,
      "text" : "frankly",
      "whiteSpace" : false
    }, {
      "id" : "s12-t13",
      "begin" : 622,
      "end" : 623,
      "text" : "I",
      "whiteSpace" : false
    }, {
      "id" : "s12-t14",
      "begin" : 623,
      "end" : 625,
      "text" : "'m",
      "whiteSpace" : false
    }, {
      "id" : "s12-t15",
      "begin" : 626,
      "end" : 635,
      "text" : "beginning",
      "whiteSpace" : false
    }, {
      "id" : "s12-t16",
      "begin" : 636,
      "end" : 638,
      "text" : "to",
      "whiteSpace" : false
    }, {
      "id" : "s12-t17",
      "begin" : 639,
      "end" : 642,
      "text" : "get",
      "whiteSpace" : false
    }, {
      "id" : "s12-t18",
      "begin" : 643,
      "end" : 644,
      "text" : "a",
      "whiteSpace" : false
    }, {
      "id" : "s12-t19",
      "begin" : 645,
      "end" : 651,
      "text" : "little",
      "whiteSpace" : false
    }, {
      "id" : "s12-t20",
      "begin" : 652,
      "end" : 657,
      "text" : "tired",
      "whiteSpace" : false
    }, {
      "id" : "s12-t21",
      "begin" : 658,
      "end" : 660,
      "text" : "of",
      "whiteSpace" : false
    }, {
      "id" : "s12-t22",
      "begin" : 661,
      "end" : 665,
      "text" : "this",
      "whiteSpace" : false
    }, {
      "id" : "s12-t23",
      "begin" : 666,
      "end" : 673,
      "text" : "charade",
      "whiteSpace" : false
    }, {
      "id" : "s12-t24",
      "begin" : 674,
      "end" : 680,
      "text" : "myself",
      "whiteSpace" : false
    }, {
      "id" : "s12-t25",
      "begin" : 680,
      "end" : 681,
      "text" : ".",
      "whiteSpace" : false
    } ]
  }, {
    "id" : "s13",
    "begin" : 682,
    "end" : 783,
    "text" : "Lucky for you, I am still indebted to you after what happened all those years ago in the Netherlands.",
    "tokens" : [ {
      "id" : "s13-t0",
      "begin" : 682,
      "end" : 687,
      "text" : "Lucky",
      "whiteSpace" : false
    }, {
      "id" : "s13-t1",
      "begin" : 688,
      "end" : 691,
      "text" : "for",
      "whiteSpace" : false
    }, {
      "id" : "s13-t2",
      "begin" : 692,
      "end" : 695,
      "text" : "you",
      "whiteSpace" : false
    }, {
      "id" : "s13-t3",
      "begin" : 695,
      "end" : 696,
      "text" : ",",
      "whiteSpace" : false
    }, {
      "id" : "s13-t4",
      "begin" : 697,
      "end" : 698,
      "text" : "I",
      "whiteSpace" : false
    }, {
      "id" : "s13-t5",
      "begin" : 699,
      "end" : 701,
      "text" : "am",
      "whiteSpace" : false
    }, {
      "id" : "s13-t6",
      "begin" : 702,
      "end" : 707,
      "text" : "still",
      "whiteSpace" : false
    }, {
      "id" : "s13-t7",
      "begin" : 708,
      "end" : 716,
      "text" : "indebted",
      "whiteSpace" : false
    }, {
      "id" : "s13-t8",
      "begin" : 717,
      "end" : 719,
      "text" : "to",
      "whiteSpace" : false
    }, {
      "id" : "s13-t9",
      "begin" : 720,
      "end" : 723,
      "text" : "you",
      "whiteSpace" : false
    }, {
      "id" : "s13-t10",
      "begin" : 724,
      "end" : 729,
      "text" : "after",
      "whiteSpace" : false
    }, {
      "id" : "s13-t11",
      "begin" : 730,
      "end" : 734,
      "text" : "what",
      "whiteSpace" : false
    }, {
      "id" : "s13-t12",
      "begin" : 735,
      "end" : 743,
      "text" : "happened",
      "whiteSpace" : false
    }, {
      "id" : "s13-t13",
      "begin" : 744,
      "end" : 747,
      "text" : "all",
      "whiteSpace" : false
    }, {
      "id" : "s13-t14",
      "begin" : 748,
      "end" : 753,
      "text" : "those",
      "whiteSpace" : false
    }, {
      "id" : "s13-t15",
      "begin" : 754,
      "end" : 759,
      "text" : "years",
      "whiteSpace" : false
    }, {
      "id" : "s13-t16",
      "begin" : 760,
      "end" : 763,
      "text" : "ago",
      "whiteSpace" : false
    }, {
      "id" : "s13-t17",
      "begin" : 764,
      "end" : 766,
      "text" : "in",
      "whiteSpace" : false
    }, {
      "id" : "s13-t18",
      "begin" : 767,
      "end" : 770,
      "text" : "the",
      "whiteSpace" : false
    }, {
      "id" : "s13-t19",
      "begin" : 771,
      "end" : 782,
      "text" : "Netherlands",
      "whiteSpace" : false
    }, {
      "id" : "s13-t20",
      "begin" : 782,
      "end" : 783,
      "text" : ".",
      "whiteSpace" : false
    } ]
  }, {
    "id" : "s14",
    "begin" : 784,
    "end" : 858,
    "text" : "If you had not been there, I would very nearly not have made it out alive.",
    "tokens" : [ {
      "id" : "s14-t0",
      "begin" : 784,
      "end" : 786,
      "text" : "If",
      "whiteSpace" : false
    }, {
      "id" : "s14-t1",
      "begin" : 787,
      "end" : 790,
      "text" : "you",
      "whiteSpace" : false
    }, {
      "id" : "s14-t2",
      "begin" : 791,
      "end" : 794,
      "text" : "had",
      "whiteSpace" : false
    }, {
      "id" : "s14-t3",
      "begin" : 795,
      "end" : 798,
      "text" : "not",
      "whiteSpace" : false
    }, {
      "id" : "s14-t4",
      "begin" : 799,
      "end" : 803,
      "text" : "been",
      "whiteSpace" : false
    }, {
      "id" : "s14-t5",
      "begin" : 804,
      "end" : 809,
      "text" : "there",
      "whiteSpace" : false
    }, {
      "id" : "s14-t6",
      "begin" : 809,
      "end" : 810,
      "text" : ",",
      "whiteSpace" : false
    }, {
      "id" : "s14-t7",
      "begin" : 811,
      "end" : 812,
      "text" : "I",
      "whiteSpace" : false
    }, {
      "id" : "s14-t8",
      "begin" : 813,
      "end" : 818,
      "text" : "would",
      "whiteSpace" : false
    }, {
      "id" : "s14-t9",
      "begin" : 819,
      "end" : 823,
      "text" : "very",
      "whiteSpace" : false
    }, {
      "id" : "s14-t10",
      "begin" : 824,
      "end" : 830,
      "text" : "nearly",
      "whiteSpace" : false
    }, {
      "id" : "s14-t11",
      "begin" : 831,
      "end" : 834,
      "text" : "not",
      "whiteSpace" : false
    }, {
      "id" : "s14-t12",
      "begin" : 835,
      "end" : 839,
      "text" : "have",
      "whiteSpace" : false
    }, {
      "id" : "s14-t13",
      "begin" : 840,
      "end" : 844,
      "text" : "made",
      "whiteSpace" : false
    }, {
      "id" : "s14-t14",
      "begin" : 845,
      "end" : 847,
      "text" : "it",
      "whiteSpace" : false
    }, {
      "id" : "s14-t15",
      "begin" : 848,
      "end" : 851,
      "text" : "out",
      "whiteSpace" : false
    }, {
      "id" : "s14-t16",
      "begin" : 852,
      "end" : 857,
      "text" : "alive",
      "whiteSpace" : false
    }, {
      "id" : "s14-t17",
      "begin" : 857,
      "end" : 858,
      "text" : ".",
      "whiteSpace" : false
    } ]
  }, {
    "id" : "s15",
    "begin" : 859,
    "end" : 966,
    "text" : "This time, I have several new sets of clothes for you too choose from:\nAdam Ewing, 02/12/1976, 545-54-4234.",
    "tokens" : [ {
      "id" : "s15-t0",
      "begin" : 859,
      "end" : 863,
      "text" : "This",
      "whiteSpace" : false
    }, {
      "id" : "s15-t1",
      "begin" : 864,
      "end" : 868,
      "text" : "time",
      "whiteSpace" : false
    }, {
      "id" : "s15-t2",
      "begin" : 868,
      "end" : 869,
      "text" : ",",
      "whiteSpace" : false
    }, {
      "id" : "s15-t3",
      "begin" : 870,
      "end" : 871,
      "text" : "I",
      "whiteSpace" : false
    }, {
      "id" : "s15-t4",
      "begin" : 872,
      "end" : 876,
      "text" : "have",
      "whiteSpace" : false
    }, {
      "id" : "s15-t5",
      "begin" : 877,
      "end" : 884,
      "text" : "several",
      "whiteSpace" : false
    }, {
      "id" : "s15-t6",
      "begin" : 885,
      "end" : 888,
      "text" : "new",
      "whiteSpace" : false
    }, {
      "id" : "s15-t7",
      "begin" : 889,
      "end" : 893,
      "text" : "sets",
      "whiteSpace" : false
    }, {
      "id" : "s15-t8",
      "begin" : 894,
      "end" : 896,
      "text" : "of",
      "whiteSpace" : false
    }, {
      "id" : "s15-t9",
      "begin" : 897,
      "end" : 904,
      "text" : "clothes",
      "whiteSpace" : false
    }, {
      "id" : "s15-t10",
      "begin" : 905,
      "end" : 908,
      "text" : "for",
      "whiteSpace" : false
    }, {
      "id" : "s15-t11",
      "begin" : 909,
      "end" : 912,
      "text" : "you",
      "whiteSpace" : false
    }, {
      "id" : "s15-t12",
      "begin" : 913,
      "end" : 916,
      "text" : "too",
      "whiteSpace" : false
    }, {
      "id" : "s15-t13",
      "begin" : 917,
      "end" : 923,
      "text" : "choose",
      "whiteSpace" : false
    }, {
      "id" : "s15-t14",
      "begin" : 924,
      "end" : 928,
      "text" : "from",
      "whiteSpace" : false
    }, {
      "id" : "s15-t15",
      "begin" : 928,
      "end" : 929,
      "text" : ":",
      "whiteSpace" : false
    }, {
      "id" : "s15-t16",
      "begin" : 930,
      "end" : 934,
      "text" : "Adam",
      "whiteSpace" : false
    }, {
      "id" : "s15-t17",
      "begin" : 935,
      "end" : 940,
      "text" : "Ewing",
      "whiteSpace" : false
    }, {
      "id" : "s15-t18",
      "begin" : 940,
      "end" : 941,
      "text" : ",",
      "whiteSpace" : false
    }, {
      "id" : "s15-t19",
      "begin" : 942,
      "end" : 952,
      "text" : "02/12/1976",
      "whiteSpace" : false
    }, {
      "id" : "s15-t20",
      "begin" : 952,
      "end" : 953,
      "text" : ",",
      "whiteSpace" : false
    }, {
      "id" : "s15-t21",
      "begin" : 954,
      "end" : 965,
      "text" : "545-54-4234",
      "whiteSpace" : false
    }, {
      "id" : "s15-t22",
      "begin" : 965,
      "end" : 966,
      "text" : ".",
      "whiteSpace" : false
    } ]
  }, {
    "id" : "s16",
    "begin" : 967,
    "end" : 1066,
    "text" : "A little bit older than the part you usually like to play, but I think still perfectly serviceable.",
    "tokens" : [ {
      "id" : "s16-t0",
      "begin" : 967,
      "end" : 968,
      "text" : "A",
      "whiteSpace" : false
    }, {
      "id" : "s16-t1",
      "begin" : 969,
      "end" : 975,
      "text" : "little",
      "whiteSpace" : false
    }, {
      "id" : "s16-t2",
      "begin" : 976,
      "end" : 979,
      "text" : "bit",
      "whiteSpace" : false
    }, {
      "id" : "s16-t3",
      "begin" : 980,
      "end" : 985,
      "text" : "older",
      "whiteSpace" : false
    }, {
      "id" : "s16-t4",
      "begin" : 986,
      "end" : 990,
      "text" : "than",
      "whiteSpace" : false
    }, {
      "id" : "s16-t5",
      "begin" : 991,
      "end" : 994,
      "text" : "the",
      "whiteSpace" : false
    }, {
      "id" : "s16-t6",
      "begin" : 995,
      "end" : 999,
      "text" : "part",
      "whiteSpace" : false
    }, {
      "id" : "s16-t7",
      "begin" : 1000,
      "end" : 1003,
      "text" : "you",
      "whiteSpace" : false
    }, {
      "id" : "s16-t8",
      "begin" : 1004,
      "end" : 1011,
      "text" : "usually",
      "whiteSpace" : false
    }, {
      "id" : "s16-t9",
      "begin" : 1012,
      "end" : 1016,
      "text" : "like",
      "whiteSpace" : false
    }, {
      "id" : "s16-t10",
      "begin" : 1017,
      "end" : 1019,
      "text" : "to",
      "whiteSpace" : false
    }, {
      "id" : "s16-t11",
      "begin" : 1020,
      "end" : 1024,
      "text" : "play",
      "whiteSpace" : false
    }, {
      "id" : "s16-t12",
      "begin" : 1024,
      "end" : 1025,
      "text" : ",",
      "whiteSpace" : false
    }, {
      "id" : "s16-t13",
      "begin" : 1026,
      "end" : 1029,
      "text" : "but",
      "whiteSpace" : false
    }, {
      "id" : "s16-t14",
      "begin" : 1030,
      "end" : 1031,
      "text" : "I",
      "whiteSpace" : false
    }, {
      "id" : "s16-t15",
      "begin" : 1032,
      "end" : 1037,
      "text" : "think",
      "whiteSpace" : false
    }, {
      "id" : "s16-t16",
      "begin" : 1038,
      "end" : 1043,
      "text" : "still",
      "whiteSpace" : false
    }, {
      "id" : "s16-t17",
      "begin" : 1044,
      "end" : 1053,
      "text" : "perfectly",
      "whiteSpace" : false
    }, {
      "id" : "s16-t18",
      "begin" : 1054,
      "end" : 1065,
      "text" : "serviceable",
      "whiteSpace" : false
    }, {
      "id" : "s16-t19",
      "begin" : 1065,
      "end" : 1066,
      "text" : ".",
      "whiteSpace" : false
    } ]
  }, {
    "id" : "s17",
    "begin" : 1067,
    "end" : 1108,
    "text" : "Rupert Sixsimth, 12/10/1980, 122-90-3210.",
    "tokens" : [ {
      "id" : "s17-t0",
      "begin" : 1067,
      "end" : 1073,
      "text" : "Rupert",
      "whiteSpace" : false
    }, {
      "id" : "s17-t1",
      "begin" : 1074,
      "end" : 1082,
      "text" : "Sixsimth",
      "whiteSpace" : false
    }, {
      "id" : "s17-t2",
      "begin" : 1082,
      "end" : 1083,
      "text" : ",",
      "whiteSpace" : false
    }, {
      "id" : "s17-t3",
      "begin" : 1084,
      "end" : 1094,
      "text" : "12/10/1980",
      "whiteSpace" : false
    }, {
      "id" : "s17-t4",
      "begin" : 1094,
      "end" : 1095,
      "text" : ",",
      "whiteSpace" : false
    }, {
      "id" : "s17-t5",
      "begin" : 1096,
      "end" : 1107,
      "text" : "122-90-3210",
      "whiteSpace" : false
    }, {
      "id" : "s17-t6",
      "begin" : 1107,
      "end" : 1108,
      "text" : ".",
      "whiteSpace" : false
    } ]
  }, {
    "id" : "s18",
    "begin" : 1109,
    "end" : 1191,
    "text" : "A disgraced nuclear physicist, already very reclusive, fits your usual hermit M.O.",
    "tokens" : [ {
      "id" : "s18-t0",
      "begin" : 1109,
      "end" : 1110,
      "text" : "A",
      "whiteSpace" : false
    }, {
      "id" : "s18-t1",
      "begin" : 1111,
      "end" : 1120,
      "text" : "disgraced",
      "whiteSpace" : false
    }, {
      "id" : "s18-t2",
      "begin" : 1121,
      "end" : 1128,
      "text" : "nuclear",
      "whiteSpace" : false
    }, {
      "id" : "s18-t3",
      "begin" : 1129,
      "end" : 1138,
      "text" : "physicist",
      "whiteSpace" : false
    }, {
      "id" : "s18-t4",
      "begin" : 1138,
      "end" : 1139,
      "text" : ",",
      "whiteSpace" : false
    }, {
      "id" : "s18-t5",
      "begin" : 1140,
      "end" : 1147,
      "text" : "already",
      "whiteSpace" : false
    }, {
      "id" : "s18-t6",
      "begin" : 1148,
      "end" : 1152,
      "text" : "very",
      "whiteSpace" : false
    }, {
      "id" : "s18-t7",
      "begin" : 1153,
      "end" : 1162,
      "text" : "reclusive",
      "whiteSpace" : false
    }, {
      "id" : "s18-t8",
      "begin" : 1162,
      "end" : 1163,
      "text" : ",",
      "whiteSpace" : false
    }, {
      "id" : "s18-t9",
      "begin" : 1164,
      "end" : 1168,
      "text" : "fits",
      "whiteSpace" : false
    }, {
      "id" : "s18-t10",
      "begin" : 1169,
      "end" : 1173,
      "text" : "your",
      "whiteSpace" : false
    }, {
      "id" : "s18-t11",
      "begin" : 1174,
      "end" : 1179,
      "text" : "usual",
      "whiteSpace" : false
    }, {
      "id" : "s18-t12",
      "begin" : 1180,
      "end" : 1186,
      "text" : "hermit",
      "whiteSpace" : false
    }, {
      "id" : "s18-t13",
      "begin" : 1187,
      "end" : 1190,
      "text" : "M.O",
      "whiteSpace" : false
    }, {
      "id" : "s18-t14",
      "begin" : 1190,
      "end" : 1191,
      "text" : ".",
      "whiteSpace" : false
    } ]
  }, {
    "id" : "s19",
    "begin" : 1192,
    "end" : 1202,
    "text" : "very well.",
    "tokens" : [ {
      "id" : "s19-t0",
      "begin" : 1192,
      "end" : 1196,
      "text" : "very",
      "whiteSpace" : false
    }, {
      "id" : "s19-t1",
      "begin" : 1197,
      "end" : 1201,
      "text" : "well",
      "whiteSpace" : false
    }, {
      "id" : "s19-t2",
      "begin" : 1201,
      "end" : 1202,
      "text" : ".",
      "whiteSpace" : false
    } ]
  }, {
    "id" : "s20",
    "begin" : 1203,
    "end" : 1246,
    "text" : "Timothy Cavindash, 12/10/2000, 112-00-0001.",
    "tokens" : [ {
      "id" : "s20-t0",
      "begin" : 1203,
      "end" : 1210,
      "text" : "Timothy",
      "whiteSpace" : false
    }, {
      "id" : "s20-t1",
      "begin" : 1211,
      "end" : 1220,
      "text" : "Cavindash",
      "whiteSpace" : false
    }, {
      "id" : "s20-t2",
      "begin" : 1220,
      "end" : 1221,
      "text" : ",",
      "whiteSpace" : false
    }, {
      "id" : "s20-t3",
      "begin" : 1222,
      "end" : 1232,
      "text" : "12/10/2000",
      "whiteSpace" : false
    }, {
      "id" : "s20-t4",
      "begin" : 1232,
      "end" : 1233,
      "text" : ",",
      "whiteSpace" : false
    }, {
      "id" : "s20-t5",
      "begin" : 1234,
      "end" : 1245,
      "text" : "112-00-0001",
      "whiteSpace" : false
    }, {
      "id" : "s20-t6",
      "begin" : 1245,
      "end" : 1246,
      "text" : ".",
      "whiteSpace" : false
    } ]
  }, {
    "id" : "s21",
    "begin" : 1247,
    "end" : 1352,
    "text" : "Maybe a bit young for you, but hopefully that will buy you some more time without changing clothes again.",
    "tokens" : [ {
      "id" : "s21-t0",
      "begin" : 1247,
      "end" : 1252,
      "text" : "Maybe",
      "whiteSpace" : false
    }, {
      "id" : "s21-t1",
      "begin" : 1253,
      "end" : 1254,
      "text" : "a",
      "whiteSpace" : false
    }, {
      "id" : "s21-t2",
      "begin" : 1255,
      "end" : 1258,
      "text" : "bit",
      "whiteSpace" : false
    }, {
      "id" : "s21-t3",
      "begin" : 1259,
      "end" : 1264,
      "text" : "young",
      "whiteSpace" : false
    }, {
      "id" : "s21-t4",
      "begin" : 1265,
      "end" : 1268,
      "text" : "for",
      "whiteSpace" : false
    }, {
      "id" : "s21-t5",
      "begin" : 1269,
      "end" : 1272,
      "text" : "you",
      "whiteSpace" : false
    }, {
      "id" : "s21-t6",
      "begin" : 1272,
      "end" : 1273,
      "text" : ",",
      "whiteSpace" : false
    }, {
      "id" : "s21-t7",
      "begin" : 1274,
      "end" : 1277,
      "text" : "but",
      "whiteSpace" : false
    }, {
      "id" : "s21-t8",
      "begin" : 1278,
      "end" : 1287,
      "text" : "hopefully",
      "whiteSpace" : false
    }, {
      "id" : "s21-t9",
      "begin" : 1288,
      "end" : 1292,
      "text" : "that",
      "whiteSpace" : false
    }, {
      "id" : "s21-t10",
      "begin" : 1293,
      "end" : 1297,
      "text" : "will",
      "whiteSpace" : false
    }, {
      "id" : "s21-t11",
      "begin" : 1298,
      "end" : 1301,
      "text" : "buy",
      "whiteSpace" : false
    }, {
      "id" : "s21-t12",
      "begin" : 1302,
      "end" : 1305,
      "text" : "you",
      "whiteSpace" : false
    }, {
      "id" : "s21-t13",
      "begin" : 1306,
      "end" : 1310,
      "text" : "some",
      "whiteSpace" : false
    }, {
      "id" : "s21-t14",
      "begin" : 1311,
      "end" : 1315,
      "text" : "more",
      "whiteSpace" : false
    }, {
      "id" : "s21-t15",
      "begin" : 1316,
      "end" : 1320,
      "text" : "time",
      "whiteSpace" : false
    }, {
      "id" : "s21-t16",
      "begin" : 1321,
      "end" : 1328,
      "text" : "without",
      "whiteSpace" : false
    }, {
      "id" : "s21-t17",
      "begin" : 1329,
      "end" : 1337,
      "text" : "changing",
      "whiteSpace" : false
    }, {
      "id" : "s21-t18",
      "begin" : 1338,
      "end" : 1345,
      "text" : "clothes",
      "whiteSpace" : false
    }, {
      "id" : "s21-t19",
      "begin" : 1346,
      "end" : 1351,
      "text" : "again",
      "whiteSpace" : false
    }, {
      "id" : "s21-t20",
      "begin" : 1351,
      "end" : 1352,
      "text" : ".",
      "whiteSpace" : false
    } ]
  }, {
    "id" : "s22",
    "begin" : 1353,
    "end" : 1453,
    "text" : "Let me know which one of these appeals to you so I don't offer it to anyone else in our small group.",
    "tokens" : [ {
      "id" : "s22-t0",
      "begin" : 1353,
      "end" : 1356,
      "text" : "Let",
      "whiteSpace" : false
    }, {
      "id" : "s22-t1",
      "begin" : 1357,
      "end" : 1359,
      "text" : "me",
      "whiteSpace" : false
    }, {
      "id" : "s22-t2",
      "begin" : 1360,
      "end" : 1364,
      "text" : "know",
      "whiteSpace" : false
    }, {
      "id" : "s22-t3",
      "begin" : 1365,
      "end" : 1370,
      "text" : "which",
      "whiteSpace" : false
    }, {
      "id" : "s22-t4",
      "begin" : 1371,
      "end" : 1374,
      "text" : "one",
      "whiteSpace" : false
    }, {
      "id" : "s22-t5",
      "begin" : 1375,
      "end" : 1377,
      "text" : "of",
      "whiteSpace" : false
    }, {
      "id" : "s22-t6",
      "begin" : 1378,
      "end" : 1383,
      "text" : "these",
      "whiteSpace" : false
    }, {
      "id" : "s22-t7",
      "begin" : 1384,
      "end" : 1391,
      "text" : "appeals",
      "whiteSpace" : false
    }, {
      "id" : "s22-t8",
      "begin" : 1392,
      "end" : 1394,
      "text" : "to",
      "whiteSpace" : false
    }, {
      "id" : "s22-t9",
      "begin" : 1395,
      "end" : 1398,
      "text" : "you",
      "whiteSpace" : false
    }, {
      "id" : "s22-t10",
      "begin" : 1399,
      "end" : 1401,
      "text" : "so",
      "whiteSpace" : false
    }, {
      "id" : "s22-t11",
      "begin" : 1402,
      "end" : 1403,
      "text" : "I",
      "whiteSpace" : false
    }, {
      "id" : "s22-t12",
      "begin" : 1404,
      "end" : 1406,
      "text" : "do",
      "whiteSpace" : false
    }, {
      "id" : "s22-t13",
      "begin" : 1406,
      "end" : 1409,
      "text" : "n't",
      "whiteSpace" : false
    }, {
      "id" : "s22-t14",
      "begin" : 1410,
      "end" : 1415,
      "text" : "offer",
      "whiteSpace" : false
    }, {
      "id" : "s22-t15",
      "begin" : 1416,
      "end" : 1418,
      "text" : "it",
      "whiteSpace" : false
    }, {
      "id" : "s22-t16",
      "begin" : 1419,
      "end" : 1421,
      "text" : "to",
      "whiteSpace" : false
    }, {
      "id" : "s22-t17",
      "begin" : 1422,
      "end" : 1428,
      "text" : "anyone",
      "whiteSpace" : false
    }, {
      "id" : "s22-t18",
      "begin" : 1429,
      "end" : 1433,
      "text" : "else",
      "whiteSpace" : false
    }, {
      "id" : "s22-t19",
      "begin" : 1434,
      "end" : 1436,
      "text" : "in",
      "whiteSpace" : false
    }, {
      "id" : "s22-t20",
      "begin" : 1437,
      "end" : 1440,
      "text" : "our",
      "whiteSpace" : false
    }, {
      "id" : "s22-t21",
      "begin" : 1441,
      "end" : 1446,
      "text" : "small",
      "whiteSpace" : false
    }, {
      "id" : "s22-t22",
      "begin" : 1447,
      "end" : 1452,
      "text" : "group",
      "whiteSpace" : false
    }, {
      "id" : "s22-t23",
      "begin" : 1452,
      "end" : 1453,
      "text" : ".",
      "whiteSpace" : false
    } ]
  }, {
    "id" : "s23",
    "begin" : 1455,
    "end" : 1491,
    "text" : "Looking forward to seeing you again,",
    "tokens" : [ {
      "id" : "s23-t0",
      "begin" : 1455,
      "end" : 1462,
      "text" : "Looking",
      "whiteSpace" : false
    }, {
      "id" : "s23-t1",
      "begin" : 1463,
      "end" : 1470,
      "text" : "forward",
      "whiteSpace" : false
    }, {
      "id" : "s23-t2",
      "begin" : 1471,
      "end" : 1473,
      "text" : "to",
      "whiteSpace" : false
    }, {
      "id" : "s23-t3",
      "begin" : 1474,
      "end" : 1480,
      "text" : "seeing",
      "whiteSpace" : false
    }, {
      "id" : "s23-t4",
      "begin" : 1481,
      "end" : 1484,
      "text" : "you",
      "whiteSpace" : false
    }, {
      "id" : "s23-t5",
      "begin" : 1485,
      "end" : 1490,
      "text" : "again",
      "whiteSpace" : false
    }, {
      "id" : "s23-t6",
      "begin" : 1490,
      "end" : 1491,
      "text" : ",",
      "whiteSpace" : false
    } ]
  }, {
    "id" : "s24",
    "begin" : 1497,
    "end" : 1513,
    "text" : "Robert Frobisher",
    "tokens" : [ {
      "id" : "s24-t0",
      "begin" : 1497,
      "end" : 1503,
      "text" : "Robert",
      "whiteSpace" : false
    }, {
      "id" : "s24-t1",
      "begin" : 1504,
      "end" : 1513,
      "text" : "Frobisher",
      "whiteSpace" : false
    } ]
  } ],
  "mentions" : [ {
    "id" : "s0-m1",
    "properties" : {
      "SIRE_MENTION_ROLE" : "Name",
      "SIRE_ENTITY_SUBTYPE" : "NONE",
      "SIRE_MENTION_TYPE" : "NONE",
      "SIRE_MENTION_CLASS" : "SPC"
    },
    "type" : "Name",
    "begin" : 8,
    "end" : 14,
    "inCoref" : false
  }, {
    "id" : "s15-m1",
    "properties" : {
      "SIRE_MENTION_ROLE" : "Name",
      "SIRE_ENTITY_SUBTYPE" : "NONE",
      "SIRE_MENTION_TYPE" : "NONE",
      "SIRE_MENTION_CLASS" : "SPC"
    },
    "type" : "Name",
    "begin" : 930,
    "end" : 940,
    "inCoref" : false
  }, {
    "id" : "s15-m2",
    "properties" : {
      "SIRE_MENTION_ROLE" : "DOB",
      "SIRE_ENTITY_SUBTYPE" : "NONE",
      "SIRE_MENTION_TYPE" : "NONE",
      "SIRE_MENTION_CLASS" : "SPC"
    },
    "type" : "DOB",
    "begin" : 942,
    "end" : 952,
    "inCoref" : false
  }, {
    "id" : "s15-m3",
    "properties" : {
      "SIRE_MENTION_ROLE" : "SSN",
      "SIRE_ENTITY_SUBTYPE" : "NONE",
      "SIRE_MENTION_TYPE" : "NONE",
      "SIRE_MENTION_CLASS" : "SPC"
    },
    "type" : "SSN",
    "begin" : 954,
    "end" : 965,
    "inCoref" : false
  }, {
    "id" : "s17-m1",
    "properties" : {
      "SIRE_MENTION_ROLE" : "Name",
      "SIRE_ENTITY_SUBTYPE" : "NONE",
      "SIRE_MENTION_TYPE" : "NONE",
      "SIRE_MENTION_CLASS" : "SPC"
    },
    "type" : "Name",
    "begin" : 1067,
    "end" : 1082,
    "inCoref" : false
  }, {
    "id" : "s17-m2",
    "properties" : {
      "SIRE_MENTION_ROLE" : "DOB",
      "SIRE_ENTITY_SUBTYPE" : "NONE",
      "SIRE_MENTION_TYPE" : "NONE",
      "SIRE_MENTION_CLASS" : "SPC"
    },
    "type" : "DOB",
    "begin" : 1084,
    "end" : 1094,
    "inCoref" : false
  }, {
    "id" : "s17-m3",
    "properties" : {
      "SIRE_MENTION_ROLE" : "SSN",
      "SIRE_ENTITY_SUBTYPE" : "NONE",
      "SIRE_MENTION_TYPE" : "NONE",
      "SIRE_MENTION_CLASS" : "SPC"
    },
    "type" : "SSN",
    "begin" : 1096,
    "end" : 1107,
    "inCoref" : false
  }, {
    "id" : "s20-m1",
    "properties" : {
      "SIRE_MENTION_ROLE" : "Name",
      "SIRE_ENTITY_SUBTYPE" : "NONE",
      "SIRE_MENTION_TYPE" : "NONE",
      "SIRE_MENTION_CLASS" : "SPC"
    },
    "type" : "Name",
    "begin" : 1203,
    "end" : 1220,
    "inCoref" : false
  }, {
    "id" : "s20-m2",
    "properties" : {
      "SIRE_MENTION_ROLE" : "DOB",
      "SIRE_ENTITY_SUBTYPE" : "NONE",
      "SIRE_MENTION_TYPE" : "NONE",
      "SIRE_MENTION_CLASS" : "SPC"
    },
    "type" : "DOB",
    "begin" : 1222,
    "end" : 1232,
    "inCoref" : false
  }, {
    "id" : "s20-m3",
    "properties" : {
      "SIRE_MENTION_ROLE" : "SSN",
      "SIRE_ENTITY_SUBTYPE" : "NONE",
      "SIRE_MENTION_TYPE" : "NONE",
      "SIRE_MENTION_CLASS" : "SPC"
    },
    "type" : "SSN",
    "begin" : 1234,
    "end" : 1245,
    "inCoref" : false
  }, {
    "id" : "s24-m1",
    "properties" : {
      "SIRE_MENTION_ROLE" : "Name",
      "SIRE_ENTITY_SUBTYPE" : "NONE",
      "SIRE_MENTION_TYPE" : "NONE",
      "SIRE_MENTION_CLASS" : "SPC"
    },
    "type" : "Name",
    "begin" : 1497,
    "end" : 1513,
    "inCoref" : false
  } ],
  "relations" : [ ],
  "corefs" : [ ],
  "typeResolved" : true,
  "userResolved" : false
}