{
  "id" : "947e4f80-0b82-11e8-83d8-d9ef805288b8-2",
  "name" : "email43.txt",
  "createdDate" : 0,
  "version" : 3,
  "text" : "To Whom it may concern,\n\nMy name is Timothy Green, I came to this country 12 years ago. In that time I have done many wonderful and new things, met many interesting and bright people, and learned all about your culture.\nI am impressed.\nAs such, I would like to apply for residency. I was born in the year of the water ox, in the third month, on the fourth day of the month, I think that this translates to roughly 4 March, 1980.\nI have heard that as part of this process, I will receive a social security number for tracking. I would like mine to be easy to remember, so I was hoping for the number 123-45-6789. If that is not possible I understand.\nThank you for hearing me out, and I hope to hear back from you soon.\n\nSincerely,\n   T. Green ",
  "docLength" : 0,
  "language" : "EN",
  "status" : "SUBMITTED",
  "modifiedDate" : 1517952014372,
  "documentSet" : [ ],
  "preannotation" : [ ],
  "sentences" : [ {
    "id" : "s0",
    "begin" : 0,
    "end" : 23,
    "text" : "To Whom it may concern,",
    "tokens" : [ {
      "id" : "s0-t0",
      "begin" : 0,
      "end" : 2,
      "text" : "To",
      "whiteSpace" : false
    }, {
      "id" : "s0-t1",
      "begin" : 3,
      "end" : 7,
      "text" : "Whom",
      "whiteSpace" : false
    }, {
      "id" : "s0-t2",
      "begin" : 8,
      "end" : 10,
      "text" : "it",
      "whiteSpace" : false
    }, {
      "id" : "s0-t3",
      "begin" : 11,
      "end" : 14,
      "text" : "may",
      "whiteSpace" : false
    }, {
      "id" : "s0-t4",
      "begin" : 15,
      "end" : 22,
      "text" : "concern",
      "whiteSpace" : false
    }, {
      "id" : "s0-t5",
      "begin" : 22,
      "end" : 23,
      "text" : ",",
      "whiteSpace" : false
    } ]
  }, {
    "id" : "s1",
    "begin" : 25,
    "end" : 87,
    "text" : "My name is Timothy Green, I came to this country 12 years ago.",
    "tokens" : [ {
      "id" : "s1-t0",
      "begin" : 25,
      "end" : 27,
      "text" : "My",
      "whiteSpace" : false
    }, {
      "id" : "s1-t1",
      "begin" : 28,
      "end" : 32,
      "text" : "name",
      "whiteSpace" : false
    }, {
      "id" : "s1-t2",
      "begin" : 33,
      "end" : 35,
      "text" : "is",
      "whiteSpace" : false
    }, {
      "id" : "s1-t3",
      "begin" : 36,
      "end" : 43,
      "text" : "Timothy",
      "whiteSpace" : false
    }, {
      "id" : "s1-t4",
      "begin" : 44,
      "end" : 49,
      "text" : "Green",
      "whiteSpace" : false
    }, {
      "id" : "s1-t5",
      "begin" : 49,
      "end" : 50,
      "text" : ",",
      "whiteSpace" : false
    }, {
      "id" : "s1-t6",
      "begin" : 51,
      "end" : 52,
      "text" : "I",
      "whiteSpace" : false
    }, {
      "id" : "s1-t7",
      "begin" : 53,
      "end" : 57,
      "text" : "came",
      "whiteSpace" : false
    }, {
      "id" : "s1-t8",
      "begin" : 58,
      "end" : 60,
      "text" : "to",
      "whiteSpace" : false
    }, {
      "id" : "s1-t9",
      "begin" : 61,
      "end" : 65,
      "text" : "this",
      "whiteSpace" : false
    }, {
      "id" : "s1-t10",
      "begin" : 66,
      "end" : 73,
      "text" : "country",
      "whiteSpace" : false
    }, {
      "id" : "s1-t11",
      "begin" : 74,
      "end" : 76,
      "text" : "12",
      "whiteSpace" : false
    }, {
      "id" : "s1-t12",
      "begin" : 77,
      "end" : 82,
      "text" : "years",
      "whiteSpace" : false
    }, {
      "id" : "s1-t13",
      "begin" : 83,
      "end" : 86,
      "text" : "ago",
      "whiteSpace" : false
    }, {
      "id" : "s1-t14",
      "begin" : 86,
      "end" : 87,
      "text" : ".",
      "whiteSpace" : false
    } ]
  }, {
    "id" : "s2",
    "begin" : 88,
    "end" : 219,
    "text" : "In that time I have done many wonderful and new things, met many interesting and bright people, and learned all about your culture.",
    "tokens" : [ {
      "id" : "s2-t0",
      "begin" : 88,
      "end" : 90,
      "text" : "In",
      "whiteSpace" : false
    }, {
      "id" : "s2-t1",
      "begin" : 91,
      "end" : 95,
      "text" : "that",
      "whiteSpace" : false
    }, {
      "id" : "s2-t2",
      "begin" : 96,
      "end" : 100,
      "text" : "time",
      "whiteSpace" : false
    }, {
      "id" : "s2-t3",
      "begin" : 101,
      "end" : 102,
      "text" : "I",
      "whiteSpace" : false
    }, {
      "id" : "s2-t4",
      "begin" : 103,
      "end" : 107,
      "text" : "have",
      "whiteSpace" : false
    }, {
      "id" : "s2-t5",
      "begin" : 108,
      "end" : 112,
      "text" : "done",
      "whiteSpace" : false
    }, {
      "id" : "s2-t6",
      "begin" : 113,
      "end" : 117,
      "text" : "many",
      "whiteSpace" : false
    }, {
      "id" : "s2-t7",
      "begin" : 118,
      "end" : 127,
      "text" : "wonderful",
      "whiteSpace" : false
    }, {
      "id" : "s2-t8",
      "begin" : 128,
      "end" : 131,
      "text" : "and",
      "whiteSpace" : false
    }, {
      "id" : "s2-t9",
      "begin" : 132,
      "end" : 135,
      "text" : "new",
      "whiteSpace" : false
    }, {
      "id" : "s2-t10",
      "begin" : 136,
      "end" : 142,
      "text" : "things",
      "whiteSpace" : false
    }, {
      "id" : "s2-t11",
      "begin" : 142,
      "end" : 143,
      "text" : ",",
      "whiteSpace" : false
    }, {
      "id" : "s2-t12",
      "begin" : 144,
      "end" : 147,
      "text" : "met",
      "whiteSpace" : false
    }, {
      "id" : "s2-t13",
      "begin" : 148,
      "end" : 152,
      "text" : "many",
      "whiteSpace" : false
    }, {
      "id" : "s2-t14",
      "begin" : 153,
      "end" : 164,
      "text" : "interesting",
      "whiteSpace" : false
    }, {
      "id" : "s2-t15",
      "begin" : 165,
      "end" : 168,
      "text" : "and",
      "whiteSpace" : false
    }, {
      "id" : "s2-t16",
      "begin" : 169,
      "end" : 175,
      "text" : "bright",
      "whiteSpace" : false
    }, {
      "id" : "s2-t17",
      "begin" : 176,
      "end" : 182,
      "text" : "people",
      "whiteSpace" : false
    }, {
      "id" : "s2-t18",
      "begin" : 182,
      "end" : 183,
      "text" : ",",
      "whiteSpace" : false
    }, {
      "id" : "s2-t19",
      "begin" : 184,
      "end" : 187,
      "text" : "and",
      "whiteSpace" : false
    }, {
      "id" : "s2-t20",
      "begin" : 188,
      "end" : 195,
      "text" : "learned",
      "whiteSpace" : false
    }, {
      "id" : "s2-t21",
      "begin" : 196,
      "end" : 199,
      "text" : "all",
      "whiteSpace" : false
    }, {
      "id" : "s2-t22",
      "begin" : 200,
      "end" : 205,
      "text" : "about",
      "whiteSpace" : false
    }, {
      "id" : "s2-t23",
      "begin" : 206,
      "end" : 210,
      "text" : "your",
      "whiteSpace" : false
    }, {
      "id" : "s2-t24",
      "begin" : 211,
      "end" : 218,
      "text" : "culture",
      "whiteSpace" : false
    }, {
      "id" : "s2-t25",
      "begin" : 218,
      "end" : 219,
      "text" : ".",
      "whiteSpace" : false
    } ]
  }, {
    "id" : "s3",
    "begin" : 220,
    "end" : 235,
    "text" : "I am impressed.",
    "tokens" : [ {
      "id" : "s3-t0",
      "begin" : 220,
      "end" : 221,
      "text" : "I",
      "whiteSpace" : false
    }, {
      "id" : "s3-t1",
      "begin" : 222,
      "end" : 224,
      "text" : "am",
      "whiteSpace" : false
    }, {
      "id" : "s3-t2",
      "begin" : 225,
      "end" : 234,
      "text" : "impressed",
      "whiteSpace" : false
    }, {
      "id" : "s3-t3",
      "begin" : 234,
      "end" : 235,
      "text" : ".",
      "whiteSpace" : false
    } ]
  }, {
    "id" : "s4",
    "begin" : 236,
    "end" : 281,
    "text" : "As such, I would like to apply for residency.",
    "tokens" : [ {
      "id" : "s4-t0",
      "begin" : 236,
      "end" : 238,
      "text" : "As",
      "whiteSpace" : false
    }, {
      "id" : "s4-t1",
      "begin" : 239,
      "end" : 243,
      "text" : "such",
      "whiteSpace" : false
    }, {
      "id" : "s4-t2",
      "begin" : 243,
      "end" : 244,
      "text" : ",",
      "whiteSpace" : false
    }, {
      "id" : "s4-t3",
      "begin" : 245,
      "end" : 246,
      "text" : "I",
      "whiteSpace" : false
    }, {
      "id" : "s4-t4",
      "begin" : 247,
      "end" : 252,
      "text" : "would",
      "whiteSpace" : false
    }, {
      "id" : "s4-t5",
      "begin" : 253,
      "end" : 257,
      "text" : "like",
      "whiteSpace" : false
    }, {
      "id" : "s4-t6",
      "begin" : 258,
      "end" : 260,
      "text" : "to",
      "whiteSpace" : false
    }, {
      "id" : "s4-t7",
      "begin" : 261,
      "end" : 266,
      "text" : "apply",
      "whiteSpace" : false
    }, {
      "id" : "s4-t8",
      "begin" : 267,
      "end" : 270,
      "text" : "for",
      "whiteSpace" : false
    }, {
      "id" : "s4-t9",
      "begin" : 271,
      "end" : 280,
      "text" : "residency",
      "whiteSpace" : false
    }, {
      "id" : "s4-t10",
      "begin" : 280,
      "end" : 281,
      "text" : ".",
      "whiteSpace" : false
    } ]
  }, {
    "id" : "s5",
    "begin" : 282,
    "end" : 428,
    "text" : "I was born in the year of the water ox, in the third month, on the fourth day of the month, I think that this translates to roughly 4 March, 1980.",
    "tokens" : [ {
      "id" : "s5-t0",
      "begin" : 282,
      "end" : 283,
      "text" : "I",
      "whiteSpace" : false
    }, {
      "id" : "s5-t1",
      "begin" : 284,
      "end" : 287,
      "text" : "was",
      "whiteSpace" : false
    }, {
      "id" : "s5-t2",
      "begin" : 288,
      "end" : 292,
      "text" : "born",
      "whiteSpace" : false
    }, {
      "id" : "s5-t3",
      "begin" : 293,
      "end" : 295,
      "text" : "in",
      "whiteSpace" : false
    }, {
      "id" : "s5-t4",
      "begin" : 296,
      "end" : 299,
      "text" : "the",
      "whiteSpace" : false
    }, {
      "id" : "s5-t5",
      "begin" : 300,
      "end" : 304,
      "text" : "year",
      "whiteSpace" : false
    }, {
      "id" : "s5-t6",
      "begin" : 305,
      "end" : 307,
      "text" : "of",
      "whiteSpace" : false
    }, {
      "id" : "s5-t7",
      "begin" : 308,
      "end" : 311,
      "text" : "the",
      "whiteSpace" : false
    }, {
      "id" : "s5-t8",
      "begin" : 312,
      "end" : 317,
      "text" : "water",
      "whiteSpace" : false
    }, {
      "id" : "s5-t9",
      "begin" : 318,
      "end" : 320,
      "text" : "ox",
      "whiteSpace" : false
    }, {
      "id" : "s5-t10",
      "begin" : 320,
      "end" : 321,
      "text" : ",",
      "whiteSpace" : false
    }, {
      "id" : "s5-t11",
      "begin" : 322,
      "end" : 324,
      "text" : "in",
      "whiteSpace" : false
    }, {
      "id" : "s5-t12",
      "begin" : 325,
      "end" : 328,
      "text" : "the",
      "whiteSpace" : false
    }, {
      "id" : "s5-t13",
      "begin" : 329,
      "end" : 334,
      "text" : "third",
      "whiteSpace" : false
    }, {
      "id" : "s5-t14",
      "begin" : 335,
      "end" : 340,
      "text" : "month",
      "whiteSpace" : false
    }, {
      "id" : "s5-t15",
      "begin" : 340,
      "end" : 341,
      "text" : ",",
      "whiteSpace" : false
    }, {
      "id" : "s5-t16",
      "begin" : 342,
      "end" : 344,
      "text" : "on",
      "whiteSpace" : false
    }, {
      "id" : "s5-t17",
      "begin" : 345,
      "end" : 348,
      "text" : "the",
      "whiteSpace" : false
    }, {
      "id" : "s5-t18",
      "begin" : 349,
      "end" : 355,
      "text" : "fourth",
      "whiteSpace" : false
    }, {
      "id" : "s5-t19",
      "begin" : 356,
      "end" : 359,
      "text" : "day",
      "whiteSpace" : false
    }, {
      "id" : "s5-t20",
      "begin" : 360,
      "end" : 362,
      "text" : "of",
      "whiteSpace" : false
    }, {
      "id" : "s5-t21",
      "begin" : 363,
      "end" : 366,
      "text" : "the",
      "whiteSpace" : false
    }, {
      "id" : "s5-t22",
      "begin" : 367,
      "end" : 372,
      "text" : "month",
      "whiteSpace" : false
    }, {
      "id" : "s5-t23",
      "begin" : 372,
      "end" : 373,
      "text" : ",",
      "whiteSpace" : false
    }, {
      "id" : "s5-t24",
      "begin" : 374,
      "end" : 375,
      "text" : "I",
      "whiteSpace" : false
    }, {
      "id" : "s5-t25",
      "begin" : 376,
      "end" : 381,
      "text" : "think",
      "whiteSpace" : false
    }, {
      "id" : "s5-t26",
      "begin" : 382,
      "end" : 386,
      "text" : "that",
      "whiteSpace" : false
    }, {
      "id" : "s5-t27",
      "begin" : 387,
      "end" : 391,
      "text" : "this",
      "whiteSpace" : false
    }, {
      "id" : "s5-t28",
      "begin" : 392,
      "end" : 402,
      "text" : "translates",
      "whiteSpace" : false
    }, {
      "id" : "s5-t29",
      "begin" : 403,
      "end" : 405,
      "text" : "to",
      "whiteSpace" : false
    }, {
      "id" : "s5-t30",
      "begin" : 406,
      "end" : 413,
      "text" : "roughly",
      "whiteSpace" : false
    }, {
      "id" : "s5-t31",
      "begin" : 414,
      "end" : 415,
      "text" : "4",
      "whiteSpace" : false
    }, {
      "id" : "s5-t32",
      "begin" : 416,
      "end" : 421,
      "text" : "March",
      "whiteSpace" : false
    }, {
      "id" : "s5-t33",
      "begin" : 421,
      "end" : 422,
      "text" : ",",
      "whiteSpace" : false
    }, {
      "id" : "s5-t34",
      "begin" : 423,
      "end" : 427,
      "text" : "1980",
      "whiteSpace" : false
    }, {
      "id" : "s5-t35",
      "begin" : 427,
      "end" : 428,
      "text" : ".",
      "whiteSpace" : false
    } ]
  }, {
    "id" : "s6",
    "begin" : 429,
    "end" : 525,
    "text" : "I have heard that as part of this process, I will receive a social security number for tracking.",
    "tokens" : [ {
      "id" : "s6-t0",
      "begin" : 429,
      "end" : 430,
      "text" : "I",
      "whiteSpace" : false
    }, {
      "id" : "s6-t1",
      "begin" : 431,
      "end" : 435,
      "text" : "have",
      "whiteSpace" : false
    }, {
      "id" : "s6-t2",
      "begin" : 436,
      "end" : 441,
      "text" : "heard",
      "whiteSpace" : false
    }, {
      "id" : "s6-t3",
      "begin" : 442,
      "end" : 446,
      "text" : "that",
      "whiteSpace" : false
    }, {
      "id" : "s6-t4",
      "begin" : 447,
      "end" : 449,
      "text" : "as",
      "whiteSpace" : false
    }, {
      "id" : "s6-t5",
      "begin" : 450,
      "end" : 454,
      "text" : "part",
      "whiteSpace" : false
    }, {
      "id" : "s6-t6",
      "begin" : 455,
      "end" : 457,
      "text" : "of",
      "whiteSpace" : false
    }, {
      "id" : "s6-t7",
      "begin" : 458,
      "end" : 462,
      "text" : "this",
      "whiteSpace" : false
    }, {
      "id" : "s6-t8",
      "begin" : 463,
      "end" : 470,
      "text" : "process",
      "whiteSpace" : false
    }, {
      "id" : "s6-t9",
      "begin" : 470,
      "end" : 471,
      "text" : ",",
      "whiteSpace" : false
    }, {
      "id" : "s6-t10",
      "begin" : 472,
      "end" : 473,
      "text" : "I",
      "whiteSpace" : false
    }, {
      "id" : "s6-t11",
      "begin" : 474,
      "end" : 478,
      "text" : "will",
      "whiteSpace" : false
    }, {
      "id" : "s6-t12",
      "begin" : 479,
      "end" : 486,
      "text" : "receive",
      "whiteSpace" : false
    }, {
      "id" : "s6-t13",
      "begin" : 487,
      "end" : 488,
      "text" : "a",
      "whiteSpace" : false
    }, {
      "id" : "s6-t14",
      "begin" : 489,
      "end" : 495,
      "text" : "social",
      "whiteSpace" : false
    }, {
      "id" : "s6-t15",
      "begin" : 496,
      "end" : 504,
      "text" : "security",
      "whiteSpace" : false
    }, {
      "id" : "s6-t16",
      "begin" : 505,
      "end" : 511,
      "text" : "number",
      "whiteSpace" : false
    }, {
      "id" : "s6-t17",
      "begin" : 512,
      "end" : 515,
      "text" : "for",
      "whiteSpace" : false
    }, {
      "id" : "s6-t18",
      "begin" : 516,
      "end" : 524,
      "text" : "tracking",
      "whiteSpace" : false
    }, {
      "id" : "s6-t19",
      "begin" : 524,
      "end" : 525,
      "text" : ".",
      "whiteSpace" : false
    } ]
  }, {
    "id" : "s7",
    "begin" : 526,
    "end" : 611,
    "text" : "I would like mine to be easy to remember, so I was hoping for the number 123-45-6789.",
    "tokens" : [ {
      "id" : "s7-t0",
      "begin" : 526,
      "end" : 527,
      "text" : "I",
      "whiteSpace" : false
    }, {
      "id" : "s7-t1",
      "begin" : 528,
      "end" : 533,
      "text" : "would",
      "whiteSpace" : false
    }, {
      "id" : "s7-t2",
      "begin" : 534,
      "end" : 538,
      "text" : "like",
      "whiteSpace" : false
    }, {
      "id" : "s7-t3",
      "begin" : 539,
      "end" : 543,
      "text" : "mine",
      "whiteSpace" : false
    }, {
      "id" : "s7-t4",
      "begin" : 544,
      "end" : 546,
      "text" : "to",
      "whiteSpace" : false
    }, {
      "id" : "s7-t5",
      "begin" : 547,
      "end" : 549,
      "text" : "be",
      "whiteSpace" : false
    }, {
      "id" : "s7-t6",
      "begin" : 550,
      "end" : 554,
      "text" : "easy",
      "whiteSpace" : false
    }, {
      "id" : "s7-t7",
      "begin" : 555,
      "end" : 557,
      "text" : "to",
      "whiteSpace" : false
    }, {
      "id" : "s7-t8",
      "begin" : 558,
      "end" : 566,
      "text" : "remember",
      "whiteSpace" : false
    }, {
      "id" : "s7-t9",
      "begin" : 566,
      "end" : 567,
      "text" : ",",
      "whiteSpace" : false
    }, {
      "id" : "s7-t10",
      "begin" : 568,
      "end" : 570,
      "text" : "so",
      "whiteSpace" : false
    }, {
      "id" : "s7-t11",
      "begin" : 571,
      "end" : 572,
      "text" : "I",
      "whiteSpace" : false
    }, {
      "id" : "s7-t12",
      "begin" : 573,
      "end" : 576,
      "text" : "was",
      "whiteSpace" : false
    }, {
      "id" : "s7-t13",
      "begin" : 577,
      "end" : 583,
      "text" : "hoping",
      "whiteSpace" : false
    }, {
      "id" : "s7-t14",
      "begin" : 584,
      "end" : 587,
      "text" : "for",
      "whiteSpace" : false
    }, {
      "id" : "s7-t15",
      "begin" : 588,
      "end" : 591,
      "text" : "the",
      "whiteSpace" : false
    }, {
      "id" : "s7-t16",
      "begin" : 592,
      "end" : 598,
      "text" : "number",
      "whiteSpace" : false
    }, {
      "id" : "s7-t17",
      "begin" : 599,
      "end" : 610,
      "text" : "123-45-6789",
      "whiteSpace" : false
    }, {
      "id" : "s7-t18",
      "begin" : 610,
      "end" : 611,
      "text" : ".",
      "whiteSpace" : false
    } ]
  }, {
    "id" : "s8",
    "begin" : 612,
    "end" : 649,
    "text" : "If that is not possible I understand.",
    "tokens" : [ {
      "id" : "s8-t0",
      "begin" : 612,
      "end" : 614,
      "text" : "If",
      "whiteSpace" : false
    }, {
      "id" : "s8-t1",
      "begin" : 615,
      "end" : 619,
      "text" : "that",
      "whiteSpace" : false
    }, {
      "id" : "s8-t2",
      "begin" : 620,
      "end" : 622,
      "text" : "is",
      "whiteSpace" : false
    }, {
      "id" : "s8-t3",
      "begin" : 623,
      "end" : 626,
      "text" : "not",
      "whiteSpace" : false
    }, {
      "id" : "s8-t4",
      "begin" : 627,
      "end" : 635,
      "text" : "possible",
      "whiteSpace" : false
    }, {
      "id" : "s8-t5",
      "begin" : 636,
      "end" : 637,
      "text" : "I",
      "whiteSpace" : false
    }, {
      "id" : "s8-t6",
      "begin" : 638,
      "end" : 648,
      "text" : "understand",
      "whiteSpace" : false
    }, {
      "id" : "s8-t7",
      "begin" : 648,
      "end" : 649,
      "text" : ".",
      "whiteSpace" : false
    } ]
  }, {
    "id" : "s9",
    "begin" : 650,
    "end" : 718,
    "text" : "Thank you for hearing me out, and I hope to hear back from you soon.",
    "tokens" : [ {
      "id" : "s9-t0",
      "begin" : 650,
      "end" : 655,
      "text" : "Thank",
      "whiteSpace" : false
    }, {
      "id" : "s9-t1",
      "begin" : 656,
      "end" : 659,
      "text" : "you",
      "whiteSpace" : false
    }, {
      "id" : "s9-t2",
      "begin" : 660,
      "end" : 663,
      "text" : "for",
      "whiteSpace" : false
    }, {
      "id" : "s9-t3",
      "begin" : 664,
      "end" : 671,
      "text" : "hearing",
      "whiteSpace" : false
    }, {
      "id" : "s9-t4",
      "begin" : 672,
      "end" : 674,
      "text" : "me",
      "whiteSpace" : false
    }, {
      "id" : "s9-t5",
      "begin" : 675,
      "end" : 678,
      "text" : "out",
      "whiteSpace" : false
    }, {
      "id" : "s9-t6",
      "begin" : 678,
      "end" : 679,
      "text" : ",",
      "whiteSpace" : false
    }, {
      "id" : "s9-t7",
      "begin" : 680,
      "end" : 683,
      "text" : "and",
      "whiteSpace" : false
    }, {
      "id" : "s9-t8",
      "begin" : 684,
      "end" : 685,
      "text" : "I",
      "whiteSpace" : false
    }, {
      "id" : "s9-t9",
      "begin" : 686,
      "end" : 690,
      "text" : "hope",
      "whiteSpace" : false
    }, {
      "id" : "s9-t10",
      "begin" : 691,
      "end" : 693,
      "text" : "to",
      "whiteSpace" : false
    }, {
      "id" : "s9-t11",
      "begin" : 694,
      "end" : 698,
      "text" : "hear",
      "whiteSpace" : false
    }, {
      "id" : "s9-t12",
      "begin" : 699,
      "end" : 703,
      "text" : "back",
      "whiteSpace" : false
    }, {
      "id" : "s9-t13",
      "begin" : 704,
      "end" : 708,
      "text" : "from",
      "whiteSpace" : false
    }, {
      "id" : "s9-t14",
      "begin" : 709,
      "end" : 712,
      "text" : "you",
      "whiteSpace" : false
    }, {
      "id" : "s9-t15",
      "begin" : 713,
      "end" : 717,
      "text" : "soon",
      "whiteSpace" : false
    }, {
      "id" : "s9-t16",
      "begin" : 717,
      "end" : 718,
      "text" : ".",
      "whiteSpace" : false
    } ]
  }, {
    "id" : "s10",
    "begin" : 720,
    "end" : 742,
    "text" : "Sincerely,\n   T. Green",
    "tokens" : [ {
      "id" : "s10-t0",
      "begin" : 720,
      "end" : 729,
      "text" : "Sincerely",
      "whiteSpace" : false
    }, {
      "id" : "s10-t1",
      "begin" : 729,
      "end" : 730,
      "text" : ",",
      "whiteSpace" : false
    }, {
      "id" : "s10-t2",
      "begin" : 734,
      "end" : 736,
      "text" : "T.",
      "whiteSpace" : false
    }, {
      "id" : "s10-t3",
      "begin" : 737,
      "end" : 742,
      "text" : "Green",
      "whiteSpace" : false
    } ]
  } ],
  "mentions" : [ {
    "id" : "s1-m1",
    "properties" : {
      "SIRE_MENTION_ROLE" : "Name",
      "SIRE_ENTITY_SUBTYPE" : "NONE",
      "SIRE_MENTION_TYPE" : "NONE",
      "SIRE_MENTION_CLASS" : "SPC"
    },
    "type" : "Name",
    "begin" : 36,
    "end" : 49,
    "inCoref" : false
  }, {
    "id" : "s5-m1",
    "properties" : {
      "SIRE_MENTION_ROLE" : "DOB",
      "SIRE_ENTITY_SUBTYPE" : "NONE",
      "SIRE_MENTION_TYPE" : "NONE",
      "SIRE_MENTION_CLASS" : "SPC"
    },
    "type" : "DOB",
    "begin" : 414,
    "end" : 427,
    "inCoref" : false
  }, {
    "id" : "s7-m1",
    "properties" : {
      "SIRE_MENTION_ROLE" : "SSN",
      "SIRE_ENTITY_SUBTYPE" : "NONE",
      "SIRE_MENTION_TYPE" : "NONE",
      "SIRE_MENTION_CLASS" : "SPC"
    },
    "type" : "SSN",
    "begin" : 599,
    "end" : 610,
    "inCoref" : false
  }, {
    "id" : "s10-m1",
    "properties" : {
      "SIRE_MENTION_ROLE" : "Name",
      "SIRE_ENTITY_SUBTYPE" : "NONE",
      "SIRE_MENTION_TYPE" : "NONE",
      "SIRE_MENTION_CLASS" : "SPC"
    },
    "type" : "Name",
    "begin" : 734,
    "end" : 742,
    "inCoref" : false
  } ],
  "relations" : [ ],
  "corefs" : [ ],
  "typeResolved" : true,
  "userResolved" : false
}