{
  "id" : "947e4f80-0b82-11e8-83d8-d9ef805288b8-3",
  "name" : "email42.txt",
  "createdDate" : 0,
  "version" : 3,
  "text" : "Hello my good friend,\n\nI understand that you are looking for a new identity. I do not know what is wrong with your current one, nor do I need to know. In fact, i have a feeling that if you were to tell me it would sour our working relationship. In any case, I think that I can help you.\nLately I've had precious few identities \"fall\" into my lap, but I think that I have one that could fit you. A mister Thomas Cooper, a stage magician born March 15th 1977. Recently he \"performed\" his final escape. But of course, nobody knows that; they all thought that it was part of the act. I'm the only one who was working with him at the time, so you're in luck my friend. Nobody else knows he died, and you know you can trust your good friend to have your back.\nI think the last piece of information that will unlock his identity for you is that magic nine-digit number. I am here to provide, 233-43-2489.\nThat should be all you need. This goes without saying, but please do not contact me for a time after this. I'll let it be known that \"Mr. Cooper\" and I have had a falling out, so that you do not need to continue a charade in a circle of friends that would undoubtedly be able to pick out a new personage. We can \"make-up\" at a later date, once the balance of practicing your act and the decay of memory have reached an equilibrium.\nStay well my friend.\n\nSincerely,\n   Your good friend",
  "docLength" : 0,
  "language" : "EN",
  "status" : "SUBMITTED",
  "modifiedDate" : 1517951915371,
  "documentSet" : [ ],
  "preannotation" : [ ],
  "sentences" : [ {
    "id" : "s0",
    "begin" : 0,
    "end" : 21,
    "text" : "Hello my good friend,",
    "tokens" : [ {
      "id" : "s0-t0",
      "begin" : 0,
      "end" : 5,
      "text" : "Hello",
      "whiteSpace" : false
    }, {
      "id" : "s0-t1",
      "begin" : 6,
      "end" : 8,
      "text" : "my",
      "whiteSpace" : false
    }, {
      "id" : "s0-t2",
      "begin" : 9,
      "end" : 13,
      "text" : "good",
      "whiteSpace" : false
    }, {
      "id" : "s0-t3",
      "begin" : 14,
      "end" : 20,
      "text" : "friend",
      "whiteSpace" : false
    }, {
      "id" : "s0-t4",
      "begin" : 20,
      "end" : 21,
      "text" : ",",
      "whiteSpace" : false
    } ]
  }, {
    "id" : "s1",
    "begin" : 23,
    "end" : 76,
    "text" : "I understand that you are looking for a new identity.",
    "tokens" : [ {
      "id" : "s1-t0",
      "begin" : 23,
      "end" : 24,
      "text" : "I",
      "whiteSpace" : false
    }, {
      "id" : "s1-t1",
      "begin" : 25,
      "end" : 35,
      "text" : "understand",
      "whiteSpace" : false
    }, {
      "id" : "s1-t2",
      "begin" : 36,
      "end" : 40,
      "text" : "that",
      "whiteSpace" : false
    }, {
      "id" : "s1-t3",
      "begin" : 41,
      "end" : 44,
      "text" : "you",
      "whiteSpace" : false
    }, {
      "id" : "s1-t4",
      "begin" : 45,
      "end" : 48,
      "text" : "are",
      "whiteSpace" : false
    }, {
      "id" : "s1-t5",
      "begin" : 49,
      "end" : 56,
      "text" : "looking",
      "whiteSpace" : false
    }, {
      "id" : "s1-t6",
      "begin" : 57,
      "end" : 60,
      "text" : "for",
      "whiteSpace" : false
    }, {
      "id" : "s1-t7",
      "begin" : 61,
      "end" : 62,
      "text" : "a",
      "whiteSpace" : false
    }, {
      "id" : "s1-t8",
      "begin" : 63,
      "end" : 66,
      "text" : "new",
      "whiteSpace" : false
    }, {
      "id" : "s1-t9",
      "begin" : 67,
      "end" : 75,
      "text" : "identity",
      "whiteSpace" : false
    }, {
      "id" : "s1-t10",
      "begin" : 75,
      "end" : 76,
      "text" : ".",
      "whiteSpace" : false
    } ]
  }, {
    "id" : "s2",
    "begin" : 77,
    "end" : 150,
    "text" : "I do not know what is wrong with your current one, nor do I need to know.",
    "tokens" : [ {
      "id" : "s2-t0",
      "begin" : 77,
      "end" : 78,
      "text" : "I",
      "whiteSpace" : false
    }, {
      "id" : "s2-t1",
      "begin" : 79,
      "end" : 81,
      "text" : "do",
      "whiteSpace" : false
    }, {
      "id" : "s2-t2",
      "begin" : 82,
      "end" : 85,
      "text" : "not",
      "whiteSpace" : false
    }, {
      "id" : "s2-t3",
      "begin" : 86,
      "end" : 90,
      "text" : "know",
      "whiteSpace" : false
    }, {
      "id" : "s2-t4",
      "begin" : 91,
      "end" : 95,
      "text" : "what",
      "whiteSpace" : false
    }, {
      "id" : "s2-t5",
      "begin" : 96,
      "end" : 98,
      "text" : "is",
      "whiteSpace" : false
    }, {
      "id" : "s2-t6",
      "begin" : 99,
      "end" : 104,
      "text" : "wrong",
      "whiteSpace" : false
    }, {
      "id" : "s2-t7",
      "begin" : 105,
      "end" : 109,
      "text" : "with",
      "whiteSpace" : false
    }, {
      "id" : "s2-t8",
      "begin" : 110,
      "end" : 114,
      "text" : "your",
      "whiteSpace" : false
    }, {
      "id" : "s2-t9",
      "begin" : 115,
      "end" : 122,
      "text" : "current",
      "whiteSpace" : false
    }, {
      "id" : "s2-t10",
      "begin" : 123,
      "end" : 126,
      "text" : "one",
      "whiteSpace" : false
    }, {
      "id" : "s2-t11",
      "begin" : 126,
      "end" : 127,
      "text" : ",",
      "whiteSpace" : false
    }, {
      "id" : "s2-t12",
      "begin" : 128,
      "end" : 131,
      "text" : "nor",
      "whiteSpace" : false
    }, {
      "id" : "s2-t13",
      "begin" : 132,
      "end" : 134,
      "text" : "do",
      "whiteSpace" : false
    }, {
      "id" : "s2-t14",
      "begin" : 135,
      "end" : 136,
      "text" : "I",
      "whiteSpace" : false
    }, {
      "id" : "s2-t15",
      "begin" : 137,
      "end" : 141,
      "text" : "need",
      "whiteSpace" : false
    }, {
      "id" : "s2-t16",
      "begin" : 142,
      "end" : 144,
      "text" : "to",
      "whiteSpace" : false
    }, {
      "id" : "s2-t17",
      "begin" : 145,
      "end" : 149,
      "text" : "know",
      "whiteSpace" : false
    }, {
      "id" : "s2-t18",
      "begin" : 149,
      "end" : 150,
      "text" : ".",
      "whiteSpace" : false
    } ]
  }, {
    "id" : "s3",
    "begin" : 151,
    "end" : 244,
    "text" : "In fact, i have a feeling that if you were to tell me it would sour our working relationship.",
    "tokens" : [ {
      "id" : "s3-t0",
      "begin" : 151,
      "end" : 153,
      "text" : "In",
      "whiteSpace" : false
    }, {
      "id" : "s3-t1",
      "begin" : 154,
      "end" : 158,
      "text" : "fact",
      "whiteSpace" : false
    }, {
      "id" : "s3-t2",
      "begin" : 158,
      "end" : 159,
      "text" : ",",
      "whiteSpace" : false
    }, {
      "id" : "s3-t3",
      "begin" : 160,
      "end" : 161,
      "text" : "i",
      "whiteSpace" : false
    }, {
      "id" : "s3-t4",
      "begin" : 162,
      "end" : 166,
      "text" : "have",
      "whiteSpace" : false
    }, {
      "id" : "s3-t5",
      "begin" : 167,
      "end" : 168,
      "text" : "a",
      "whiteSpace" : false
    }, {
      "id" : "s3-t6",
      "begin" : 169,
      "end" : 176,
      "text" : "feeling",
      "whiteSpace" : false
    }, {
      "id" : "s3-t7",
      "begin" : 177,
      "end" : 181,
      "text" : "that",
      "whiteSpace" : false
    }, {
      "id" : "s3-t8",
      "begin" : 182,
      "end" : 184,
      "text" : "if",
      "whiteSpace" : false
    }, {
      "id" : "s3-t9",
      "begin" : 185,
      "end" : 188,
      "text" : "you",
      "whiteSpace" : false
    }, {
      "id" : "s3-t10",
      "begin" : 189,
      "end" : 193,
      "text" : "were",
      "whiteSpace" : false
    }, {
      "id" : "s3-t11",
      "begin" : 194,
      "end" : 196,
      "text" : "to",
      "whiteSpace" : false
    }, {
      "id" : "s3-t12",
      "begin" : 197,
      "end" : 201,
      "text" : "tell",
      "whiteSpace" : false
    }, {
      "id" : "s3-t13",
      "begin" : 202,
      "end" : 204,
      "text" : "me",
      "whiteSpace" : false
    }, {
      "id" : "s3-t14",
      "begin" : 205,
      "end" : 207,
      "text" : "it",
      "whiteSpace" : false
    }, {
      "id" : "s3-t15",
      "begin" : 208,
      "end" : 213,
      "text" : "would",
      "whiteSpace" : false
    }, {
      "id" : "s3-t16",
      "begin" : 214,
      "end" : 218,
      "text" : "sour",
      "whiteSpace" : false
    }, {
      "id" : "s3-t17",
      "begin" : 219,
      "end" : 222,
      "text" : "our",
      "whiteSpace" : false
    }, {
      "id" : "s3-t18",
      "begin" : 223,
      "end" : 230,
      "text" : "working",
      "whiteSpace" : false
    }, {
      "id" : "s3-t19",
      "begin" : 231,
      "end" : 243,
      "text" : "relationship",
      "whiteSpace" : false
    }, {
      "id" : "s3-t20",
      "begin" : 243,
      "end" : 244,
      "text" : ".",
      "whiteSpace" : false
    } ]
  }, {
    "id" : "s4",
    "begin" : 245,
    "end" : 286,
    "text" : "In any case, I think that I can help you.",
    "tokens" : [ {
      "id" : "s4-t0",
      "begin" : 245,
      "end" : 247,
      "text" : "In",
      "whiteSpace" : false
    }, {
      "id" : "s4-t1",
      "begin" : 248,
      "end" : 251,
      "text" : "any",
      "whiteSpace" : false
    }, {
      "id" : "s4-t2",
      "begin" : 252,
      "end" : 256,
      "text" : "case",
      "whiteSpace" : false
    }, {
      "id" : "s4-t3",
      "begin" : 256,
      "end" : 257,
      "text" : ",",
      "whiteSpace" : false
    }, {
      "id" : "s4-t4",
      "begin" : 258,
      "end" : 259,
      "text" : "I",
      "whiteSpace" : false
    }, {
      "id" : "s4-t5",
      "begin" : 260,
      "end" : 265,
      "text" : "think",
      "whiteSpace" : false
    }, {
      "id" : "s4-t6",
      "begin" : 266,
      "end" : 270,
      "text" : "that",
      "whiteSpace" : false
    }, {
      "id" : "s4-t7",
      "begin" : 271,
      "end" : 272,
      "text" : "I",
      "whiteSpace" : false
    }, {
      "id" : "s4-t8",
      "begin" : 273,
      "end" : 276,
      "text" : "can",
      "whiteSpace" : false
    }, {
      "id" : "s4-t9",
      "begin" : 277,
      "end" : 281,
      "text" : "help",
      "whiteSpace" : false
    }, {
      "id" : "s4-t10",
      "begin" : 282,
      "end" : 285,
      "text" : "you",
      "whiteSpace" : false
    }, {
      "id" : "s4-t11",
      "begin" : 285,
      "end" : 286,
      "text" : ".",
      "whiteSpace" : false
    } ]
  }, {
    "id" : "s5",
    "begin" : 287,
    "end" : 394,
    "text" : "Lately I've had precious few identities \"fall\" into my lap, but I think that I have one that could fit you.",
    "tokens" : [ {
      "id" : "s5-t0",
      "begin" : 287,
      "end" : 293,
      "text" : "Lately",
      "whiteSpace" : false
    }, {
      "id" : "s5-t1",
      "begin" : 294,
      "end" : 295,
      "text" : "I",
      "whiteSpace" : false
    }, {
      "id" : "s5-t2",
      "begin" : 295,
      "end" : 298,
      "text" : "'ve",
      "whiteSpace" : false
    }, {
      "id" : "s5-t3",
      "begin" : 299,
      "end" : 302,
      "text" : "had",
      "whiteSpace" : false
    }, {
      "id" : "s5-t4",
      "begin" : 303,
      "end" : 311,
      "text" : "precious",
      "whiteSpace" : false
    }, {
      "id" : "s5-t5",
      "begin" : 312,
      "end" : 315,
      "text" : "few",
      "whiteSpace" : false
    }, {
      "id" : "s5-t6",
      "begin" : 316,
      "end" : 326,
      "text" : "identities",
      "whiteSpace" : false
    }, {
      "id" : "s5-t7",
      "begin" : 327,
      "end" : 328,
      "text" : "\"",
      "whiteSpace" : false
    }, {
      "id" : "s5-t8",
      "begin" : 328,
      "end" : 332,
      "text" : "fall",
      "whiteSpace" : false
    }, {
      "id" : "s5-t9",
      "begin" : 332,
      "end" : 333,
      "text" : "\"",
      "whiteSpace" : false
    }, {
      "id" : "s5-t10",
      "begin" : 334,
      "end" : 338,
      "text" : "into",
      "whiteSpace" : false
    }, {
      "id" : "s5-t11",
      "begin" : 339,
      "end" : 341,
      "text" : "my",
      "whiteSpace" : false
    }, {
      "id" : "s5-t12",
      "begin" : 342,
      "end" : 345,
      "text" : "lap",
      "whiteSpace" : false
    }, {
      "id" : "s5-t13",
      "begin" : 345,
      "end" : 346,
      "text" : ",",
      "whiteSpace" : false
    }, {
      "id" : "s5-t14",
      "begin" : 347,
      "end" : 350,
      "text" : "but",
      "whiteSpace" : false
    }, {
      "id" : "s5-t15",
      "begin" : 351,
      "end" : 352,
      "text" : "I",
      "whiteSpace" : false
    }, {
      "id" : "s5-t16",
      "begin" : 353,
      "end" : 358,
      "text" : "think",
      "whiteSpace" : false
    }, {
      "id" : "s5-t17",
      "begin" : 359,
      "end" : 363,
      "text" : "that",
      "whiteSpace" : false
    }, {
      "id" : "s5-t18",
      "begin" : 364,
      "end" : 365,
      "text" : "I",
      "whiteSpace" : false
    }, {
      "id" : "s5-t19",
      "begin" : 366,
      "end" : 370,
      "text" : "have",
      "whiteSpace" : false
    }, {
      "id" : "s5-t20",
      "begin" : 371,
      "end" : 374,
      "text" : "one",
      "whiteSpace" : false
    }, {
      "id" : "s5-t21",
      "begin" : 375,
      "end" : 379,
      "text" : "that",
      "whiteSpace" : false
    }, {
      "id" : "s5-t22",
      "begin" : 380,
      "end" : 385,
      "text" : "could",
      "whiteSpace" : false
    }, {
      "id" : "s5-t23",
      "begin" : 386,
      "end" : 389,
      "text" : "fit",
      "whiteSpace" : false
    }, {
      "id" : "s5-t24",
      "begin" : 390,
      "end" : 393,
      "text" : "you",
      "whiteSpace" : false
    }, {
      "id" : "s5-t25",
      "begin" : 393,
      "end" : 394,
      "text" : ".",
      "whiteSpace" : false
    } ]
  }, {
    "id" : "s6",
    "begin" : 395,
    "end" : 457,
    "text" : "A mister Thomas Cooper, a stage magician born March 15th 1977.",
    "tokens" : [ {
      "id" : "s6-t0",
      "begin" : 395,
      "end" : 396,
      "text" : "A",
      "whiteSpace" : false
    }, {
      "id" : "s6-t1",
      "begin" : 397,
      "end" : 403,
      "text" : "mister",
      "whiteSpace" : false
    }, {
      "id" : "s6-t2",
      "begin" : 404,
      "end" : 410,
      "text" : "Thomas",
      "whiteSpace" : false
    }, {
      "id" : "s6-t3",
      "begin" : 411,
      "end" : 417,
      "text" : "Cooper",
      "whiteSpace" : false
    }, {
      "id" : "s6-t4",
      "begin" : 417,
      "end" : 418,
      "text" : ",",
      "whiteSpace" : false
    }, {
      "id" : "s6-t5",
      "begin" : 419,
      "end" : 420,
      "text" : "a",
      "whiteSpace" : false
    }, {
      "id" : "s6-t6",
      "begin" : 421,
      "end" : 426,
      "text" : "stage",
      "whiteSpace" : false
    }, {
      "id" : "s6-t7",
      "begin" : 427,
      "end" : 435,
      "text" : "magician",
      "whiteSpace" : false
    }, {
      "id" : "s6-t8",
      "begin" : 436,
      "end" : 440,
      "text" : "born",
      "whiteSpace" : false
    }, {
      "id" : "s6-t9",
      "begin" : 441,
      "end" : 446,
      "text" : "March",
      "whiteSpace" : false
    }, {
      "id" : "s6-t10",
      "begin" : 447,
      "end" : 451,
      "text" : "15th",
      "whiteSpace" : false
    }, {
      "id" : "s6-t11",
      "begin" : 452,
      "end" : 456,
      "text" : "1977",
      "whiteSpace" : false
    }, {
      "id" : "s6-t12",
      "begin" : 456,
      "end" : 457,
      "text" : ".",
      "whiteSpace" : false
    } ]
  }, {
    "id" : "s7",
    "begin" : 458,
    "end" : 499,
    "text" : "Recently he \"performed\" his final escape.",
    "tokens" : [ {
      "id" : "s7-t0",
      "begin" : 458,
      "end" : 466,
      "text" : "Recently",
      "whiteSpace" : false
    }, {
      "id" : "s7-t1",
      "begin" : 467,
      "end" : 469,
      "text" : "he",
      "whiteSpace" : false
    }, {
      "id" : "s7-t2",
      "begin" : 470,
      "end" : 471,
      "text" : "\"",
      "whiteSpace" : false
    }, {
      "id" : "s7-t3",
      "begin" : 471,
      "end" : 480,
      "text" : "performed",
      "whiteSpace" : false
    }, {
      "id" : "s7-t4",
      "begin" : 480,
      "end" : 481,
      "text" : "\"",
      "whiteSpace" : false
    }, {
      "id" : "s7-t5",
      "begin" : 482,
      "end" : 485,
      "text" : "his",
      "whiteSpace" : false
    }, {
      "id" : "s7-t6",
      "begin" : 486,
      "end" : 491,
      "text" : "final",
      "whiteSpace" : false
    }, {
      "id" : "s7-t7",
      "begin" : 492,
      "end" : 498,
      "text" : "escape",
      "whiteSpace" : false
    }, {
      "id" : "s7-t8",
      "begin" : 498,
      "end" : 499,
      "text" : ".",
      "whiteSpace" : false
    } ]
  }, {
    "id" : "s8",
    "begin" : 500,
    "end" : 579,
    "text" : "But of course, nobody knows that; they all thought that it was part of the act.",
    "tokens" : [ {
      "id" : "s8-t0",
      "begin" : 500,
      "end" : 503,
      "text" : "But",
      "whiteSpace" : false
    }, {
      "id" : "s8-t1",
      "begin" : 504,
      "end" : 506,
      "text" : "of",
      "whiteSpace" : false
    }, {
      "id" : "s8-t2",
      "begin" : 507,
      "end" : 513,
      "text" : "course",
      "whiteSpace" : false
    }, {
      "id" : "s8-t3",
      "begin" : 513,
      "end" : 514,
      "text" : ",",
      "whiteSpace" : false
    }, {
      "id" : "s8-t4",
      "begin" : 515,
      "end" : 521,
      "text" : "nobody",
      "whiteSpace" : false
    }, {
      "id" : "s8-t5",
      "begin" : 522,
      "end" : 527,
      "text" : "knows",
      "whiteSpace" : false
    }, {
      "id" : "s8-t6",
      "begin" : 528,
      "end" : 532,
      "text" : "that",
      "whiteSpace" : false
    }, {
      "id" : "s8-t7",
      "begin" : 532,
      "end" : 533,
      "text" : ";",
      "whiteSpace" : false
    }, {
      "id" : "s8-t8",
      "begin" : 534,
      "end" : 538,
      "text" : "they",
      "whiteSpace" : false
    }, {
      "id" : "s8-t9",
      "begin" : 539,
      "end" : 542,
      "text" : "all",
      "whiteSpace" : false
    }, {
      "id" : "s8-t10",
      "begin" : 543,
      "end" : 550,
      "text" : "thought",
      "whiteSpace" : false
    }, {
      "id" : "s8-t11",
      "begin" : 551,
      "end" : 555,
      "text" : "that",
      "whiteSpace" : false
    }, {
      "id" : "s8-t12",
      "begin" : 556,
      "end" : 558,
      "text" : "it",
      "whiteSpace" : false
    }, {
      "id" : "s8-t13",
      "begin" : 559,
      "end" : 562,
      "text" : "was",
      "whiteSpace" : false
    }, {
      "id" : "s8-t14",
      "begin" : 563,
      "end" : 567,
      "text" : "part",
      "whiteSpace" : false
    }, {
      "id" : "s8-t15",
      "begin" : 568,
      "end" : 570,
      "text" : "of",
      "whiteSpace" : false
    }, {
      "id" : "s8-t16",
      "begin" : 571,
      "end" : 574,
      "text" : "the",
      "whiteSpace" : false
    }, {
      "id" : "s8-t17",
      "begin" : 575,
      "end" : 578,
      "text" : "act",
      "whiteSpace" : false
    }, {
      "id" : "s8-t18",
      "begin" : 578,
      "end" : 579,
      "text" : ".",
      "whiteSpace" : false
    } ]
  }, {
    "id" : "s9",
    "begin" : 580,
    "end" : 663,
    "text" : "I'm the only one who was working with him at the time, so you're in luck my friend.",
    "tokens" : [ {
      "id" : "s9-t0",
      "begin" : 580,
      "end" : 581,
      "text" : "I",
      "whiteSpace" : false
    }, {
      "id" : "s9-t1",
      "begin" : 581,
      "end" : 583,
      "text" : "'m",
      "whiteSpace" : false
    }, {
      "id" : "s9-t2",
      "begin" : 584,
      "end" : 587,
      "text" : "the",
      "whiteSpace" : false
    }, {
      "id" : "s9-t3",
      "begin" : 588,
      "end" : 592,
      "text" : "only",
      "whiteSpace" : false
    }, {
      "id" : "s9-t4",
      "begin" : 593,
      "end" : 596,
      "text" : "one",
      "whiteSpace" : false
    }, {
      "id" : "s9-t5",
      "begin" : 597,
      "end" : 600,
      "text" : "who",
      "whiteSpace" : false
    }, {
      "id" : "s9-t6",
      "begin" : 601,
      "end" : 604,
      "text" : "was",
      "whiteSpace" : false
    }, {
      "id" : "s9-t7",
      "begin" : 605,
      "end" : 612,
      "text" : "working",
      "whiteSpace" : false
    }, {
      "id" : "s9-t8",
      "begin" : 613,
      "end" : 617,
      "text" : "with",
      "whiteSpace" : false
    }, {
      "id" : "s9-t9",
      "begin" : 618,
      "end" : 621,
      "text" : "him",
      "whiteSpace" : false
    }, {
      "id" : "s9-t10",
      "begin" : 622,
      "end" : 624,
      "text" : "at",
      "whiteSpace" : false
    }, {
      "id" : "s9-t11",
      "begin" : 625,
      "end" : 628,
      "text" : "the",
      "whiteSpace" : false
    }, {
      "id" : "s9-t12",
      "begin" : 629,
      "end" : 633,
      "text" : "time",
      "whiteSpace" : false
    }, {
      "id" : "s9-t13",
      "begin" : 633,
      "end" : 634,
      "text" : ",",
      "whiteSpace" : false
    }, {
      "id" : "s9-t14",
      "begin" : 635,
      "end" : 637,
      "text" : "so",
      "whiteSpace" : false
    }, {
      "id" : "s9-t15",
      "begin" : 638,
      "end" : 641,
      "text" : "you",
      "whiteSpace" : false
    }, {
      "id" : "s9-t16",
      "begin" : 641,
      "end" : 644,
      "text" : "'re",
      "whiteSpace" : false
    }, {
      "id" : "s9-t17",
      "begin" : 645,
      "end" : 647,
      "text" : "in",
      "whiteSpace" : false
    }, {
      "id" : "s9-t18",
      "begin" : 648,
      "end" : 652,
      "text" : "luck",
      "whiteSpace" : false
    }, {
      "id" : "s9-t19",
      "begin" : 653,
      "end" : 655,
      "text" : "my",
      "whiteSpace" : false
    }, {
      "id" : "s9-t20",
      "begin" : 656,
      "end" : 662,
      "text" : "friend",
      "whiteSpace" : false
    }, {
      "id" : "s9-t21",
      "begin" : 662,
      "end" : 663,
      "text" : ".",
      "whiteSpace" : false
    } ]
  }, {
    "id" : "s10",
    "begin" : 664,
    "end" : 753,
    "text" : "Nobody else knows he died, and you know you can trust your good friend to have your back.",
    "tokens" : [ {
      "id" : "s10-t0",
      "begin" : 664,
      "end" : 670,
      "text" : "Nobody",
      "whiteSpace" : false
    }, {
      "id" : "s10-t1",
      "begin" : 671,
      "end" : 675,
      "text" : "else",
      "whiteSpace" : false
    }, {
      "id" : "s10-t2",
      "begin" : 676,
      "end" : 681,
      "text" : "knows",
      "whiteSpace" : false
    }, {
      "id" : "s10-t3",
      "begin" : 682,
      "end" : 684,
      "text" : "he",
      "whiteSpace" : false
    }, {
      "id" : "s10-t4",
      "begin" : 685,
      "end" : 689,
      "text" : "died",
      "whiteSpace" : false
    }, {
      "id" : "s10-t5",
      "begin" : 689,
      "end" : 690,
      "text" : ",",
      "whiteSpace" : false
    }, {
      "id" : "s10-t6",
      "begin" : 691,
      "end" : 694,
      "text" : "and",
      "whiteSpace" : false
    }, {
      "id" : "s10-t7",
      "begin" : 695,
      "end" : 698,
      "text" : "you",
      "whiteSpace" : false
    }, {
      "id" : "s10-t8",
      "begin" : 699,
      "end" : 703,
      "text" : "know",
      "whiteSpace" : false
    }, {
      "id" : "s10-t9",
      "begin" : 704,
      "end" : 707,
      "text" : "you",
      "whiteSpace" : false
    }, {
      "id" : "s10-t10",
      "begin" : 708,
      "end" : 711,
      "text" : "can",
      "whiteSpace" : false
    }, {
      "id" : "s10-t11",
      "begin" : 712,
      "end" : 717,
      "text" : "trust",
      "whiteSpace" : false
    }, {
      "id" : "s10-t12",
      "begin" : 718,
      "end" : 722,
      "text" : "your",
      "whiteSpace" : false
    }, {
      "id" : "s10-t13",
      "begin" : 723,
      "end" : 727,
      "text" : "good",
      "whiteSpace" : false
    }, {
      "id" : "s10-t14",
      "begin" : 728,
      "end" : 734,
      "text" : "friend",
      "whiteSpace" : false
    }, {
      "id" : "s10-t15",
      "begin" : 735,
      "end" : 737,
      "text" : "to",
      "whiteSpace" : false
    }, {
      "id" : "s10-t16",
      "begin" : 738,
      "end" : 742,
      "text" : "have",
      "whiteSpace" : false
    }, {
      "id" : "s10-t17",
      "begin" : 743,
      "end" : 747,
      "text" : "your",
      "whiteSpace" : false
    }, {
      "id" : "s10-t18",
      "begin" : 748,
      "end" : 752,
      "text" : "back",
      "whiteSpace" : false
    }, {
      "id" : "s10-t19",
      "begin" : 752,
      "end" : 753,
      "text" : ".",
      "whiteSpace" : false
    } ]
  }, {
    "id" : "s11",
    "begin" : 754,
    "end" : 862,
    "text" : "I think the last piece of information that will unlock his identity for you is that magic nine-digit number.",
    "tokens" : [ {
      "id" : "s11-t0",
      "begin" : 754,
      "end" : 755,
      "text" : "I",
      "whiteSpace" : false
    }, {
      "id" : "s11-t1",
      "begin" : 756,
      "end" : 761,
      "text" : "think",
      "whiteSpace" : false
    }, {
      "id" : "s11-t2",
      "begin" : 762,
      "end" : 765,
      "text" : "the",
      "whiteSpace" : false
    }, {
      "id" : "s11-t3",
      "begin" : 766,
      "end" : 770,
      "text" : "last",
      "whiteSpace" : false
    }, {
      "id" : "s11-t4",
      "begin" : 771,
      "end" : 776,
      "text" : "piece",
      "whiteSpace" : false
    }, {
      "id" : "s11-t5",
      "begin" : 777,
      "end" : 779,
      "text" : "of",
      "whiteSpace" : false
    }, {
      "id" : "s11-t6",
      "begin" : 780,
      "end" : 791,
      "text" : "information",
      "whiteSpace" : false
    }, {
      "id" : "s11-t7",
      "begin" : 792,
      "end" : 796,
      "text" : "that",
      "whiteSpace" : false
    }, {
      "id" : "s11-t8",
      "begin" : 797,
      "end" : 801,
      "text" : "will",
      "whiteSpace" : false
    }, {
      "id" : "s11-t9",
      "begin" : 802,
      "end" : 808,
      "text" : "unlock",
      "whiteSpace" : false
    }, {
      "id" : "s11-t10",
      "begin" : 809,
      "end" : 812,
      "text" : "his",
      "whiteSpace" : false
    }, {
      "id" : "s11-t11",
      "begin" : 813,
      "end" : 821,
      "text" : "identity",
      "whiteSpace" : false
    }, {
      "id" : "s11-t12",
      "begin" : 822,
      "end" : 825,
      "text" : "for",
      "whiteSpace" : false
    }, {
      "id" : "s11-t13",
      "begin" : 826,
      "end" : 829,
      "text" : "you",
      "whiteSpace" : false
    }, {
      "id" : "s11-t14",
      "begin" : 830,
      "end" : 832,
      "text" : "is",
      "whiteSpace" : false
    }, {
      "id" : "s11-t15",
      "begin" : 833,
      "end" : 837,
      "text" : "that",
      "whiteSpace" : false
    }, {
      "id" : "s11-t16",
      "begin" : 838,
      "end" : 843,
      "text" : "magic",
      "whiteSpace" : false
    }, {
      "id" : "s11-t17",
      "begin" : 844,
      "end" : 854,
      "text" : "nine-digit",
      "whiteSpace" : false
    }, {
      "id" : "s11-t18",
      "begin" : 855,
      "end" : 861,
      "text" : "number",
      "whiteSpace" : false
    }, {
      "id" : "s11-t19",
      "begin" : 861,
      "end" : 862,
      "text" : ".",
      "whiteSpace" : false
    } ]
  }, {
    "id" : "s12",
    "begin" : 863,
    "end" : 897,
    "text" : "I am here to provide, 233-43-2489.",
    "tokens" : [ {
      "id" : "s12-t0",
      "begin" : 863,
      "end" : 864,
      "text" : "I",
      "whiteSpace" : false
    }, {
      "id" : "s12-t1",
      "begin" : 865,
      "end" : 867,
      "text" : "am",
      "whiteSpace" : false
    }, {
      "id" : "s12-t2",
      "begin" : 868,
      "end" : 872,
      "text" : "here",
      "whiteSpace" : false
    }, {
      "id" : "s12-t3",
      "begin" : 873,
      "end" : 875,
      "text" : "to",
      "whiteSpace" : false
    }, {
      "id" : "s12-t4",
      "begin" : 876,
      "end" : 883,
      "text" : "provide",
      "whiteSpace" : false
    }, {
      "id" : "s12-t5",
      "begin" : 883,
      "end" : 884,
      "text" : ",",
      "whiteSpace" : false
    }, {
      "id" : "s12-t6",
      "begin" : 885,
      "end" : 896,
      "text" : "233-43-2489",
      "whiteSpace" : false
    }, {
      "id" : "s12-t7",
      "begin" : 896,
      "end" : 897,
      "text" : ".",
      "whiteSpace" : false
    } ]
  }, {
    "id" : "s13",
    "begin" : 898,
    "end" : 926,
    "text" : "That should be all you need.",
    "tokens" : [ {
      "id" : "s13-t0",
      "begin" : 898,
      "end" : 902,
      "text" : "That",
      "whiteSpace" : false
    }, {
      "id" : "s13-t1",
      "begin" : 903,
      "end" : 909,
      "text" : "should",
      "whiteSpace" : false
    }, {
      "id" : "s13-t2",
      "begin" : 910,
      "end" : 912,
      "text" : "be",
      "whiteSpace" : false
    }, {
      "id" : "s13-t3",
      "begin" : 913,
      "end" : 916,
      "text" : "all",
      "whiteSpace" : false
    }, {
      "id" : "s13-t4",
      "begin" : 917,
      "end" : 920,
      "text" : "you",
      "whiteSpace" : false
    }, {
      "id" : "s13-t5",
      "begin" : 921,
      "end" : 925,
      "text" : "need",
      "whiteSpace" : false
    }, {
      "id" : "s13-t6",
      "begin" : 925,
      "end" : 926,
      "text" : ".",
      "whiteSpace" : false
    } ]
  }, {
    "id" : "s14",
    "begin" : 927,
    "end" : 1004,
    "text" : "This goes without saying, but please do not contact me for a time after this.",
    "tokens" : [ {
      "id" : "s14-t0",
      "begin" : 927,
      "end" : 931,
      "text" : "This",
      "whiteSpace" : false
    }, {
      "id" : "s14-t1",
      "begin" : 932,
      "end" : 936,
      "text" : "goes",
      "whiteSpace" : false
    }, {
      "id" : "s14-t2",
      "begin" : 937,
      "end" : 944,
      "text" : "without",
      "whiteSpace" : false
    }, {
      "id" : "s14-t3",
      "begin" : 945,
      "end" : 951,
      "text" : "saying",
      "whiteSpace" : false
    }, {
      "id" : "s14-t4",
      "begin" : 951,
      "end" : 952,
      "text" : ",",
      "whiteSpace" : false
    }, {
      "id" : "s14-t5",
      "begin" : 953,
      "end" : 956,
      "text" : "but",
      "whiteSpace" : false
    }, {
      "id" : "s14-t6",
      "begin" : 957,
      "end" : 963,
      "text" : "please",
      "whiteSpace" : false
    }, {
      "id" : "s14-t7",
      "begin" : 964,
      "end" : 966,
      "text" : "do",
      "whiteSpace" : false
    }, {
      "id" : "s14-t8",
      "begin" : 967,
      "end" : 970,
      "text" : "not",
      "whiteSpace" : false
    }, {
      "id" : "s14-t9",
      "begin" : 971,
      "end" : 978,
      "text" : "contact",
      "whiteSpace" : false
    }, {
      "id" : "s14-t10",
      "begin" : 979,
      "end" : 981,
      "text" : "me",
      "whiteSpace" : false
    }, {
      "id" : "s14-t11",
      "begin" : 982,
      "end" : 985,
      "text" : "for",
      "whiteSpace" : false
    }, {
      "id" : "s14-t12",
      "begin" : 986,
      "end" : 987,
      "text" : "a",
      "whiteSpace" : false
    }, {
      "id" : "s14-t13",
      "begin" : 988,
      "end" : 992,
      "text" : "time",
      "whiteSpace" : false
    }, {
      "id" : "s14-t14",
      "begin" : 993,
      "end" : 998,
      "text" : "after",
      "whiteSpace" : false
    }, {
      "id" : "s14-t15",
      "begin" : 999,
      "end" : 1003,
      "text" : "this",
      "whiteSpace" : false
    }, {
      "id" : "s14-t16",
      "begin" : 1003,
      "end" : 1004,
      "text" : ".",
      "whiteSpace" : false
    } ]
  }, {
    "id" : "s15",
    "begin" : 1005,
    "end" : 1202,
    "text" : "I'll let it be known that \"Mr. Cooper\" and I have had a falling out, so that you do not need to continue a charade in a circle of friends that would undoubtedly be able to pick out a new personage.",
    "tokens" : [ {
      "id" : "s15-t0",
      "begin" : 1005,
      "end" : 1006,
      "text" : "I",
      "whiteSpace" : false
    }, {
      "id" : "s15-t1",
      "begin" : 1006,
      "end" : 1009,
      "text" : "'ll",
      "whiteSpace" : false
    }, {
      "id" : "s15-t2",
      "begin" : 1010,
      "end" : 1013,
      "text" : "let",
      "whiteSpace" : false
    }, {
      "id" : "s15-t3",
      "begin" : 1014,
      "end" : 1016,
      "text" : "it",
      "whiteSpace" : false
    }, {
      "id" : "s15-t4",
      "begin" : 1017,
      "end" : 1019,
      "text" : "be",
      "whiteSpace" : false
    }, {
      "id" : "s15-t5",
      "begin" : 1020,
      "end" : 1025,
      "text" : "known",
      "whiteSpace" : false
    }, {
      "id" : "s15-t6",
      "begin" : 1026,
      "end" : 1030,
      "text" : "that",
      "whiteSpace" : false
    }, {
      "id" : "s15-t7",
      "begin" : 1031,
      "end" : 1032,
      "text" : "\"",
      "whiteSpace" : false
    }, {
      "id" : "s15-t8",
      "begin" : 1032,
      "end" : 1035,
      "text" : "Mr.",
      "whiteSpace" : false
    }, {
      "id" : "s15-t9",
      "begin" : 1036,
      "end" : 1042,
      "text" : "Cooper",
      "whiteSpace" : false
    }, {
      "id" : "s15-t10",
      "begin" : 1042,
      "end" : 1043,
      "text" : "\"",
      "whiteSpace" : false
    }, {
      "id" : "s15-t11",
      "begin" : 1044,
      "end" : 1047,
      "text" : "and",
      "whiteSpace" : false
    }, {
      "id" : "s15-t12",
      "begin" : 1048,
      "end" : 1049,
      "text" : "I",
      "whiteSpace" : false
    }, {
      "id" : "s15-t13",
      "begin" : 1050,
      "end" : 1054,
      "text" : "have",
      "whiteSpace" : false
    }, {
      "id" : "s15-t14",
      "begin" : 1055,
      "end" : 1058,
      "text" : "had",
      "whiteSpace" : false
    }, {
      "id" : "s15-t15",
      "begin" : 1059,
      "end" : 1060,
      "text" : "a",
      "whiteSpace" : false
    }, {
      "id" : "s15-t16",
      "begin" : 1061,
      "end" : 1068,
      "text" : "falling",
      "whiteSpace" : false
    }, {
      "id" : "s15-t17",
      "begin" : 1069,
      "end" : 1072,
      "text" : "out",
      "whiteSpace" : false
    }, {
      "id" : "s15-t18",
      "begin" : 1072,
      "end" : 1073,
      "text" : ",",
      "whiteSpace" : false
    }, {
      "id" : "s15-t19",
      "begin" : 1074,
      "end" : 1076,
      "text" : "so",
      "whiteSpace" : false
    }, {
      "id" : "s15-t20",
      "begin" : 1077,
      "end" : 1081,
      "text" : "that",
      "whiteSpace" : false
    }, {
      "id" : "s15-t21",
      "begin" : 1082,
      "end" : 1085,
      "text" : "you",
      "whiteSpace" : false
    }, {
      "id" : "s15-t22",
      "begin" : 1086,
      "end" : 1088,
      "text" : "do",
      "whiteSpace" : false
    }, {
      "id" : "s15-t23",
      "begin" : 1089,
      "end" : 1092,
      "text" : "not",
      "whiteSpace" : false
    }, {
      "id" : "s15-t24",
      "begin" : 1093,
      "end" : 1097,
      "text" : "need",
      "whiteSpace" : false
    }, {
      "id" : "s15-t25",
      "begin" : 1098,
      "end" : 1100,
      "text" : "to",
      "whiteSpace" : false
    }, {
      "id" : "s15-t26",
      "begin" : 1101,
      "end" : 1109,
      "text" : "continue",
      "whiteSpace" : false
    }, {
      "id" : "s15-t27",
      "begin" : 1110,
      "end" : 1111,
      "text" : "a",
      "whiteSpace" : false
    }, {
      "id" : "s15-t28",
      "begin" : 1112,
      "end" : 1119,
      "text" : "charade",
      "whiteSpace" : false
    }, {
      "id" : "s15-t29",
      "begin" : 1120,
      "end" : 1122,
      "text" : "in",
      "whiteSpace" : false
    }, {
      "id" : "s15-t30",
      "begin" : 1123,
      "end" : 1124,
      "text" : "a",
      "whiteSpace" : false
    }, {
      "id" : "s15-t31",
      "begin" : 1125,
      "end" : 1131,
      "text" : "circle",
      "whiteSpace" : false
    }, {
      "id" : "s15-t32",
      "begin" : 1132,
      "end" : 1134,
      "text" : "of",
      "whiteSpace" : false
    }, {
      "id" : "s15-t33",
      "begin" : 1135,
      "end" : 1142,
      "text" : "friends",
      "whiteSpace" : false
    }, {
      "id" : "s15-t34",
      "begin" : 1143,
      "end" : 1147,
      "text" : "that",
      "whiteSpace" : false
    }, {
      "id" : "s15-t35",
      "begin" : 1148,
      "end" : 1153,
      "text" : "would",
      "whiteSpace" : false
    }, {
      "id" : "s15-t36",
      "begin" : 1154,
      "end" : 1165,
      "text" : "undoubtedly",
      "whiteSpace" : false
    }, {
      "id" : "s15-t37",
      "begin" : 1166,
      "end" : 1168,
      "text" : "be",
      "whiteSpace" : false
    }, {
      "id" : "s15-t38",
      "begin" : 1169,
      "end" : 1173,
      "text" : "able",
      "whiteSpace" : false
    }, {
      "id" : "s15-t39",
      "begin" : 1174,
      "end" : 1176,
      "text" : "to",
      "whiteSpace" : false
    }, {
      "id" : "s15-t40",
      "begin" : 1177,
      "end" : 1181,
      "text" : "pick",
      "whiteSpace" : false
    }, {
      "id" : "s15-t41",
      "begin" : 1182,
      "end" : 1185,
      "text" : "out",
      "whiteSpace" : false
    }, {
      "id" : "s15-t42",
      "begin" : 1186,
      "end" : 1187,
      "text" : "a",
      "whiteSpace" : false
    }, {
      "id" : "s15-t43",
      "begin" : 1188,
      "end" : 1191,
      "text" : "new",
      "whiteSpace" : false
    }, {
      "id" : "s15-t44",
      "begin" : 1192,
      "end" : 1201,
      "text" : "personage",
      "whiteSpace" : false
    }, {
      "id" : "s15-t45",
      "begin" : 1201,
      "end" : 1202,
      "text" : ".",
      "whiteSpace" : false
    } ]
  }, {
    "id" : "s16",
    "begin" : 1203,
    "end" : 1329,
    "text" : "We can \"make-up\" at a later date, once the balance of practicing your act and the decay of memory have reached an equilibrium.",
    "tokens" : [ {
      "id" : "s16-t0",
      "begin" : 1203,
      "end" : 1205,
      "text" : "We",
      "whiteSpace" : false
    }, {
      "id" : "s16-t1",
      "begin" : 1206,
      "end" : 1209,
      "text" : "can",
      "whiteSpace" : false
    }, {
      "id" : "s16-t2",
      "begin" : 1210,
      "end" : 1211,
      "text" : "\"",
      "whiteSpace" : false
    }, {
      "id" : "s16-t3",
      "begin" : 1211,
      "end" : 1218,
      "text" : "make-up",
      "whiteSpace" : false
    }, {
      "id" : "s16-t4",
      "begin" : 1218,
      "end" : 1219,
      "text" : "\"",
      "whiteSpace" : false
    }, {
      "id" : "s16-t5",
      "begin" : 1220,
      "end" : 1222,
      "text" : "at",
      "whiteSpace" : false
    }, {
      "id" : "s16-t6",
      "begin" : 1223,
      "end" : 1224,
      "text" : "a",
      "whiteSpace" : false
    }, {
      "id" : "s16-t7",
      "begin" : 1225,
      "end" : 1230,
      "text" : "later",
      "whiteSpace" : false
    }, {
      "id" : "s16-t8",
      "begin" : 1231,
      "end" : 1235,
      "text" : "date",
      "whiteSpace" : false
    }, {
      "id" : "s16-t9",
      "begin" : 1235,
      "end" : 1236,
      "text" : ",",
      "whiteSpace" : false
    }, {
      "id" : "s16-t10",
      "begin" : 1237,
      "end" : 1241,
      "text" : "once",
      "whiteSpace" : false
    }, {
      "id" : "s16-t11",
      "begin" : 1242,
      "end" : 1245,
      "text" : "the",
      "whiteSpace" : false
    }, {
      "id" : "s16-t12",
      "begin" : 1246,
      "end" : 1253,
      "text" : "balance",
      "whiteSpace" : false
    }, {
      "id" : "s16-t13",
      "begin" : 1254,
      "end" : 1256,
      "text" : "of",
      "whiteSpace" : false
    }, {
      "id" : "s16-t14",
      "begin" : 1257,
      "end" : 1267,
      "text" : "practicing",
      "whiteSpace" : false
    }, {
      "id" : "s16-t15",
      "begin" : 1268,
      "end" : 1272,
      "text" : "your",
      "whiteSpace" : false
    }, {
      "id" : "s16-t16",
      "begin" : 1273,
      "end" : 1276,
      "text" : "act",
      "whiteSpace" : false
    }, {
      "id" : "s16-t17",
      "begin" : 1277,
      "end" : 1280,
      "text" : "and",
      "whiteSpace" : false
    }, {
      "id" : "s16-t18",
      "begin" : 1281,
      "end" : 1284,
      "text" : "the",
      "whiteSpace" : false
    }, {
      "id" : "s16-t19",
      "begin" : 1285,
      "end" : 1290,
      "text" : "decay",
      "whiteSpace" : false
    }, {
      "id" : "s16-t20",
      "begin" : 1291,
      "end" : 1293,
      "text" : "of",
      "whiteSpace" : false
    }, {
      "id" : "s16-t21",
      "begin" : 1294,
      "end" : 1300,
      "text" : "memory",
      "whiteSpace" : false
    }, {
      "id" : "s16-t22",
      "begin" : 1301,
      "end" : 1305,
      "text" : "have",
      "whiteSpace" : false
    }, {
      "id" : "s16-t23",
      "begin" : 1306,
      "end" : 1313,
      "text" : "reached",
      "whiteSpace" : false
    }, {
      "id" : "s16-t24",
      "begin" : 1314,
      "end" : 1316,
      "text" : "an",
      "whiteSpace" : false
    }, {
      "id" : "s16-t25",
      "begin" : 1317,
      "end" : 1328,
      "text" : "equilibrium",
      "whiteSpace" : false
    }, {
      "id" : "s16-t26",
      "begin" : 1328,
      "end" : 1329,
      "text" : ".",
      "whiteSpace" : false
    } ]
  }, {
    "id" : "s17",
    "begin" : 1330,
    "end" : 1350,
    "text" : "Stay well my friend.",
    "tokens" : [ {
      "id" : "s17-t0",
      "begin" : 1330,
      "end" : 1334,
      "text" : "Stay",
      "whiteSpace" : false
    }, {
      "id" : "s17-t1",
      "begin" : 1335,
      "end" : 1339,
      "text" : "well",
      "whiteSpace" : false
    }, {
      "id" : "s17-t2",
      "begin" : 1340,
      "end" : 1342,
      "text" : "my",
      "whiteSpace" : false
    }, {
      "id" : "s17-t3",
      "begin" : 1343,
      "end" : 1349,
      "text" : "friend",
      "whiteSpace" : false
    }, {
      "id" : "s17-t4",
      "begin" : 1349,
      "end" : 1350,
      "text" : ".",
      "whiteSpace" : false
    } ]
  }, {
    "id" : "s18",
    "begin" : 1352,
    "end" : 1382,
    "text" : "Sincerely,\n   Your good friend",
    "tokens" : [ {
      "id" : "s18-t0",
      "begin" : 1352,
      "end" : 1361,
      "text" : "Sincerely",
      "whiteSpace" : false
    }, {
      "id" : "s18-t1",
      "begin" : 1361,
      "end" : 1362,
      "text" : ",",
      "whiteSpace" : false
    }, {
      "id" : "s18-t2",
      "begin" : 1366,
      "end" : 1370,
      "text" : "Your",
      "whiteSpace" : false
    }, {
      "id" : "s18-t3",
      "begin" : 1371,
      "end" : 1375,
      "text" : "good",
      "whiteSpace" : false
    }, {
      "id" : "s18-t4",
      "begin" : 1376,
      "end" : 1382,
      "text" : "friend",
      "whiteSpace" : false
    } ]
  } ],
  "mentions" : [ {
    "id" : "s6-m1",
    "properties" : {
      "SIRE_MENTION_ROLE" : "Name",
      "SIRE_ENTITY_SUBTYPE" : "NONE",
      "SIRE_MENTION_TYPE" : "NONE",
      "SIRE_MENTION_CLASS" : "SPC"
    },
    "type" : "Name",
    "begin" : 404,
    "end" : 417,
    "inCoref" : false
  }, {
    "id" : "s6-m2",
    "properties" : {
      "SIRE_MENTION_ROLE" : "DOB",
      "SIRE_ENTITY_SUBTYPE" : "NONE",
      "SIRE_MENTION_TYPE" : "NONE",
      "SIRE_MENTION_CLASS" : "SPC"
    },
    "type" : "DOB",
    "begin" : 441,
    "end" : 456,
    "inCoref" : false
  }, {
    "id" : "s12-m2",
    "properties" : {
      "SIRE_MENTION_ROLE" : "SSN",
      "SIRE_ENTITY_SUBTYPE" : "NONE",
      "SIRE_MENTION_TYPE" : "NONE",
      "SIRE_MENTION_CLASS" : "SPC"
    },
    "type" : "SSN",
    "begin" : 885,
    "end" : 896,
    "inCoref" : false
  }, {
    "id" : "s15-m1",
    "properties" : {
      "SIRE_MENTION_ROLE" : "Name",
      "SIRE_ENTITY_SUBTYPE" : "NONE",
      "SIRE_MENTION_TYPE" : "NONE",
      "SIRE_MENTION_CLASS" : "SPC"
    },
    "type" : "Name",
    "begin" : 1036,
    "end" : 1042,
    "inCoref" : false
  } ],
  "relations" : [ ],
  "corefs" : [ ],
  "typeResolved" : true,
  "userResolved" : false
}