{
  "id" : "947e4f80-0b82-11e8-83d8-d9ef805288b8-5",
  "name" : "email40.txt",
  "createdDate" : 0,
  "version" : 3,
  "text" : "MEMO TO: security\nSUBJECT: terminated employees\nBODY:\nThe following employee records have been terminated from their respective positions:\nCorie Law, D.O.B. 12/21/1994, SSN 338-22-1255, Employee Id 123229980\nGrant King, D.O.B. 11/23/1994, SSN 843-12-3333, Employee ID 131109133\nGreg Sollom, D.O.B. 02/19/1995, SSN 112-55-4821, Employee ID 234230091\nMary Thurman, D.O.B. 11/22/1995, SSN 192-51-5391, Employee ID 133094881\nPlease deactivate their entry cards. If any of them should still attempt to enter the premises, pleaser escort them out quickly and with as little incident as possible. We do not want to draw unwanted attention to these terminations.\nThank you",
  "docLength" : 0,
  "language" : "EN",
  "status" : "SUBMITTED",
  "modifiedDate" : 1517951732746,
  "documentSet" : [ ],
  "preannotation" : [ ],
  "sentences" : [ {
    "id" : "s0",
    "begin" : 0,
    "end" : 457,
    "text" : "MEMO TO: security\nSUBJECT: terminated employees\nBODY:\nThe following employee records have been terminated from their respective positions:\nCorie Law, D.O.B. 12/21/1994, SSN 338-22-1255, Employee Id 123229980\nGrant King, D.O.B. 11/23/1994, SSN 843-12-3333, Employee ID 131109133\nGreg Sollom, D.O.B. 02/19/1995, SSN 112-55-4821, Employee ID 234230091\nMary Thurman, D.O.B. 11/22/1995, SSN 192-51-5391, Employee ID 133094881\nPlease deactivate their entry cards.",
    "tokens" : [ {
      "id" : "s0-t0",
      "begin" : 0,
      "end" : 4,
      "text" : "MEMO",
      "whiteSpace" : false
    }, {
      "id" : "s0-t1",
      "begin" : 5,
      "end" : 7,
      "text" : "TO",
      "whiteSpace" : false
    }, {
      "id" : "s0-t2",
      "begin" : 7,
      "end" : 8,
      "text" : ":",
      "whiteSpace" : false
    }, {
      "id" : "s0-t3",
      "begin" : 9,
      "end" : 17,
      "text" : "security",
      "whiteSpace" : false
    }, {
      "id" : "s0-t4",
      "begin" : 18,
      "end" : 25,
      "text" : "SUBJECT",
      "whiteSpace" : false
    }, {
      "id" : "s0-t5",
      "begin" : 25,
      "end" : 26,
      "text" : ":",
      "whiteSpace" : false
    }, {
      "id" : "s0-t6",
      "begin" : 27,
      "end" : 37,
      "text" : "terminated",
      "whiteSpace" : false
    }, {
      "id" : "s0-t7",
      "begin" : 38,
      "end" : 47,
      "text" : "employees",
      "whiteSpace" : false
    }, {
      "id" : "s0-t8",
      "begin" : 48,
      "end" : 52,
      "text" : "BODY",
      "whiteSpace" : false
    }, {
      "id" : "s0-t9",
      "begin" : 52,
      "end" : 53,
      "text" : ":",
      "whiteSpace" : false
    }, {
      "id" : "s0-t10",
      "begin" : 54,
      "end" : 57,
      "text" : "The",
      "whiteSpace" : false
    }, {
      "id" : "s0-t11",
      "begin" : 58,
      "end" : 67,
      "text" : "following",
      "whiteSpace" : false
    }, {
      "id" : "s0-t12",
      "begin" : 68,
      "end" : 76,
      "text" : "employee",
      "whiteSpace" : false
    }, {
      "id" : "s0-t13",
      "begin" : 77,
      "end" : 84,
      "text" : "records",
      "whiteSpace" : false
    }, {
      "id" : "s0-t14",
      "begin" : 85,
      "end" : 89,
      "text" : "have",
      "whiteSpace" : false
    }, {
      "id" : "s0-t15",
      "begin" : 90,
      "end" : 94,
      "text" : "been",
      "whiteSpace" : false
    }, {
      "id" : "s0-t16",
      "begin" : 95,
      "end" : 105,
      "text" : "terminated",
      "whiteSpace" : false
    }, {
      "id" : "s0-t17",
      "begin" : 106,
      "end" : 110,
      "text" : "from",
      "whiteSpace" : false
    }, {
      "id" : "s0-t18",
      "begin" : 111,
      "end" : 116,
      "text" : "their",
      "whiteSpace" : false
    }, {
      "id" : "s0-t19",
      "begin" : 117,
      "end" : 127,
      "text" : "respective",
      "whiteSpace" : false
    }, {
      "id" : "s0-t20",
      "begin" : 128,
      "end" : 137,
      "text" : "positions",
      "whiteSpace" : false
    }, {
      "id" : "s0-t21",
      "begin" : 137,
      "end" : 138,
      "text" : ":",
      "whiteSpace" : false
    }, {
      "id" : "s0-t22",
      "begin" : 139,
      "end" : 144,
      "text" : "Corie",
      "whiteSpace" : false
    }, {
      "id" : "s0-t23",
      "begin" : 145,
      "end" : 148,
      "text" : "Law",
      "whiteSpace" : false
    }, {
      "id" : "s0-t24",
      "begin" : 148,
      "end" : 149,
      "text" : ",",
      "whiteSpace" : false
    }, {
      "id" : "s0-t25",
      "begin" : 150,
      "end" : 156,
      "text" : "D.O.B.",
      "whiteSpace" : false
    }, {
      "id" : "s0-t26",
      "begin" : 157,
      "end" : 167,
      "text" : "12/21/1994",
      "whiteSpace" : false
    }, {
      "id" : "s0-t27",
      "begin" : 167,
      "end" : 168,
      "text" : ",",
      "whiteSpace" : false
    }, {
      "id" : "s0-t28",
      "begin" : 169,
      "end" : 172,
      "text" : "SSN",
      "whiteSpace" : false
    }, {
      "id" : "s0-t29",
      "begin" : 173,
      "end" : 184,
      "text" : "338-22-1255",
      "whiteSpace" : false
    }, {
      "id" : "s0-t30",
      "begin" : 184,
      "end" : 185,
      "text" : ",",
      "whiteSpace" : false
    }, {
      "id" : "s0-t31",
      "begin" : 186,
      "end" : 194,
      "text" : "Employee",
      "whiteSpace" : false
    }, {
      "id" : "s0-t32",
      "begin" : 195,
      "end" : 197,
      "text" : "Id",
      "whiteSpace" : false
    }, {
      "id" : "s0-t33",
      "begin" : 198,
      "end" : 207,
      "text" : "123229980",
      "whiteSpace" : false
    }, {
      "id" : "s0-t34",
      "begin" : 208,
      "end" : 213,
      "text" : "Grant",
      "whiteSpace" : false
    }, {
      "id" : "s0-t35",
      "begin" : 214,
      "end" : 218,
      "text" : "King",
      "whiteSpace" : false
    }, {
      "id" : "s0-t36",
      "begin" : 218,
      "end" : 219,
      "text" : ",",
      "whiteSpace" : false
    }, {
      "id" : "s0-t37",
      "begin" : 220,
      "end" : 226,
      "text" : "D.O.B.",
      "whiteSpace" : false
    }, {
      "id" : "s0-t38",
      "begin" : 227,
      "end" : 237,
      "text" : "11/23/1994",
      "whiteSpace" : false
    }, {
      "id" : "s0-t39",
      "begin" : 237,
      "end" : 238,
      "text" : ",",
      "whiteSpace" : false
    }, {
      "id" : "s0-t40",
      "begin" : 239,
      "end" : 242,
      "text" : "SSN",
      "whiteSpace" : false
    }, {
      "id" : "s0-t41",
      "begin" : 243,
      "end" : 254,
      "text" : "843-12-3333",
      "whiteSpace" : false
    }, {
      "id" : "s0-t42",
      "begin" : 254,
      "end" : 255,
      "text" : ",",
      "whiteSpace" : false
    }, {
      "id" : "s0-t43",
      "begin" : 256,
      "end" : 264,
      "text" : "Employee",
      "whiteSpace" : false
    }, {
      "id" : "s0-t44",
      "begin" : 265,
      "end" : 267,
      "text" : "ID",
      "whiteSpace" : false
    }, {
      "id" : "s0-t45",
      "begin" : 268,
      "end" : 277,
      "text" : "131109133",
      "whiteSpace" : false
    }, {
      "id" : "s0-t46",
      "begin" : 278,
      "end" : 282,
      "text" : "Greg",
      "whiteSpace" : false
    }, {
      "id" : "s0-t47",
      "begin" : 283,
      "end" : 289,
      "text" : "Sollom",
      "whiteSpace" : false
    }, {
      "id" : "s0-t48",
      "begin" : 289,
      "end" : 290,
      "text" : ",",
      "whiteSpace" : false
    }, {
      "id" : "s0-t49",
      "begin" : 291,
      "end" : 297,
      "text" : "D.O.B.",
      "whiteSpace" : false
    }, {
      "id" : "s0-t50",
      "begin" : 298,
      "end" : 308,
      "text" : "02/19/1995",
      "whiteSpace" : false
    }, {
      "id" : "s0-t51",
      "begin" : 308,
      "end" : 309,
      "text" : ",",
      "whiteSpace" : false
    }, {
      "id" : "s0-t52",
      "begin" : 310,
      "end" : 313,
      "text" : "SSN",
      "whiteSpace" : false
    }, {
      "id" : "s0-t53",
      "begin" : 314,
      "end" : 325,
      "text" : "112-55-4821",
      "whiteSpace" : false
    }, {
      "id" : "s0-t54",
      "begin" : 325,
      "end" : 326,
      "text" : ",",
      "whiteSpace" : false
    }, {
      "id" : "s0-t55",
      "begin" : 327,
      "end" : 335,
      "text" : "Employee",
      "whiteSpace" : false
    }, {
      "id" : "s0-t56",
      "begin" : 336,
      "end" : 338,
      "text" : "ID",
      "whiteSpace" : false
    }, {
      "id" : "s0-t57",
      "begin" : 339,
      "end" : 348,
      "text" : "234230091",
      "whiteSpace" : false
    }, {
      "id" : "s0-t58",
      "begin" : 349,
      "end" : 353,
      "text" : "Mary",
      "whiteSpace" : false
    }, {
      "id" : "s0-t59",
      "begin" : 354,
      "end" : 361,
      "text" : "Thurman",
      "whiteSpace" : false
    }, {
      "id" : "s0-t60",
      "begin" : 361,
      "end" : 362,
      "text" : ",",
      "whiteSpace" : false
    }, {
      "id" : "s0-t61",
      "begin" : 363,
      "end" : 369,
      "text" : "D.O.B.",
      "whiteSpace" : false
    }, {
      "id" : "s0-t62",
      "begin" : 370,
      "end" : 380,
      "text" : "11/22/1995",
      "whiteSpace" : false
    }, {
      "id" : "s0-t63",
      "begin" : 380,
      "end" : 381,
      "text" : ",",
      "whiteSpace" : false
    }, {
      "id" : "s0-t64",
      "begin" : 382,
      "end" : 385,
      "text" : "SSN",
      "whiteSpace" : false
    }, {
      "id" : "s0-t65",
      "begin" : 386,
      "end" : 397,
      "text" : "192-51-5391",
      "whiteSpace" : false
    }, {
      "id" : "s0-t66",
      "begin" : 397,
      "end" : 398,
      "text" : ",",
      "whiteSpace" : false
    }, {
      "id" : "s0-t67",
      "begin" : 399,
      "end" : 407,
      "text" : "Employee",
      "whiteSpace" : false
    }, {
      "id" : "s0-t68",
      "begin" : 408,
      "end" : 410,
      "text" : "ID",
      "whiteSpace" : false
    }, {
      "id" : "s0-t69",
      "begin" : 411,
      "end" : 420,
      "text" : "133094881",
      "whiteSpace" : false
    }, {
      "id" : "s0-t70",
      "begin" : 421,
      "end" : 427,
      "text" : "Please",
      "whiteSpace" : false
    }, {
      "id" : "s0-t71",
      "begin" : 428,
      "end" : 438,
      "text" : "deactivate",
      "whiteSpace" : false
    }, {
      "id" : "s0-t72",
      "begin" : 439,
      "end" : 444,
      "text" : "their",
      "whiteSpace" : false
    }, {
      "id" : "s0-t73",
      "begin" : 445,
      "end" : 450,
      "text" : "entry",
      "whiteSpace" : false
    }, {
      "id" : "s0-t74",
      "begin" : 451,
      "end" : 456,
      "text" : "cards",
      "whiteSpace" : false
    }, {
      "id" : "s0-t75",
      "begin" : 456,
      "end" : 457,
      "text" : ".",
      "whiteSpace" : false
    } ]
  }, {
    "id" : "s1",
    "begin" : 458,
    "end" : 589,
    "text" : "If any of them should still attempt to enter the premises, pleaser escort them out quickly and with as little incident as possible.",
    "tokens" : [ {
      "id" : "s1-t0",
      "begin" : 458,
      "end" : 460,
      "text" : "If",
      "whiteSpace" : false
    }, {
      "id" : "s1-t1",
      "begin" : 461,
      "end" : 464,
      "text" : "any",
      "whiteSpace" : false
    }, {
      "id" : "s1-t2",
      "begin" : 465,
      "end" : 467,
      "text" : "of",
      "whiteSpace" : false
    }, {
      "id" : "s1-t3",
      "begin" : 468,
      "end" : 472,
      "text" : "them",
      "whiteSpace" : false
    }, {
      "id" : "s1-t4",
      "begin" : 473,
      "end" : 479,
      "text" : "should",
      "whiteSpace" : false
    }, {
      "id" : "s1-t5",
      "begin" : 480,
      "end" : 485,
      "text" : "still",
      "whiteSpace" : false
    }, {
      "id" : "s1-t6",
      "begin" : 486,
      "end" : 493,
      "text" : "attempt",
      "whiteSpace" : false
    }, {
      "id" : "s1-t7",
      "begin" : 494,
      "end" : 496,
      "text" : "to",
      "whiteSpace" : false
    }, {
      "id" : "s1-t8",
      "begin" : 497,
      "end" : 502,
      "text" : "enter",
      "whiteSpace" : false
    }, {
      "id" : "s1-t9",
      "begin" : 503,
      "end" : 506,
      "text" : "the",
      "whiteSpace" : false
    }, {
      "id" : "s1-t10",
      "begin" : 507,
      "end" : 515,
      "text" : "premises",
      "whiteSpace" : false
    }, {
      "id" : "s1-t11",
      "begin" : 515,
      "end" : 516,
      "text" : ",",
      "whiteSpace" : false
    }, {
      "id" : "s1-t12",
      "begin" : 517,
      "end" : 524,
      "text" : "pleaser",
      "whiteSpace" : false
    }, {
      "id" : "s1-t13",
      "begin" : 525,
      "end" : 531,
      "text" : "escort",
      "whiteSpace" : false
    }, {
      "id" : "s1-t14",
      "begin" : 532,
      "end" : 536,
      "text" : "them",
      "whiteSpace" : false
    }, {
      "id" : "s1-t15",
      "begin" : 537,
      "end" : 540,
      "text" : "out",
      "whiteSpace" : false
    }, {
      "id" : "s1-t16",
      "begin" : 541,
      "end" : 548,
      "text" : "quickly",
      "whiteSpace" : false
    }, {
      "id" : "s1-t17",
      "begin" : 549,
      "end" : 552,
      "text" : "and",
      "whiteSpace" : false
    }, {
      "id" : "s1-t18",
      "begin" : 553,
      "end" : 557,
      "text" : "with",
      "whiteSpace" : false
    }, {
      "id" : "s1-t19",
      "begin" : 558,
      "end" : 560,
      "text" : "as",
      "whiteSpace" : false
    }, {
      "id" : "s1-t20",
      "begin" : 561,
      "end" : 567,
      "text" : "little",
      "whiteSpace" : false
    }, {
      "id" : "s1-t21",
      "begin" : 568,
      "end" : 576,
      "text" : "incident",
      "whiteSpace" : false
    }, {
      "id" : "s1-t22",
      "begin" : 577,
      "end" : 579,
      "text" : "as",
      "whiteSpace" : false
    }, {
      "id" : "s1-t23",
      "begin" : 580,
      "end" : 588,
      "text" : "possible",
      "whiteSpace" : false
    }, {
      "id" : "s1-t24",
      "begin" : 588,
      "end" : 589,
      "text" : ".",
      "whiteSpace" : false
    } ]
  }, {
    "id" : "s2",
    "begin" : 590,
    "end" : 654,
    "text" : "We do not want to draw unwanted attention to these terminations.",
    "tokens" : [ {
      "id" : "s2-t0",
      "begin" : 590,
      "end" : 592,
      "text" : "We",
      "whiteSpace" : false
    }, {
      "id" : "s2-t1",
      "begin" : 593,
      "end" : 595,
      "text" : "do",
      "whiteSpace" : false
    }, {
      "id" : "s2-t2",
      "begin" : 596,
      "end" : 599,
      "text" : "not",
      "whiteSpace" : false
    }, {
      "id" : "s2-t3",
      "begin" : 600,
      "end" : 604,
      "text" : "want",
      "whiteSpace" : false
    }, {
      "id" : "s2-t4",
      "begin" : 605,
      "end" : 607,
      "text" : "to",
      "whiteSpace" : false
    }, {
      "id" : "s2-t5",
      "begin" : 608,
      "end" : 612,
      "text" : "draw",
      "whiteSpace" : false
    }, {
      "id" : "s2-t6",
      "begin" : 613,
      "end" : 621,
      "text" : "unwanted",
      "whiteSpace" : false
    }, {
      "id" : "s2-t7",
      "begin" : 622,
      "end" : 631,
      "text" : "attention",
      "whiteSpace" : false
    }, {
      "id" : "s2-t8",
      "begin" : 632,
      "end" : 634,
      "text" : "to",
      "whiteSpace" : false
    }, {
      "id" : "s2-t9",
      "begin" : 635,
      "end" : 640,
      "text" : "these",
      "whiteSpace" : false
    }, {
      "id" : "s2-t10",
      "begin" : 641,
      "end" : 653,
      "text" : "terminations",
      "whiteSpace" : false
    }, {
      "id" : "s2-t11",
      "begin" : 653,
      "end" : 654,
      "text" : ".",
      "whiteSpace" : false
    } ]
  }, {
    "id" : "s3",
    "begin" : 655,
    "end" : 664,
    "text" : "Thank you",
    "tokens" : [ {
      "id" : "s3-t0",
      "begin" : 655,
      "end" : 660,
      "text" : "Thank",
      "whiteSpace" : false
    }, {
      "id" : "s3-t1",
      "begin" : 661,
      "end" : 664,
      "text" : "you",
      "whiteSpace" : false
    } ]
  } ],
  "mentions" : [ {
    "id" : "s0-m1",
    "properties" : {
      "SIRE_MENTION_ROLE" : "Name",
      "SIRE_ENTITY_SUBTYPE" : "NONE",
      "SIRE_MENTION_TYPE" : "NONE",
      "SIRE_MENTION_CLASS" : "SPC"
    },
    "type" : "Name",
    "begin" : 139,
    "end" : 148,
    "inCoref" : false
  }, {
    "id" : "s0-m2",
    "properties" : {
      "SIRE_MENTION_ROLE" : "DOB",
      "SIRE_ENTITY_SUBTYPE" : "NONE",
      "SIRE_MENTION_TYPE" : "NONE",
      "SIRE_MENTION_CLASS" : "SPC"
    },
    "type" : "DOB",
    "begin" : 157,
    "end" : 167,
    "inCoref" : false
  }, {
    "id" : "s0-m3",
    "properties" : {
      "SIRE_MENTION_ROLE" : "SSN",
      "SIRE_ENTITY_SUBTYPE" : "NONE",
      "SIRE_MENTION_TYPE" : "NONE",
      "SIRE_MENTION_CLASS" : "SPC"
    },
    "type" : "SSN",
    "begin" : 173,
    "end" : 184,
    "inCoref" : false
  }, {
    "id" : "s0-m4",
    "properties" : {
      "SIRE_MENTION_ROLE" : "Name",
      "SIRE_ENTITY_SUBTYPE" : "NONE",
      "SIRE_MENTION_TYPE" : "NONE",
      "SIRE_MENTION_CLASS" : "SPC"
    },
    "type" : "Name",
    "begin" : 208,
    "end" : 218,
    "inCoref" : false
  }, {
    "id" : "s0-m5",
    "properties" : {
      "SIRE_MENTION_ROLE" : "DOB",
      "SIRE_ENTITY_SUBTYPE" : "NONE",
      "SIRE_MENTION_TYPE" : "NONE",
      "SIRE_MENTION_CLASS" : "SPC"
    },
    "type" : "DOB",
    "begin" : 227,
    "end" : 237,
    "inCoref" : false
  }, {
    "id" : "s0-m8",
    "properties" : {
      "SIRE_MENTION_ROLE" : "SSN",
      "SIRE_ENTITY_SUBTYPE" : "NONE",
      "SIRE_MENTION_TYPE" : "NONE",
      "SIRE_MENTION_CLASS" : "SPC"
    },
    "type" : "SSN",
    "begin" : 243,
    "end" : 254,
    "inCoref" : false
  }, {
    "id" : "s0-m12",
    "properties" : {
      "SIRE_MENTION_ROLE" : "Name",
      "SIRE_ENTITY_SUBTYPE" : "NONE",
      "SIRE_MENTION_TYPE" : "NONE",
      "SIRE_MENTION_CLASS" : "SPC"
    },
    "type" : "Name",
    "begin" : 278,
    "end" : 289,
    "inCoref" : false
  }, {
    "id" : "s0-m6",
    "properties" : {
      "SIRE_MENTION_ROLE" : "DOB",
      "SIRE_ENTITY_SUBTYPE" : "NONE",
      "SIRE_MENTION_TYPE" : "NONE",
      "SIRE_MENTION_CLASS" : "SPC"
    },
    "type" : "DOB",
    "begin" : 298,
    "end" : 308,
    "inCoref" : false
  }, {
    "id" : "s0-m9",
    "properties" : {
      "SIRE_MENTION_ROLE" : "SSN",
      "SIRE_ENTITY_SUBTYPE" : "NONE",
      "SIRE_MENTION_TYPE" : "NONE",
      "SIRE_MENTION_CLASS" : "SPC"
    },
    "type" : "SSN",
    "begin" : 314,
    "end" : 325,
    "inCoref" : false
  }, {
    "id" : "s0-m11",
    "properties" : {
      "SIRE_MENTION_ROLE" : "Name",
      "SIRE_ENTITY_SUBTYPE" : "NONE",
      "SIRE_MENTION_TYPE" : "NONE",
      "SIRE_MENTION_CLASS" : "SPC"
    },
    "type" : "Name",
    "begin" : 349,
    "end" : 361,
    "inCoref" : false
  }, {
    "id" : "s0-m7",
    "properties" : {
      "SIRE_MENTION_ROLE" : "DOB",
      "SIRE_ENTITY_SUBTYPE" : "NONE",
      "SIRE_MENTION_TYPE" : "NONE",
      "SIRE_MENTION_CLASS" : "SPC"
    },
    "type" : "DOB",
    "begin" : 370,
    "end" : 380,
    "inCoref" : false
  }, {
    "id" : "s0-m10",
    "properties" : {
      "SIRE_MENTION_ROLE" : "SSN",
      "SIRE_ENTITY_SUBTYPE" : "NONE",
      "SIRE_MENTION_TYPE" : "NONE",
      "SIRE_MENTION_CLASS" : "SPC"
    },
    "type" : "SSN",
    "begin" : 386,
    "end" : 397,
    "inCoref" : false
  } ],
  "relations" : [ ],
  "corefs" : [ ],
  "typeResolved" : true,
  "userResolved" : false
}