{
  "id" : "947e4f80-0b82-11e8-83d8-d9ef805288b8-1",
  "name" : "email44.txt",
  "createdDate" : 0,
  "version" : 3,
  "text" : "Hey Beverly,\n\nI was wondering what happened to my ID card that I left at your place. It should have my name, Lauren Worly, and DOB, 12-19-1989, on it. If you find it please give me a call at 832-833-0372.\n\nPS If you also find my Social Security card that would be great. For your reference, my number was 394-34-7284.\n\nThanks\nKevin Jordan",
  "docLength" : 0,
  "language" : "EN",
  "status" : "SUBMITTED",
  "modifiedDate" : 1517952126419,
  "documentSet" : [ ],
  "preannotation" : [ ],
  "sentences" : [ {
    "id" : "s0",
    "begin" : 0,
    "end" : 12,
    "text" : "Hey Beverly,",
    "tokens" : [ {
      "id" : "s0-t0",
      "begin" : 0,
      "end" : 3,
      "text" : "Hey",
      "whiteSpace" : false
    }, {
      "id" : "s0-t1",
      "begin" : 4,
      "end" : 11,
      "text" : "Beverly",
      "whiteSpace" : false
    }, {
      "id" : "s0-t2",
      "begin" : 11,
      "end" : 12,
      "text" : ",",
      "whiteSpace" : false
    } ]
  }, {
    "id" : "s1",
    "begin" : 14,
    "end" : 84,
    "text" : "I was wondering what happened to my ID card that I left at your place.",
    "tokens" : [ {
      "id" : "s1-t0",
      "begin" : 14,
      "end" : 15,
      "text" : "I",
      "whiteSpace" : false
    }, {
      "id" : "s1-t1",
      "begin" : 16,
      "end" : 19,
      "text" : "was",
      "whiteSpace" : false
    }, {
      "id" : "s1-t2",
      "begin" : 20,
      "end" : 29,
      "text" : "wondering",
      "whiteSpace" : false
    }, {
      "id" : "s1-t3",
      "begin" : 30,
      "end" : 34,
      "text" : "what",
      "whiteSpace" : false
    }, {
      "id" : "s1-t4",
      "begin" : 35,
      "end" : 43,
      "text" : "happened",
      "whiteSpace" : false
    }, {
      "id" : "s1-t5",
      "begin" : 44,
      "end" : 46,
      "text" : "to",
      "whiteSpace" : false
    }, {
      "id" : "s1-t6",
      "begin" : 47,
      "end" : 49,
      "text" : "my",
      "whiteSpace" : false
    }, {
      "id" : "s1-t7",
      "begin" : 50,
      "end" : 52,
      "text" : "ID",
      "whiteSpace" : false
    }, {
      "id" : "s1-t8",
      "begin" : 53,
      "end" : 57,
      "text" : "card",
      "whiteSpace" : false
    }, {
      "id" : "s1-t9",
      "begin" : 58,
      "end" : 62,
      "text" : "that",
      "whiteSpace" : false
    }, {
      "id" : "s1-t10",
      "begin" : 63,
      "end" : 64,
      "text" : "I",
      "whiteSpace" : false
    }, {
      "id" : "s1-t11",
      "begin" : 65,
      "end" : 69,
      "text" : "left",
      "whiteSpace" : false
    }, {
      "id" : "s1-t12",
      "begin" : 70,
      "end" : 72,
      "text" : "at",
      "whiteSpace" : false
    }, {
      "id" : "s1-t13",
      "begin" : 73,
      "end" : 77,
      "text" : "your",
      "whiteSpace" : false
    }, {
      "id" : "s1-t14",
      "begin" : 78,
      "end" : 83,
      "text" : "place",
      "whiteSpace" : false
    }, {
      "id" : "s1-t15",
      "begin" : 83,
      "end" : 84,
      "text" : ".",
      "whiteSpace" : false
    } ]
  }, {
    "id" : "s2",
    "begin" : 85,
    "end" : 150,
    "text" : "It should have my name, Lauren Worly, and DOB, 12-19-1989, on it.",
    "tokens" : [ {
      "id" : "s2-t0",
      "begin" : 85,
      "end" : 87,
      "text" : "It",
      "whiteSpace" : false
    }, {
      "id" : "s2-t1",
      "begin" : 88,
      "end" : 94,
      "text" : "should",
      "whiteSpace" : false
    }, {
      "id" : "s2-t2",
      "begin" : 95,
      "end" : 99,
      "text" : "have",
      "whiteSpace" : false
    }, {
      "id" : "s2-t3",
      "begin" : 100,
      "end" : 102,
      "text" : "my",
      "whiteSpace" : false
    }, {
      "id" : "s2-t4",
      "begin" : 103,
      "end" : 107,
      "text" : "name",
      "whiteSpace" : false
    }, {
      "id" : "s2-t5",
      "begin" : 107,
      "end" : 108,
      "text" : ",",
      "whiteSpace" : false
    }, {
      "id" : "s2-t6",
      "begin" : 109,
      "end" : 115,
      "text" : "Lauren",
      "whiteSpace" : false
    }, {
      "id" : "s2-t7",
      "begin" : 116,
      "end" : 121,
      "text" : "Worly",
      "whiteSpace" : false
    }, {
      "id" : "s2-t8",
      "begin" : 121,
      "end" : 122,
      "text" : ",",
      "whiteSpace" : false
    }, {
      "id" : "s2-t9",
      "begin" : 123,
      "end" : 126,
      "text" : "and",
      "whiteSpace" : false
    }, {
      "id" : "s2-t10",
      "begin" : 127,
      "end" : 130,
      "text" : "DOB",
      "whiteSpace" : false
    }, {
      "id" : "s2-t11",
      "begin" : 130,
      "end" : 131,
      "text" : ",",
      "whiteSpace" : false
    }, {
      "id" : "s2-t12",
      "begin" : 132,
      "end" : 142,
      "text" : "12-19-1989",
      "whiteSpace" : false
    }, {
      "id" : "s2-t13",
      "begin" : 142,
      "end" : 143,
      "text" : ",",
      "whiteSpace" : false
    }, {
      "id" : "s2-t14",
      "begin" : 144,
      "end" : 146,
      "text" : "on",
      "whiteSpace" : false
    }, {
      "id" : "s2-t15",
      "begin" : 147,
      "end" : 149,
      "text" : "it",
      "whiteSpace" : false
    }, {
      "id" : "s2-t16",
      "begin" : 149,
      "end" : 150,
      "text" : ".",
      "whiteSpace" : false
    } ]
  }, {
    "id" : "s3",
    "begin" : 151,
    "end" : 204,
    "text" : "If you find it please give me a call at 832-833-0372.",
    "tokens" : [ {
      "id" : "s3-t0",
      "begin" : 151,
      "end" : 153,
      "text" : "If",
      "whiteSpace" : false
    }, {
      "id" : "s3-t1",
      "begin" : 154,
      "end" : 157,
      "text" : "you",
      "whiteSpace" : false
    }, {
      "id" : "s3-t2",
      "begin" : 158,
      "end" : 162,
      "text" : "find",
      "whiteSpace" : false
    }, {
      "id" : "s3-t3",
      "begin" : 163,
      "end" : 165,
      "text" : "it",
      "whiteSpace" : false
    }, {
      "id" : "s3-t4",
      "begin" : 166,
      "end" : 172,
      "text" : "please",
      "whiteSpace" : false
    }, {
      "id" : "s3-t5",
      "begin" : 173,
      "end" : 177,
      "text" : "give",
      "whiteSpace" : false
    }, {
      "id" : "s3-t6",
      "begin" : 178,
      "end" : 180,
      "text" : "me",
      "whiteSpace" : false
    }, {
      "id" : "s3-t7",
      "begin" : 181,
      "end" : 182,
      "text" : "a",
      "whiteSpace" : false
    }, {
      "id" : "s3-t8",
      "begin" : 183,
      "end" : 187,
      "text" : "call",
      "whiteSpace" : false
    }, {
      "id" : "s3-t9",
      "begin" : 188,
      "end" : 190,
      "text" : "at",
      "whiteSpace" : false
    }, {
      "id" : "s3-t10",
      "begin" : 191,
      "end" : 203,
      "text" : "832-833-0372",
      "whiteSpace" : false
    }, {
      "id" : "s3-t11",
      "begin" : 203,
      "end" : 204,
      "text" : ".",
      "whiteSpace" : false
    } ]
  }, {
    "id" : "s4",
    "begin" : 206,
    "end" : 270,
    "text" : "PS If you also find my Social Security card that would be great.",
    "tokens" : [ {
      "id" : "s4-t0",
      "begin" : 206,
      "end" : 208,
      "text" : "PS",
      "whiteSpace" : false
    }, {
      "id" : "s4-t1",
      "begin" : 209,
      "end" : 211,
      "text" : "If",
      "whiteSpace" : false
    }, {
      "id" : "s4-t2",
      "begin" : 212,
      "end" : 215,
      "text" : "you",
      "whiteSpace" : false
    }, {
      "id" : "s4-t3",
      "begin" : 216,
      "end" : 220,
      "text" : "also",
      "whiteSpace" : false
    }, {
      "id" : "s4-t4",
      "begin" : 221,
      "end" : 225,
      "text" : "find",
      "whiteSpace" : false
    }, {
      "id" : "s4-t5",
      "begin" : 226,
      "end" : 228,
      "text" : "my",
      "whiteSpace" : false
    }, {
      "id" : "s4-t6",
      "begin" : 229,
      "end" : 235,
      "text" : "Social",
      "whiteSpace" : false
    }, {
      "id" : "s4-t7",
      "begin" : 236,
      "end" : 244,
      "text" : "Security",
      "whiteSpace" : false
    }, {
      "id" : "s4-t8",
      "begin" : 245,
      "end" : 249,
      "text" : "card",
      "whiteSpace" : false
    }, {
      "id" : "s4-t9",
      "begin" : 250,
      "end" : 254,
      "text" : "that",
      "whiteSpace" : false
    }, {
      "id" : "s4-t10",
      "begin" : 255,
      "end" : 260,
      "text" : "would",
      "whiteSpace" : false
    }, {
      "id" : "s4-t11",
      "begin" : 261,
      "end" : 263,
      "text" : "be",
      "whiteSpace" : false
    }, {
      "id" : "s4-t12",
      "begin" : 264,
      "end" : 269,
      "text" : "great",
      "whiteSpace" : false
    }, {
      "id" : "s4-t13",
      "begin" : 269,
      "end" : 270,
      "text" : ".",
      "whiteSpace" : false
    } ]
  }, {
    "id" : "s5",
    "begin" : 271,
    "end" : 317,
    "text" : "For your reference, my number was 394-34-7284.",
    "tokens" : [ {
      "id" : "s5-t0",
      "begin" : 271,
      "end" : 274,
      "text" : "For",
      "whiteSpace" : false
    }, {
      "id" : "s5-t1",
      "begin" : 275,
      "end" : 279,
      "text" : "your",
      "whiteSpace" : false
    }, {
      "id" : "s5-t2",
      "begin" : 280,
      "end" : 289,
      "text" : "reference",
      "whiteSpace" : false
    }, {
      "id" : "s5-t3",
      "begin" : 289,
      "end" : 290,
      "text" : ",",
      "whiteSpace" : false
    }, {
      "id" : "s5-t4",
      "begin" : 291,
      "end" : 293,
      "text" : "my",
      "whiteSpace" : false
    }, {
      "id" : "s5-t5",
      "begin" : 294,
      "end" : 300,
      "text" : "number",
      "whiteSpace" : false
    }, {
      "id" : "s5-t6",
      "begin" : 301,
      "end" : 304,
      "text" : "was",
      "whiteSpace" : false
    }, {
      "id" : "s5-t7",
      "begin" : 305,
      "end" : 316,
      "text" : "394-34-7284",
      "whiteSpace" : false
    }, {
      "id" : "s5-t8",
      "begin" : 316,
      "end" : 317,
      "text" : ".",
      "whiteSpace" : false
    } ]
  }, {
    "id" : "s6",
    "begin" : 319,
    "end" : 338,
    "text" : "Thanks\nKevin Jordan",
    "tokens" : [ {
      "id" : "s6-t0",
      "begin" : 319,
      "end" : 325,
      "text" : "Thanks",
      "whiteSpace" : false
    }, {
      "id" : "s6-t1",
      "begin" : 326,
      "end" : 331,
      "text" : "Kevin",
      "whiteSpace" : false
    }, {
      "id" : "s6-t2",
      "begin" : 332,
      "end" : 338,
      "text" : "Jordan",
      "whiteSpace" : false
    } ]
  } ],
  "mentions" : [ {
    "id" : "s0-m1",
    "properties" : {
      "SIRE_MENTION_ROLE" : "Name",
      "SIRE_ENTITY_SUBTYPE" : "NONE",
      "SIRE_MENTION_TYPE" : "NONE",
      "SIRE_MENTION_CLASS" : "SPC"
    },
    "type" : "Name",
    "begin" : 4,
    "end" : 11,
    "inCoref" : false
  }, {
    "id" : "s2-m1",
    "properties" : {
      "SIRE_MENTION_ROLE" : "DOB",
      "SIRE_ENTITY_SUBTYPE" : "NONE",
      "SIRE_MENTION_TYPE" : "NONE",
      "SIRE_MENTION_CLASS" : "SPC"
    },
    "type" : "DOB",
    "begin" : 132,
    "end" : 142,
    "inCoref" : false
  }, {
    "id" : "s5-m1",
    "properties" : {
      "SIRE_MENTION_ROLE" : "SSN",
      "SIRE_ENTITY_SUBTYPE" : "NONE",
      "SIRE_MENTION_TYPE" : "NONE",
      "SIRE_MENTION_CLASS" : "SPC"
    },
    "type" : "SSN",
    "begin" : 305,
    "end" : 316,
    "inCoref" : false
  }, {
    "id" : "s6-m1",
    "properties" : {
      "SIRE_MENTION_ROLE" : "Name",
      "SIRE_ENTITY_SUBTYPE" : "NONE",
      "SIRE_MENTION_TYPE" : "NONE",
      "SIRE_MENTION_CLASS" : "SPC"
    },
    "type" : "Name",
    "begin" : 326,
    "end" : 338,
    "inCoref" : false
  } ],
  "relations" : [ ],
  "corefs" : [ ],
  "typeResolved" : true,
  "userResolved" : false
}