{
  "id" : "947e4f80-0b82-11e8-83d8-d9ef805288b8-0",
  "name" : "email45.txt",
  "createdDate" : 0,
  "version" : 3,
  "text" : "Greetings DPS,\n\nHow are you doing today? I am contacting you about my order for a new drivers license. You asked me to give you my SSN (573-82-8320) and DOB (09-17-83) in order to process the new document. Please let me know if you need any other info and I will send it over.\n\nNeel Ruby",
  "docLength" : 0,
  "language" : "EN",
  "status" : "SUBMITTED",
  "modifiedDate" : 1517952177164,
  "documentSet" : [ ],
  "preannotation" : [ ],
  "sentences" : [ {
    "id" : "s0",
    "begin" : 0,
    "end" : 14,
    "text" : "Greetings DPS,",
    "tokens" : [ {
      "id" : "s0-t0",
      "begin" : 0,
      "end" : 9,
      "text" : "Greetings",
      "whiteSpace" : false
    }, {
      "id" : "s0-t1",
      "begin" : 10,
      "end" : 13,
      "text" : "DPS",
      "whiteSpace" : false
    }, {
      "id" : "s0-t2",
      "begin" : 13,
      "end" : 14,
      "text" : ",",
      "whiteSpace" : false
    } ]
  }, {
    "id" : "s1",
    "begin" : 16,
    "end" : 40,
    "text" : "How are you doing today?",
    "tokens" : [ {
      "id" : "s1-t0",
      "begin" : 16,
      "end" : 19,
      "text" : "How",
      "whiteSpace" : false
    }, {
      "id" : "s1-t1",
      "begin" : 20,
      "end" : 23,
      "text" : "are",
      "whiteSpace" : false
    }, {
      "id" : "s1-t2",
      "begin" : 24,
      "end" : 27,
      "text" : "you",
      "whiteSpace" : false
    }, {
      "id" : "s1-t3",
      "begin" : 28,
      "end" : 33,
      "text" : "doing",
      "whiteSpace" : false
    }, {
      "id" : "s1-t4",
      "begin" : 34,
      "end" : 39,
      "text" : "today",
      "whiteSpace" : false
    }, {
      "id" : "s1-t5",
      "begin" : 39,
      "end" : 40,
      "text" : "?",
      "whiteSpace" : false
    } ]
  }, {
    "id" : "s2",
    "begin" : 41,
    "end" : 102,
    "text" : "I am contacting you about my order for a new drivers license.",
    "tokens" : [ {
      "id" : "s2-t0",
      "begin" : 41,
      "end" : 42,
      "text" : "I",
      "whiteSpace" : false
    }, {
      "id" : "s2-t1",
      "begin" : 43,
      "end" : 45,
      "text" : "am",
      "whiteSpace" : false
    }, {
      "id" : "s2-t2",
      "begin" : 46,
      "end" : 56,
      "text" : "contacting",
      "whiteSpace" : false
    }, {
      "id" : "s2-t3",
      "begin" : 57,
      "end" : 60,
      "text" : "you",
      "whiteSpace" : false
    }, {
      "id" : "s2-t4",
      "begin" : 61,
      "end" : 66,
      "text" : "about",
      "whiteSpace" : false
    }, {
      "id" : "s2-t5",
      "begin" : 67,
      "end" : 69,
      "text" : "my",
      "whiteSpace" : false
    }, {
      "id" : "s2-t6",
      "begin" : 70,
      "end" : 75,
      "text" : "order",
      "whiteSpace" : false
    }, {
      "id" : "s2-t7",
      "begin" : 76,
      "end" : 79,
      "text" : "for",
      "whiteSpace" : false
    }, {
      "id" : "s2-t8",
      "begin" : 80,
      "end" : 81,
      "text" : "a",
      "whiteSpace" : false
    }, {
      "id" : "s2-t9",
      "begin" : 82,
      "end" : 85,
      "text" : "new",
      "whiteSpace" : false
    }, {
      "id" : "s2-t10",
      "begin" : 86,
      "end" : 93,
      "text" : "drivers",
      "whiteSpace" : false
    }, {
      "id" : "s2-t11",
      "begin" : 94,
      "end" : 101,
      "text" : "license",
      "whiteSpace" : false
    }, {
      "id" : "s2-t12",
      "begin" : 101,
      "end" : 102,
      "text" : ".",
      "whiteSpace" : false
    } ]
  }, {
    "id" : "s3",
    "begin" : 103,
    "end" : 205,
    "text" : "You asked me to give you my SSN (573-82-8320) and DOB (09-17-83) in order to process the new document.",
    "tokens" : [ {
      "id" : "s3-t0",
      "begin" : 103,
      "end" : 106,
      "text" : "You",
      "whiteSpace" : false
    }, {
      "id" : "s3-t1",
      "begin" : 107,
      "end" : 112,
      "text" : "asked",
      "whiteSpace" : false
    }, {
      "id" : "s3-t2",
      "begin" : 113,
      "end" : 115,
      "text" : "me",
      "whiteSpace" : false
    }, {
      "id" : "s3-t3",
      "begin" : 116,
      "end" : 118,
      "text" : "to",
      "whiteSpace" : false
    }, {
      "id" : "s3-t4",
      "begin" : 119,
      "end" : 123,
      "text" : "give",
      "whiteSpace" : false
    }, {
      "id" : "s3-t5",
      "begin" : 124,
      "end" : 127,
      "text" : "you",
      "whiteSpace" : false
    }, {
      "id" : "s3-t6",
      "begin" : 128,
      "end" : 130,
      "text" : "my",
      "whiteSpace" : false
    }, {
      "id" : "s3-t7",
      "begin" : 131,
      "end" : 134,
      "text" : "SSN",
      "whiteSpace" : false
    }, {
      "id" : "s3-t8",
      "begin" : 135,
      "end" : 136,
      "text" : "(",
      "whiteSpace" : false
    }, {
      "id" : "s3-t9",
      "begin" : 136,
      "end" : 147,
      "text" : "573-82-8320",
      "whiteSpace" : false
    }, {
      "id" : "s3-t10",
      "begin" : 147,
      "end" : 148,
      "text" : ")",
      "whiteSpace" : false
    }, {
      "id" : "s3-t11",
      "begin" : 149,
      "end" : 152,
      "text" : "and",
      "whiteSpace" : false
    }, {
      "id" : "s3-t12",
      "begin" : 153,
      "end" : 156,
      "text" : "DOB",
      "whiteSpace" : false
    }, {
      "id" : "s3-t13",
      "begin" : 157,
      "end" : 158,
      "text" : "(",
      "whiteSpace" : false
    }, {
      "id" : "s3-t14",
      "begin" : 158,
      "end" : 166,
      "text" : "09-17-83",
      "whiteSpace" : false
    }, {
      "id" : "s3-t15",
      "begin" : 166,
      "end" : 167,
      "text" : ")",
      "whiteSpace" : false
    }, {
      "id" : "s3-t16",
      "begin" : 168,
      "end" : 170,
      "text" : "in",
      "whiteSpace" : false
    }, {
      "id" : "s3-t17",
      "begin" : 171,
      "end" : 176,
      "text" : "order",
      "whiteSpace" : false
    }, {
      "id" : "s3-t18",
      "begin" : 177,
      "end" : 179,
      "text" : "to",
      "whiteSpace" : false
    }, {
      "id" : "s3-t19",
      "begin" : 180,
      "end" : 187,
      "text" : "process",
      "whiteSpace" : false
    }, {
      "id" : "s3-t20",
      "begin" : 188,
      "end" : 191,
      "text" : "the",
      "whiteSpace" : false
    }, {
      "id" : "s3-t21",
      "begin" : 192,
      "end" : 195,
      "text" : "new",
      "whiteSpace" : false
    }, {
      "id" : "s3-t22",
      "begin" : 196,
      "end" : 204,
      "text" : "document",
      "whiteSpace" : false
    }, {
      "id" : "s3-t23",
      "begin" : 204,
      "end" : 205,
      "text" : ".",
      "whiteSpace" : false
    } ]
  }, {
    "id" : "s4",
    "begin" : 206,
    "end" : 276,
    "text" : "Please let me know if you need any other info and I will send it over.",
    "tokens" : [ {
      "id" : "s4-t0",
      "begin" : 206,
      "end" : 212,
      "text" : "Please",
      "whiteSpace" : false
    }, {
      "id" : "s4-t1",
      "begin" : 213,
      "end" : 216,
      "text" : "let",
      "whiteSpace" : false
    }, {
      "id" : "s4-t2",
      "begin" : 217,
      "end" : 219,
      "text" : "me",
      "whiteSpace" : false
    }, {
      "id" : "s4-t3",
      "begin" : 220,
      "end" : 224,
      "text" : "know",
      "whiteSpace" : false
    }, {
      "id" : "s4-t4",
      "begin" : 225,
      "end" : 227,
      "text" : "if",
      "whiteSpace" : false
    }, {
      "id" : "s4-t5",
      "begin" : 228,
      "end" : 231,
      "text" : "you",
      "whiteSpace" : false
    }, {
      "id" : "s4-t6",
      "begin" : 232,
      "end" : 236,
      "text" : "need",
      "whiteSpace" : false
    }, {
      "id" : "s4-t7",
      "begin" : 237,
      "end" : 240,
      "text" : "any",
      "whiteSpace" : false
    }, {
      "id" : "s4-t8",
      "begin" : 241,
      "end" : 246,
      "text" : "other",
      "whiteSpace" : false
    }, {
      "id" : "s4-t9",
      "begin" : 247,
      "end" : 251,
      "text" : "info",
      "whiteSpace" : false
    }, {
      "id" : "s4-t10",
      "begin" : 252,
      "end" : 255,
      "text" : "and",
      "whiteSpace" : false
    }, {
      "id" : "s4-t11",
      "begin" : 256,
      "end" : 257,
      "text" : "I",
      "whiteSpace" : false
    }, {
      "id" : "s4-t12",
      "begin" : 258,
      "end" : 262,
      "text" : "will",
      "whiteSpace" : false
    }, {
      "id" : "s4-t13",
      "begin" : 263,
      "end" : 267,
      "text" : "send",
      "whiteSpace" : false
    }, {
      "id" : "s4-t14",
      "begin" : 268,
      "end" : 270,
      "text" : "it",
      "whiteSpace" : false
    }, {
      "id" : "s4-t15",
      "begin" : 271,
      "end" : 275,
      "text" : "over",
      "whiteSpace" : false
    }, {
      "id" : "s4-t16",
      "begin" : 275,
      "end" : 276,
      "text" : ".",
      "whiteSpace" : false
    } ]
  }, {
    "id" : "s5",
    "begin" : 278,
    "end" : 287,
    "text" : "Neel Ruby",
    "tokens" : [ {
      "id" : "s5-t0",
      "begin" : 278,
      "end" : 282,
      "text" : "Neel",
      "whiteSpace" : false
    }, {
      "id" : "s5-t1",
      "begin" : 283,
      "end" : 287,
      "text" : "Ruby",
      "whiteSpace" : false
    } ]
  } ],
  "mentions" : [ {
    "id" : "s3-m1",
    "properties" : {
      "SIRE_MENTION_ROLE" : "SSN",
      "SIRE_ENTITY_SUBTYPE" : "NONE",
      "SIRE_MENTION_TYPE" : "NONE",
      "SIRE_MENTION_CLASS" : "SPC"
    },
    "type" : "SSN",
    "begin" : 136,
    "end" : 147,
    "inCoref" : false
  }, {
    "id" : "s3-m2",
    "properties" : {
      "SIRE_MENTION_ROLE" : "DOB",
      "SIRE_ENTITY_SUBTYPE" : "NONE",
      "SIRE_MENTION_TYPE" : "NONE",
      "SIRE_MENTION_CLASS" : "SPC"
    },
    "type" : "DOB",
    "begin" : 158,
    "end" : 166,
    "inCoref" : false
  }, {
    "id" : "s5-m1",
    "properties" : {
      "SIRE_MENTION_ROLE" : "Name",
      "SIRE_ENTITY_SUBTYPE" : "NONE",
      "SIRE_MENTION_TYPE" : "NONE",
      "SIRE_MENTION_CLASS" : "SPC"
    },
    "type" : "Name",
    "begin" : 278,
    "end" : 287,
    "inCoref" : false
  } ],
  "relations" : [ ],
  "corefs" : [ ],
  "typeResolved" : true,
  "userResolved" : false
}