{
  "id" : "af593e80-f644-11e7-b355-e1e7b84c3f3c-0",
  "name" : "email27.txt",
  "createdDate" : 0,
  "version" : 3,
  "text" : "Hey Zain,\nI got your email. I think the car looks good, and I want to put a deposit on it. My AMEX number is 356-755622-54002, exp 01/18 with verification code of 2313. If you need to initiate the transfer with the DMV, my driver's license is 12334534-234 and my SSN is 395-06-2436.\nThanks!\nPT",
  "docLength" : 0,
  "language" : "EN",
  "status" : "SUBMITTED",
  "modifiedDate" : 1515616544347,
  "documentSet" : [ ],
  "preannotation" : [ "PRE_SIRE" ],
  "sentences" : [ {
    "id" : "s0",
    "begin" : 0,
    "end" : 27,
    "text" : "Hey Zain,\nI got your email.",
    "tokens" : [ {
      "id" : "s0-t0",
      "begin" : 0,
      "end" : 3,
      "text" : "Hey",
      "whiteSpace" : false
    }, {
      "id" : "s0-t1",
      "begin" : 4,
      "end" : 8,
      "text" : "Zain",
      "whiteSpace" : false
    }, {
      "id" : "s0-t2",
      "begin" : 8,
      "end" : 9,
      "text" : ",",
      "whiteSpace" : false
    }, {
      "id" : "s0-t3",
      "begin" : 10,
      "end" : 11,
      "text" : "I",
      "whiteSpace" : false
    }, {
      "id" : "s0-t4",
      "begin" : 12,
      "end" : 15,
      "text" : "got",
      "whiteSpace" : false
    }, {
      "id" : "s0-t5",
      "begin" : 16,
      "end" : 20,
      "text" : "your",
      "whiteSpace" : false
    }, {
      "id" : "s0-t6",
      "begin" : 21,
      "end" : 26,
      "text" : "email",
      "whiteSpace" : false
    }, {
      "id" : "s0-t7",
      "begin" : 26,
      "end" : 27,
      "text" : ".",
      "whiteSpace" : false
    } ]
  }, {
    "id" : "s1",
    "begin" : 28,
    "end" : 90,
    "text" : "I think the car looks good, and I want to put a deposit on it.",
    "tokens" : [ {
      "id" : "s1-t0",
      "begin" : 28,
      "end" : 29,
      "text" : "I",
      "whiteSpace" : false
    }, {
      "id" : "s1-t1",
      "begin" : 30,
      "end" : 35,
      "text" : "think",
      "whiteSpace" : false
    }, {
      "id" : "s1-t2",
      "begin" : 36,
      "end" : 39,
      "text" : "the",
      "whiteSpace" : false
    }, {
      "id" : "s1-t3",
      "begin" : 40,
      "end" : 43,
      "text" : "car",
      "whiteSpace" : false
    }, {
      "id" : "s1-t4",
      "begin" : 44,
      "end" : 49,
      "text" : "looks",
      "whiteSpace" : false
    }, {
      "id" : "s1-t5",
      "begin" : 50,
      "end" : 54,
      "text" : "good",
      "whiteSpace" : false
    }, {
      "id" : "s1-t6",
      "begin" : 54,
      "end" : 55,
      "text" : ",",
      "whiteSpace" : false
    }, {
      "id" : "s1-t7",
      "begin" : 56,
      "end" : 59,
      "text" : "and",
      "whiteSpace" : false
    }, {
      "id" : "s1-t8",
      "begin" : 60,
      "end" : 61,
      "text" : "I",
      "whiteSpace" : false
    }, {
      "id" : "s1-t9",
      "begin" : 62,
      "end" : 66,
      "text" : "want",
      "whiteSpace" : false
    }, {
      "id" : "s1-t10",
      "begin" : 67,
      "end" : 69,
      "text" : "to",
      "whiteSpace" : false
    }, {
      "id" : "s1-t11",
      "begin" : 70,
      "end" : 73,
      "text" : "put",
      "whiteSpace" : false
    }, {
      "id" : "s1-t12",
      "begin" : 74,
      "end" : 75,
      "text" : "a",
      "whiteSpace" : false
    }, {
      "id" : "s1-t13",
      "begin" : 76,
      "end" : 83,
      "text" : "deposit",
      "whiteSpace" : false
    }, {
      "id" : "s1-t14",
      "begin" : 84,
      "end" : 86,
      "text" : "on",
      "whiteSpace" : false
    }, {
      "id" : "s1-t15",
      "begin" : 87,
      "end" : 89,
      "text" : "it",
      "whiteSpace" : false
    }, {
      "id" : "s1-t16",
      "begin" : 89,
      "end" : 90,
      "text" : ".",
      "whiteSpace" : false
    } ]
  }, {
    "id" : "s2",
    "begin" : 91,
    "end" : 168,
    "text" : "My AMEX number is 356-755622-54002, exp 01/18 with verification code of 2313.",
    "tokens" : [ {
      "id" : "s2-t0",
      "begin" : 91,
      "end" : 93,
      "text" : "My",
      "whiteSpace" : false
    }, {
      "id" : "s2-t1",
      "begin" : 94,
      "end" : 98,
      "text" : "AMEX",
      "whiteSpace" : false
    }, {
      "id" : "s2-t2",
      "begin" : 99,
      "end" : 105,
      "text" : "number",
      "whiteSpace" : false
    }, {
      "id" : "s2-t3",
      "begin" : 106,
      "end" : 108,
      "text" : "is",
      "whiteSpace" : false
    }, {
      "id" : "s2-t4",
      "begin" : 109,
      "end" : 125,
      "text" : "356-755622-54002",
      "whiteSpace" : false
    }, {
      "id" : "s2-t5",
      "begin" : 125,
      "end" : 126,
      "text" : ",",
      "whiteSpace" : false
    }, {
      "id" : "s2-t6",
      "begin" : 127,
      "end" : 130,
      "text" : "exp",
      "whiteSpace" : false
    }, {
      "id" : "s2-t7",
      "begin" : 131,
      "end" : 136,
      "text" : "01/18",
      "whiteSpace" : false
    }, {
      "id" : "s2-t8",
      "begin" : 137,
      "end" : 141,
      "text" : "with",
      "whiteSpace" : false
    }, {
      "id" : "s2-t9",
      "begin" : 142,
      "end" : 154,
      "text" : "verification",
      "whiteSpace" : false
    }, {
      "id" : "s2-t10",
      "begin" : 155,
      "end" : 159,
      "text" : "code",
      "whiteSpace" : false
    }, {
      "id" : "s2-t11",
      "begin" : 160,
      "end" : 162,
      "text" : "of",
      "whiteSpace" : false
    }, {
      "id" : "s2-t12",
      "begin" : 163,
      "end" : 167,
      "text" : "2313",
      "whiteSpace" : false
    }, {
      "id" : "s2-t13",
      "begin" : 167,
      "end" : 168,
      "text" : ".",
      "whiteSpace" : false
    } ]
  }, {
    "id" : "s3",
    "begin" : 169,
    "end" : 282,
    "text" : "If you need to initiate the transfer with the DMV, my driver's license is 12334534-234 and my SSN is 395-06-2436.",
    "tokens" : [ {
      "id" : "s3-t0",
      "begin" : 169,
      "end" : 171,
      "text" : "If",
      "whiteSpace" : false
    }, {
      "id" : "s3-t1",
      "begin" : 172,
      "end" : 175,
      "text" : "you",
      "whiteSpace" : false
    }, {
      "id" : "s3-t2",
      "begin" : 176,
      "end" : 180,
      "text" : "need",
      "whiteSpace" : false
    }, {
      "id" : "s3-t3",
      "begin" : 181,
      "end" : 183,
      "text" : "to",
      "whiteSpace" : false
    }, {
      "id" : "s3-t4",
      "begin" : 184,
      "end" : 192,
      "text" : "initiate",
      "whiteSpace" : false
    }, {
      "id" : "s3-t5",
      "begin" : 193,
      "end" : 196,
      "text" : "the",
      "whiteSpace" : false
    }, {
      "id" : "s3-t6",
      "begin" : 197,
      "end" : 205,
      "text" : "transfer",
      "whiteSpace" : false
    }, {
      "id" : "s3-t7",
      "begin" : 206,
      "end" : 210,
      "text" : "with",
      "whiteSpace" : false
    }, {
      "id" : "s3-t8",
      "begin" : 211,
      "end" : 214,
      "text" : "the",
      "whiteSpace" : false
    }, {
      "id" : "s3-t9",
      "begin" : 215,
      "end" : 218,
      "text" : "DMV",
      "whiteSpace" : false
    }, {
      "id" : "s3-t10",
      "begin" : 218,
      "end" : 219,
      "text" : ",",
      "whiteSpace" : false
    }, {
      "id" : "s3-t11",
      "begin" : 220,
      "end" : 222,
      "text" : "my",
      "whiteSpace" : false
    }, {
      "id" : "s3-t12",
      "begin" : 223,
      "end" : 229,
      "text" : "driver",
      "whiteSpace" : false
    }, {
      "id" : "s3-t13",
      "begin" : 229,
      "end" : 231,
      "text" : "'s",
      "whiteSpace" : false
    }, {
      "id" : "s3-t14",
      "begin" : 232,
      "end" : 239,
      "text" : "license",
      "whiteSpace" : false
    }, {
      "id" : "s3-t15",
      "begin" : 240,
      "end" : 242,
      "text" : "is",
      "whiteSpace" : false
    }, {
      "id" : "s3-t16",
      "begin" : 243,
      "end" : 255,
      "text" : "12334534-234",
      "whiteSpace" : false
    }, {
      "id" : "s3-t17",
      "begin" : 256,
      "end" : 259,
      "text" : "and",
      "whiteSpace" : false
    }, {
      "id" : "s3-t18",
      "begin" : 260,
      "end" : 262,
      "text" : "my",
      "whiteSpace" : false
    }, {
      "id" : "s3-t19",
      "begin" : 263,
      "end" : 266,
      "text" : "SSN",
      "whiteSpace" : false
    }, {
      "id" : "s3-t20",
      "begin" : 267,
      "end" : 269,
      "text" : "is",
      "whiteSpace" : false
    }, {
      "id" : "s3-t21",
      "begin" : 270,
      "end" : 281,
      "text" : "395-06-2436",
      "whiteSpace" : false
    }, {
      "id" : "s3-t22",
      "begin" : 281,
      "end" : 282,
      "text" : ".",
      "whiteSpace" : false
    } ]
  }, {
    "id" : "s4",
    "begin" : 283,
    "end" : 290,
    "text" : "Thanks!",
    "tokens" : [ {
      "id" : "s4-t0",
      "begin" : 283,
      "end" : 289,
      "text" : "Thanks",
      "whiteSpace" : false
    }, {
      "id" : "s4-t1",
      "begin" : 289,
      "end" : 290,
      "text" : "!",
      "whiteSpace" : false
    } ]
  }, {
    "id" : "s5",
    "begin" : 291,
    "end" : 293,
    "text" : "PT",
    "tokens" : [ {
      "id" : "s5-t0",
      "begin" : 291,
      "end" : 293,
      "text" : "PT",
      "whiteSpace" : false
    } ]
  } ],
  "mentions" : [ {
    "id" : "-M0",
    "properties" : {
      "SIRE_MENTION_CLASS" : "SPC",
      "SIRE_MENTION_ROLE" : "Name",
      "SIRE_ENTITY_LEVEL" : "NONE",
      "SIRE_MENTION_TYPE" : "NONE",
      "SIRE_ENTITY_CLASS" : "SPC",
      "SIRE_ENTITY_SUBTYPE" : "NONE"
    },
    "type" : "Name",
    "begin" : 4,
    "end" : 8,
    "inCoref" : false
  }, {
    "id" : "-M2",
    "properties" : {
      "SIRE_MENTION_CLASS" : "SPC",
      "SIRE_MENTION_ROLE" : "SSN",
      "SIRE_ENTITY_LEVEL" : "NONE",
      "SIRE_MENTION_TYPE" : "NONE",
      "SIRE_ENTITY_CLASS" : "SPC",
      "SIRE_ENTITY_SUBTYPE" : "NONE"
    },
    "type" : "SSN",
    "begin" : 270,
    "end" : 281,
    "inCoref" : false
  } ],
  "relations" : [ ],
  "corefs" : [ ],
  "typeResolved" : true,
  "userResolved" : false
}