{
  "id" : "d5272900-f7ee-11e7-bf50-59da7db46d70-0",
  "name" : "email36.txt",
  "createdDate" : 0,
  "version" : 3,
  "text" : "Hi Brian,\n\nThis is to confirm that my patient Barbie West with a social of 222-15-9456 and birth day of 12/23/1925 will be away next week.\n\nAlso, my other patient, Dory Nemo with birth day 2001/24/04 and ssn is 414-55-2131 will also be away.\n\nThanks,\nMagic Johnson\n",
  "docLength" : 0,
  "language" : "EN",
  "status" : "SUBMITTED",
  "modifiedDate" : 1516381641372,
  "documentSet" : [ ],
  "preannotation" : [ "PRE_SIRE" ],
  "sentences" : [ {
    "id" : "s0",
    "begin" : 0,
    "end" : 9,
    "text" : "Hi Brian,",
    "tokens" : [ {
      "id" : "s0-t0",
      "begin" : 0,
      "end" : 2,
      "text" : "Hi",
      "whiteSpace" : false
    }, {
      "id" : "s0-t1",
      "begin" : 3,
      "end" : 8,
      "text" : "Brian",
      "whiteSpace" : false
    }, {
      "id" : "s0-t2",
      "begin" : 8,
      "end" : 9,
      "text" : ",",
      "whiteSpace" : false
    } ]
  }, {
    "id" : "s1",
    "begin" : 11,
    "end" : 138,
    "text" : "This is to confirm that my patient Barbie West with a social of 222-15-9456 and birth day of 12/23/1925 will be away next week.",
    "tokens" : [ {
      "id" : "s1-t0",
      "begin" : 11,
      "end" : 15,
      "text" : "This",
      "whiteSpace" : false
    }, {
      "id" : "s1-t1",
      "begin" : 16,
      "end" : 18,
      "text" : "is",
      "whiteSpace" : false
    }, {
      "id" : "s1-t2",
      "begin" : 19,
      "end" : 21,
      "text" : "to",
      "whiteSpace" : false
    }, {
      "id" : "s1-t3",
      "begin" : 22,
      "end" : 29,
      "text" : "confirm",
      "whiteSpace" : false
    }, {
      "id" : "s1-t4",
      "begin" : 30,
      "end" : 34,
      "text" : "that",
      "whiteSpace" : false
    }, {
      "id" : "s1-t5",
      "begin" : 35,
      "end" : 37,
      "text" : "my",
      "whiteSpace" : false
    }, {
      "id" : "s1-t6",
      "begin" : 38,
      "end" : 45,
      "text" : "patient",
      "whiteSpace" : false
    }, {
      "id" : "s1-t7",
      "begin" : 46,
      "end" : 52,
      "text" : "Barbie",
      "whiteSpace" : false
    }, {
      "id" : "s1-t8",
      "begin" : 53,
      "end" : 57,
      "text" : "West",
      "whiteSpace" : false
    }, {
      "id" : "s1-t9",
      "begin" : 58,
      "end" : 62,
      "text" : "with",
      "whiteSpace" : false
    }, {
      "id" : "s1-t10",
      "begin" : 63,
      "end" : 64,
      "text" : "a",
      "whiteSpace" : false
    }, {
      "id" : "s1-t11",
      "begin" : 65,
      "end" : 71,
      "text" : "social",
      "whiteSpace" : false
    }, {
      "id" : "s1-t12",
      "begin" : 72,
      "end" : 74,
      "text" : "of",
      "whiteSpace" : false
    }, {
      "id" : "s1-t13",
      "begin" : 75,
      "end" : 81,
      "text" : "222-15",
      "whiteSpace" : false
    }, {
      "id" : "s1-t14",
      "begin" : 81,
      "end" : 86,
      "text" : "-9456",
      "whiteSpace" : false
    }, {
      "id" : "s1-t15",
      "begin" : 87,
      "end" : 90,
      "text" : "and",
      "whiteSpace" : false
    }, {
      "id" : "s1-t16",
      "begin" : 91,
      "end" : 96,
      "text" : "birth",
      "whiteSpace" : false
    }, {
      "id" : "s1-t17",
      "begin" : 97,
      "end" : 100,
      "text" : "day",
      "whiteSpace" : false
    }, {
      "id" : "s1-t18",
      "begin" : 101,
      "end" : 103,
      "text" : "of",
      "whiteSpace" : false
    }, {
      "id" : "s1-t19",
      "begin" : 104,
      "end" : 114,
      "text" : "12/23/1925",
      "whiteSpace" : false
    }, {
      "id" : "s1-t20",
      "begin" : 115,
      "end" : 119,
      "text" : "will",
      "whiteSpace" : false
    }, {
      "id" : "s1-t21",
      "begin" : 120,
      "end" : 122,
      "text" : "be",
      "whiteSpace" : false
    }, {
      "id" : "s1-t22",
      "begin" : 123,
      "end" : 127,
      "text" : "away",
      "whiteSpace" : false
    }, {
      "id" : "s1-t23",
      "begin" : 128,
      "end" : 132,
      "text" : "next",
      "whiteSpace" : false
    }, {
      "id" : "s1-t24",
      "begin" : 133,
      "end" : 137,
      "text" : "week",
      "whiteSpace" : false
    }, {
      "id" : "s1-t25",
      "begin" : 137,
      "end" : 138,
      "text" : ".",
      "whiteSpace" : false
    } ]
  }, {
    "id" : "s2",
    "begin" : 140,
    "end" : 241,
    "text" : "Also, my other patient, Dory Nemo with birth day 2001/24/04 and ssn is 414-55-2131 will also be away.",
    "tokens" : [ {
      "id" : "s2-t0",
      "begin" : 140,
      "end" : 144,
      "text" : "Also",
      "whiteSpace" : false
    }, {
      "id" : "s2-t1",
      "begin" : 144,
      "end" : 145,
      "text" : ",",
      "whiteSpace" : false
    }, {
      "id" : "s2-t2",
      "begin" : 146,
      "end" : 148,
      "text" : "my",
      "whiteSpace" : false
    }, {
      "id" : "s2-t3",
      "begin" : 149,
      "end" : 154,
      "text" : "other",
      "whiteSpace" : false
    }, {
      "id" : "s2-t4",
      "begin" : 155,
      "end" : 162,
      "text" : "patient",
      "whiteSpace" : false
    }, {
      "id" : "s2-t5",
      "begin" : 162,
      "end" : 163,
      "text" : ",",
      "whiteSpace" : false
    }, {
      "id" : "s2-t6",
      "begin" : 164,
      "end" : 168,
      "text" : "Dory",
      "whiteSpace" : false
    }, {
      "id" : "s2-t7",
      "begin" : 169,
      "end" : 173,
      "text" : "Nemo",
      "whiteSpace" : false
    }, {
      "id" : "s2-t8",
      "begin" : 174,
      "end" : 178,
      "text" : "with",
      "whiteSpace" : false
    }, {
      "id" : "s2-t9",
      "begin" : 179,
      "end" : 184,
      "text" : "birth",
      "whiteSpace" : false
    }, {
      "id" : "s2-t10",
      "begin" : 185,
      "end" : 188,
      "text" : "day",
      "whiteSpace" : false
    }, {
      "id" : "s2-t11",
      "begin" : 189,
      "end" : 199,
      "text" : "2001/24/04",
      "whiteSpace" : false
    }, {
      "id" : "s2-t12",
      "begin" : 200,
      "end" : 203,
      "text" : "and",
      "whiteSpace" : false
    }, {
      "id" : "s2-t13",
      "begin" : 204,
      "end" : 207,
      "text" : "ssn",
      "whiteSpace" : false
    }, {
      "id" : "s2-t14",
      "begin" : 208,
      "end" : 210,
      "text" : "is",
      "whiteSpace" : false
    }, {
      "id" : "s2-t15",
      "begin" : 211,
      "end" : 222,
      "text" : "414-55-2131",
      "whiteSpace" : false
    }, {
      "id" : "s2-t16",
      "begin" : 223,
      "end" : 227,
      "text" : "will",
      "whiteSpace" : false
    }, {
      "id" : "s2-t17",
      "begin" : 228,
      "end" : 232,
      "text" : "also",
      "whiteSpace" : false
    }, {
      "id" : "s2-t18",
      "begin" : 233,
      "end" : 235,
      "text" : "be",
      "whiteSpace" : false
    }, {
      "id" : "s2-t19",
      "begin" : 236,
      "end" : 240,
      "text" : "away",
      "whiteSpace" : false
    }, {
      "id" : "s2-t20",
      "begin" : 240,
      "end" : 241,
      "text" : ".",
      "whiteSpace" : false
    } ]
  }, {
    "id" : "s3",
    "begin" : 243,
    "end" : 264,
    "text" : "Thanks,\nMagic Johnson",
    "tokens" : [ {
      "id" : "s3-t0",
      "begin" : 243,
      "end" : 249,
      "text" : "Thanks",
      "whiteSpace" : false
    }, {
      "id" : "s3-t1",
      "begin" : 249,
      "end" : 250,
      "text" : ",",
      "whiteSpace" : false
    }, {
      "id" : "s3-t2",
      "begin" : 251,
      "end" : 256,
      "text" : "Magic",
      "whiteSpace" : false
    }, {
      "id" : "s3-t3",
      "begin" : 257,
      "end" : 264,
      "text" : "Johnson",
      "whiteSpace" : false
    } ]
  } ],
  "mentions" : [ {
    "id" : "-M0",
    "properties" : {
      "SIRE_MENTION_TYPE" : "NONE",
      "SIRE_MENTION_ROLE" : "Name",
      "SIRE_ENTITY_CLASS" : "SPC",
      "SIRE_MENTION_CLASS" : "SPC",
      "SIRE_ENTITY_LEVEL" : "NONE",
      "SIRE_ENTITY_SUBTYPE" : "NONE"
    },
    "type" : "Name",
    "begin" : 3,
    "end" : 8,
    "inCoref" : false
  }, {
    "id" : "s1-m4",
    "properties" : {
      "SIRE_MENTION_ROLE" : "Name",
      "SIRE_ENTITY_SUBTYPE" : "NONE",
      "SIRE_MENTION_TYPE" : "NONE",
      "SIRE_MENTION_CLASS" : "SPC"
    },
    "type" : "Name",
    "begin" : 46,
    "end" : 57,
    "inCoref" : false
  }, {
    "id" : "-M1",
    "properties" : {
      "SIRE_MENTION_TYPE" : "NONE",
      "SIRE_MENTION_ROLE" : "SSN",
      "SIRE_ENTITY_CLASS" : "SPC",
      "SIRE_MENTION_CLASS" : "SPC",
      "SIRE_ENTITY_LEVEL" : "NONE",
      "SIRE_ENTITY_SUBTYPE" : "NONE"
    },
    "type" : "SSN",
    "begin" : 75,
    "end" : 81,
    "inCoref" : false
  }, {
    "id" : "-M2",
    "properties" : {
      "SIRE_MENTION_TYPE" : "NONE",
      "SIRE_MENTION_ROLE" : "SSN",
      "SIRE_ENTITY_CLASS" : "SPC",
      "SIRE_MENTION_CLASS" : "SPC",
      "SIRE_ENTITY_LEVEL" : "NONE",
      "SIRE_ENTITY_SUBTYPE" : "NONE"
    },
    "type" : "SSN",
    "begin" : 81,
    "end" : 86,
    "inCoref" : false
  }, {
    "id" : "-M3",
    "properties" : {
      "SIRE_MENTION_TYPE" : "NONE",
      "SIRE_MENTION_ROLE" : "DOB",
      "SIRE_ENTITY_CLASS" : "SPC",
      "SIRE_MENTION_CLASS" : "SPC",
      "SIRE_ENTITY_LEVEL" : "NONE",
      "SIRE_ENTITY_SUBTYPE" : "NONE"
    },
    "type" : "DOB",
    "begin" : 104,
    "end" : 114,
    "inCoref" : false
  }, {
    "id" : "-M4",
    "properties" : {
      "SIRE_MENTION_TYPE" : "NONE",
      "SIRE_MENTION_ROLE" : "Name",
      "SIRE_ENTITY_CLASS" : "SPC",
      "SIRE_MENTION_CLASS" : "SPC",
      "SIRE_ENTITY_LEVEL" : "NONE",
      "SIRE_ENTITY_SUBTYPE" : "NONE"
    },
    "type" : "Name",
    "begin" : 164,
    "end" : 173,
    "inCoref" : false
  }, {
    "id" : "-M5",
    "properties" : {
      "SIRE_MENTION_TYPE" : "NONE",
      "SIRE_MENTION_ROLE" : "DOB",
      "SIRE_ENTITY_CLASS" : "SPC",
      "SIRE_MENTION_CLASS" : "SPC",
      "SIRE_ENTITY_LEVEL" : "NONE",
      "SIRE_ENTITY_SUBTYPE" : "NONE"
    },
    "type" : "DOB",
    "begin" : 189,
    "end" : 199,
    "inCoref" : false
  }, {
    "id" : "-M6",
    "properties" : {
      "SIRE_MENTION_TYPE" : "NONE",
      "SIRE_MENTION_ROLE" : "SSN",
      "SIRE_ENTITY_CLASS" : "SPC",
      "SIRE_MENTION_CLASS" : "SPC",
      "SIRE_ENTITY_LEVEL" : "NONE",
      "SIRE_ENTITY_SUBTYPE" : "NONE"
    },
    "type" : "SSN",
    "begin" : 211,
    "end" : 222,
    "inCoref" : false
  }, {
    "id" : "-M7",
    "properties" : {
      "SIRE_MENTION_TYPE" : "NONE",
      "SIRE_MENTION_ROLE" : "Name",
      "SIRE_ENTITY_CLASS" : "SPC",
      "SIRE_MENTION_CLASS" : "SPC",
      "SIRE_ENTITY_LEVEL" : "NONE",
      "SIRE_ENTITY_SUBTYPE" : "NONE"
    },
    "type" : "Name",
    "begin" : 251,
    "end" : 264,
    "inCoref" : false
  } ],
  "relations" : [ ],
  "corefs" : [ ],
  "typeResolved" : true,
  "userResolved" : false
}