{
  "id" : "ed8851e0-09c9-11e7-ba59-934669a05b50-10",
  "name" : "Address List 9_19.txt",
  "version" : 3,
  "text" : "101 South Beltline Highway, Mobile AL 36606\n",
  "docLength" : 0,
  "language" : "EN",
  "status" : "SUBMITTED",
  "modifiedDate" : 1489692363037,
  "documentSet" : [ ],
  "preannotation" : [ "PRE_RULE" ],
  "sentences" : [ {
    "id" : "s0",
    "begin" : 0,
    "end" : 43,
    "text" : "101 South Beltline Highway, Mobile AL 36606",
    "tokens" : [ {
      "id" : "s0-t0",
      "begin" : 0,
      "end" : 3,
      "text" : "101",
      "whiteSpace" : false
    }, {
      "id" : "s0-t1",
      "begin" : 4,
      "end" : 9,
      "text" : "South",
      "whiteSpace" : false
    }, {
      "id" : "s0-t2",
      "begin" : 10,
      "end" : 18,
      "text" : "Beltline",
      "whiteSpace" : false
    }, {
      "id" : "s0-t3",
      "begin" : 19,
      "end" : 26,
      "text" : "Highway",
      "whiteSpace" : false
    }, {
      "id" : "s0-t4",
      "begin" : 26,
      "end" : 27,
      "text" : ",",
      "whiteSpace" : false
    }, {
      "id" : "s0-t5",
      "begin" : 28,
      "end" : 34,
      "text" : "Mobile",
      "whiteSpace" : false
    }, {
      "id" : "s0-t6",
      "begin" : 35,
      "end" : 37,
      "text" : "AL",
      "whiteSpace" : false
    }, {
      "id" : "s0-t7",
      "begin" : 38,
      "end" : 43,
      "text" : "36606",
      "whiteSpace" : false
    } ]
  } ],
  "mentions" : [ {
    "id" : "rulepre_0",
    "properties" : {
      "SIRE_MENTION_TYPE" : "NONE",
      "SIRE_MENTION_CLASS" : "SPC",
      "SIRE_MENTION_ROLE" : "Street_ID",
      "SIRE_ENTITY_SUBTYPE" : "NONE"
    },
    "type" : "Street_ID",
    "begin" : 0,
    "end" : 3,
    "inCoref" : false
  }, {
    "id" : "s0-m8",
    "properties" : {
      "SIRE_MENTION_ROLE" : "Street_Direction",
      "SIRE_ENTITY_SUBTYPE" : "NONE",
      "SIRE_MENTION_TYPE" : "NONE",
      "SIRE_MENTION_CLASS" : "SPC"
    },
    "type" : "Street_Direction",
    "begin" : 4,
    "end" : 9,
    "inCoref" : false
  }, {
    "id" : "s0-m7",
    "properties" : {
      "SIRE_MENTION_ROLE" : "Street_Name",
      "SIRE_ENTITY_SUBTYPE" : "NONE",
      "SIRE_MENTION_TYPE" : "NONE",
      "SIRE_MENTION_CLASS" : "SPC"
    },
    "type" : "Street_Name",
    "begin" : 10,
    "end" : 18,
    "inCoref" : false
  }, {
    "id" : "rulepre_2",
    "properties" : {
      "SIRE_MENTION_TYPE" : "NONE",
      "SIRE_MENTION_CLASS" : "SPC",
      "SIRE_MENTION_ROLE" : "Street_Type",
      "SIRE_ENTITY_SUBTYPE" : "NONE"
    },
    "type" : "Street_Type",
    "begin" : 19,
    "end" : 26,
    "inCoref" : false
  }, {
    "id" : "s0-m9",
    "properties" : {
      "SIRE_MENTION_ROLE" : "City",
      "SIRE_ENTITY_SUBTYPE" : "NONE",
      "SIRE_MENTION_TYPE" : "NONE",
      "SIRE_MENTION_CLASS" : "SPC"
    },
    "type" : "City",
    "begin" : 28,
    "end" : 34,
    "inCoref" : false
  }, {
    "id" : "rulepre_3",
    "properties" : {
      "SIRE_MENTION_TYPE" : "NONE",
      "SIRE_MENTION_CLASS" : "SPC",
      "SIRE_MENTION_ROLE" : "State",
      "SIRE_ENTITY_SUBTYPE" : "NONE"
    },
    "type" : "State",
    "begin" : 35,
    "end" : 37,
    "inCoref" : false
  }, {
    "id" : "rulepre_5",
    "properties" : {
      "SIRE_MENTION_TYPE" : "NONE",
      "SIRE_MENTION_CLASS" : "SPC",
      "SIRE_MENTION_ROLE" : "Zip_Code",
      "SIRE_ENTITY_SUBTYPE" : "NONE"
    },
    "type" : "Zip_Code",
    "begin" : 38,
    "end" : 43,
    "inCoref" : false
  } ],
  "relations" : [ ],
  "corefs" : [ ],
  "typeResolved" : true,
  "userResolved" : false
}