{
  "id" : "ed8851e0-09c9-11e7-ba59-934669a05b50-19",
  "name" : "Address List 9_28.txt",
  "version" : 3,
  "text" : "15445 Highway 24, Moulton AL 35650\n",
  "docLength" : 0,
  "language" : "EN",
  "status" : "SUBMITTED",
  "modifiedDate" : 1489693010495,
  "documentSet" : [ ],
  "preannotation" : [ "PRE_RULE" ],
  "sentences" : [ {
    "id" : "s0",
    "begin" : 0,
    "end" : 34,
    "text" : "15445 Highway 24, Moulton AL 35650",
    "tokens" : [ {
      "id" : "s0-t0",
      "begin" : 0,
      "end" : 5,
      "text" : "15445",
      "whiteSpace" : false
    }, {
      "id" : "s0-t1",
      "begin" : 6,
      "end" : 13,
      "text" : "Highway",
      "whiteSpace" : false
    }, {
      "id" : "s0-t2",
      "begin" : 14,
      "end" : 16,
      "text" : "24",
      "whiteSpace" : false
    }, {
      "id" : "s0-t3",
      "begin" : 16,
      "end" : 17,
      "text" : ",",
      "whiteSpace" : false
    }, {
      "id" : "s0-t4",
      "begin" : 18,
      "end" : 25,
      "text" : "Moulton",
      "whiteSpace" : false
    }, {
      "id" : "s0-t5",
      "begin" : 26,
      "end" : 28,
      "text" : "AL",
      "whiteSpace" : false
    }, {
      "id" : "s0-t6",
      "begin" : 29,
      "end" : 34,
      "text" : "35650",
      "whiteSpace" : false
    } ]
  } ],
  "mentions" : [ {
    "id" : "s0-m5",
    "properties" : {
      "SIRE_MENTION_ROLE" : "Street_ID",
      "SIRE_ENTITY_SUBTYPE" : "NONE",
      "SIRE_MENTION_TYPE" : "NONE",
      "SIRE_MENTION_CLASS" : "SPC"
    },
    "type" : "Street_ID",
    "begin" : 0,
    "end" : 5,
    "inCoref" : false
  }, {
    "id" : "s0-m3",
    "properties" : {
      "SIRE_MENTION_ROLE" : "Street_Name",
      "SIRE_ENTITY_SUBTYPE" : "NONE",
      "SIRE_MENTION_TYPE" : "NONE",
      "SIRE_MENTION_CLASS" : "SPC"
    },
    "type" : "Street_Name",
    "begin" : 6,
    "end" : 16,
    "inCoref" : false
  }, {
    "id" : "s0-m4",
    "properties" : {
      "SIRE_MENTION_ROLE" : "City",
      "SIRE_ENTITY_SUBTYPE" : "NONE",
      "SIRE_MENTION_TYPE" : "NONE",
      "SIRE_MENTION_CLASS" : "SPC"
    },
    "type" : "City",
    "begin" : 18,
    "end" : 25,
    "inCoref" : false
  }, {
    "id" : "rulepre_0",
    "properties" : {
      "SIRE_MENTION_TYPE" : "NONE",
      "SIRE_MENTION_CLASS" : "SPC",
      "SIRE_MENTION_ROLE" : "State",
      "SIRE_ENTITY_SUBTYPE" : "NONE"
    },
    "type" : "State",
    "begin" : 26,
    "end" : 28,
    "inCoref" : false
  }, {
    "id" : "rulepre_1",
    "properties" : {
      "SIRE_MENTION_TYPE" : "NONE",
      "SIRE_MENTION_CLASS" : "SPC",
      "SIRE_MENTION_ROLE" : "Zip_Code",
      "SIRE_ENTITY_SUBTYPE" : "NONE"
    },
    "type" : "Zip_Code",
    "begin" : 29,
    "end" : 34,
    "inCoref" : false
  } ],
  "relations" : [ ],
  "corefs" : [ ],
  "typeResolved" : true,
  "userResolved" : false
}