{
  "id" : "ed8851e0-09c9-11e7-ba59-934669a05b50-2",
  "name" : "Address List 9_11.txt",
  "version" : 3,
  "text" : "4206 N College Ave, Jackson AL 36545\n",
  "docLength" : 0,
  "language" : "EN",
  "status" : "SUBMITTED",
  "modifiedDate" : 1489693030478,
  "documentSet" : [ ],
  "preannotation" : [ "PRE_RULE" ],
  "sentences" : [ {
    "id" : "s0",
    "begin" : 0,
    "end" : 36,
    "text" : "4206 N College Ave, Jackson AL 36545",
    "tokens" : [ {
      "id" : "s0-t0",
      "begin" : 0,
      "end" : 4,
      "text" : "4206",
      "whiteSpace" : false
    }, {
      "id" : "s0-t1",
      "begin" : 5,
      "end" : 6,
      "text" : "N",
      "whiteSpace" : false
    }, {
      "id" : "s0-t2",
      "begin" : 7,
      "end" : 14,
      "text" : "College",
      "whiteSpace" : false
    }, {
      "id" : "s0-t3",
      "begin" : 15,
      "end" : 18,
      "text" : "Ave",
      "whiteSpace" : false
    }, {
      "id" : "s0-t4",
      "begin" : 18,
      "end" : 19,
      "text" : ",",
      "whiteSpace" : false
    }, {
      "id" : "s0-t5",
      "begin" : 20,
      "end" : 27,
      "text" : "Jackson",
      "whiteSpace" : false
    }, {
      "id" : "s0-t6",
      "begin" : 28,
      "end" : 30,
      "text" : "AL",
      "whiteSpace" : false
    }, {
      "id" : "s0-t7",
      "begin" : 31,
      "end" : 36,
      "text" : "36545",
      "whiteSpace" : false
    } ]
  } ],
  "mentions" : [ {
    "id" : "rulepre_0",
    "properties" : {
      "SIRE_MENTION_TYPE" : "NONE",
      "SIRE_MENTION_CLASS" : "SPC",
      "SIRE_MENTION_ROLE" : "Street_ID",
      "SIRE_ENTITY_SUBTYPE" : "NONE"
    },
    "type" : "Street_ID",
    "begin" : 0,
    "end" : 4,
    "inCoref" : false
  }, {
    "id" : "rulepre_4",
    "properties" : {
      "SIRE_MENTION_TYPE" : "NONE",
      "SIRE_MENTION_CLASS" : "SPC",
      "SIRE_MENTION_ROLE" : "Street_Direction",
      "SIRE_ENTITY_SUBTYPE" : "NONE"
    },
    "type" : "Street_Direction",
    "begin" : 5,
    "end" : 6,
    "inCoref" : false
  }, {
    "id" : "s0-m7",
    "properties" : {
      "SIRE_MENTION_ROLE" : "Street_Name",
      "SIRE_ENTITY_SUBTYPE" : "NONE",
      "SIRE_MENTION_TYPE" : "NONE",
      "SIRE_MENTION_CLASS" : "SPC"
    },
    "type" : "Street_Name",
    "begin" : 7,
    "end" : 14,
    "inCoref" : false
  }, {
    "id" : "rulepre_2",
    "properties" : {
      "SIRE_MENTION_TYPE" : "NONE",
      "SIRE_MENTION_CLASS" : "SPC",
      "SIRE_MENTION_ROLE" : "Street_Type",
      "SIRE_ENTITY_SUBTYPE" : "NONE"
    },
    "type" : "Street_Type",
    "begin" : 15,
    "end" : 18,
    "inCoref" : false
  }, {
    "id" : "s0-m8",
    "properties" : {
      "SIRE_MENTION_ROLE" : "City",
      "SIRE_ENTITY_SUBTYPE" : "NONE",
      "SIRE_MENTION_TYPE" : "NONE",
      "SIRE_MENTION_CLASS" : "SPC"
    },
    "type" : "City",
    "begin" : 20,
    "end" : 27,
    "inCoref" : false
  }, {
    "id" : "rulepre_3",
    "properties" : {
      "SIRE_MENTION_TYPE" : "NONE",
      "SIRE_MENTION_CLASS" : "SPC",
      "SIRE_MENTION_ROLE" : "State",
      "SIRE_ENTITY_SUBTYPE" : "NONE"
    },
    "type" : "State",
    "begin" : 28,
    "end" : 30,
    "inCoref" : false
  }, {
    "id" : "rulepre_5",
    "properties" : {
      "SIRE_MENTION_TYPE" : "NONE",
      "SIRE_MENTION_CLASS" : "SPC",
      "SIRE_MENTION_ROLE" : "Zip_Code",
      "SIRE_ENTITY_SUBTYPE" : "NONE"
    },
    "type" : "Zip_Code",
    "begin" : 31,
    "end" : 36,
    "inCoref" : false
  } ],
  "relations" : [ ],
  "corefs" : [ ],
  "typeResolved" : true,
  "userResolved" : false
}