[ {
  "id" : "03f67230-fd3b-11e7-ae08-f5542905e5ca-0",
  "name" : "email37.txt",
  "createdDate" : 0,
  "text" : "This letter is to indicate that on Friday, January 12th 2018, John Patrick Mason escaped from Alcatraz prison in San Francisco California. He was born on 03/14/35 with the social security number of 012-16-5484. Please be sure to remove Mr Mason from the prison records and from the state of California. We will no longer proceed with John’s case at this point. If you wish to further probe the case, you can contact Officer Paul Mitchell who was born on January 10, 1965.",
  "status" : "SUBMITTED",
  "modifiedDate" : 1516381775262
}, {
  "id" : "03f67230-fd3b-11e7-ae08-f5542905e5ca-1",
  "name" : "email38.txt",
  "createdDate" : 0,
  "text" : "This letter is to indicate that Rebecca Kate Stamos has been employed by my company in Idaho. She was born on 02-22-1922 with an ssn of 023321545. Please be sure to welcome Mrs Stamos to our organization and to the state of Idaho. We will no longer be looking for a new employee as we have hired Rebecca at this point. If you wish to further probe the position, you can contact HR’s Paulette Morgan who was born on March 5th 1999. She will be happy to assist.",
  "status" : "SUBMITTED",
  "modifiedDate" : 1516381849631
}, {
  "id" : "03f67230-fd3b-11e7-ae08-f5542905e5ca-2",
  "name" : "email39.txt",
  "createdDate" : 0,
  "text" : "Mary Tyler Moore, born on Saturday February 28th, 1900 has requested that she change her social security number from 030-22-1415 to 021541245. Please be sure to make this change. If this does not work, you may use the ssn 475-44-1649. Ask Bob if there are any issues getting Mary’s number changed. Bob can also engage Michael if needed. Michael Bolton can be very helpful.",
  "status" : "SUBMITTED",
  "modifiedDate" : 1516381894402
}, {
  "id" : "31ad3470-f7dc-11e7-8ea5-e50734d6aae1-0",
  "name" : "email31.txt",
  "createdDate" : 0,
  "text" : "Dear Mr. Takeshi Kitano,\n    Congratulations on your recent acceptance of American citizenship. We have your date of birth listed down as 8/23/1964. If this is incorrect, please return the form that was included with this letter with your correct date of birth listed in the MM/DD/YYYY format. If this D.O.B. is correct, we have issued you a social security card with the number 890-34-5492 it should arrive shortly. If this is not your D.O.B. then please send the card back with the included form\nUnited States Social Security Office",
  "status" : "SUBMITTED",
  "modifiedDate" : 1515791177653
}, {
  "id" : "31ad3470-f7dc-11e7-8ea5-e50734d6aae1-1",
  "name" : "email32.txt",
  "createdDate" : 0,
  "text" : "Robin, \n\nMy name is Birdie Johnson and I need some of your help. I’m trying to track down some of my medical records but am struggling to get a response. I was born on 12-2-98 and need this information quickly. I would appreciate your assistance in this matter and let me know what else you may need. Please adivse that my social is 999-14-7878. Again, my born day was December 2nd 1998. I look forward to hearing back from you.\n\nOh and it would be great if you could also lookup my dad’s information as well. His name is Magic J. Johnson. He was born on 24-03-1970 and his ssn# 818-515-7272. He needs this information for some new job offer that he is going after. Again, appreciate the assistance here.\n\nSincerely,\n\nBirdie Johnson\n978-555-124",
  "status" : "SUBMITTED",
  "modifiedDate" : 1515791217804
}, {
  "id" : "31ad3470-f7dc-11e7-8ea5-e50734d6aae1-2",
  "name" : "email33.txt",
  "createdDate" : 0,
  "text" : "Hi May, \n\nPer our discussion today, here is the information on the two patients I was telling you about.. The first one is Dick Rosenthal and he is 30 years old with a date of birth is 2-2-1988. He is looking to do the X procedure. His social is 656-22-1514 and it may be wrong so here is the other potential one 421-17-3341.\n\nThe second individual that I mentioned was Cherry Jo Goldberg but she also goes by Summer Jones. The ssn for this person – 174-21-62355, but she also has another social which is 242-44-1724. She was born on 2000-04-15. Her second dob is 2001/07/14. I am not sure which ones are the right one but I think you can look all these up and figure it out.\n\nYou are the best April! Let me know if you need anything else and please circle back with me on the information.\n\nSincerely,\n\nDick West\ncooldude@ibm.com\nPhone",
  "status" : "SUBMITTED",
  "modifiedDate" : 1515791270595
}, {
  "id" : "31ad3470-f7dc-11e7-8ea5-e50734d6aae1-3",
  "name" : "email34.txt",
  "createdDate" : 0,
  "text" : "Dear Mr. SquarePants,\n    We regret to inform you that your previously issued social security card (number 433-30-4819) is now invalid. Please contact the Bikini Bottom records office with your D.O.B. (currently on file as 03/24/1986) and a valid photo id in order to get it reinstated. \nBest,\n    B.B. Social Records Office",
  "status" : "SUBMITTED",
  "modifiedDate" : 1515791285543
}, {
  "id" : "31ad3470-f7dc-11e7-8ea5-e50734d6aae1-4",
  "name" : "email35.txt",
  "createdDate" : 0,
  "text" : "Dear Mr. Mxyzptlk,\n    Our records indicate your attempt to run for president. This letter is to let you know that your application has been approved with the following information:\n        SSN: 000-00-0001\n        D.O.B: 09-15-1944\nWe thank you for your interest in public service.",
  "status" : "SUBMITTED",
  "modifiedDate" : 1515791301658
}, {
  "id" : "3887dcd0-f63f-11e7-9d71-b156e4f7b8e5-0",
  "name" : "email22.txt",
  "createdDate" : 0,
  "text" : "Hello Vincent Thomas,\n\tI regret to inform you that your account request on 11/13/18 has been flagged due to incorrect information. The SSN you entered (378-47-3386) could not be verified to be yours. The DOB you entered (12/01/1994) could not be verified to be yours. Please try again with your correct information.\nThank you",
  "status" : "SUBMITTED",
  "modifiedDate" : 1515613777490
}, {
  "id" : "3887dcd0-f63f-11e7-9d71-b156e4f7b8e5-1",
  "name" : "email23.txt",
  "createdDate" : 0,
  "text" : "Hello Mr. Skywalker,\n\tI am emailing in regards to your DNA test results. Unfortunately, we have to inform you that your results show that D. Vader is your father. In order to find him, here is all the information we have on him before his departure.\n\t\tSSN: 382-04-3748\n\t\tBadge Number: 392384482\n\t\tDOB: 12/12/1962\n\tGoodluck young Skywalker.\nDNA Labs",
  "status" : "SUBMITTED",
  "modifiedDate" : 1515613798421
}, {
  "id" : "3887dcd0-f63f-11e7-9d71-b156e4f7b8e5-2",
  "name" : "email24.txt",
  "createdDate" : 0,
  "text" : "Hello Dr. Kelly,\n\tHere are a list of patients from last week that we operated on.\n\tPatients:\n\t\t1. Keegan Michael:\n\t\t\ta. SSN: 382853849\n\t\t\tb. Date of Birth: 09/14/10\n\t\t\tc. Patient #: 292934093\n\t\t2. Eric Patel:\n\t\t\ta. SSN: 298473945\n\t\t\tb. Date of Birth: 10/05/89\n\t\t\tc. Patient #: 382393094\n\t\t3. Nadir Smith:\n\t\t\ta. SSN: 573-89-9293\n\t\t\tb. Date of Birth: 08/27/01\n\t\t\tc. Patient #: 874073748\n\tWe need to follow up on these patients by the end of 01/18/18.\nDr. Lauren",
  "status" : "SUBMITTED",
  "modifiedDate" : 1515613838698
}, {
  "id" : "3887dcd0-f63f-11e7-9d71-b156e4f7b8e5-3",
  "name" : "email25.txt",
  "createdDate" : 0,
  "text" : "Hey Billy,\n\tRemember you need to provide your information to your first day at work tomorrow. I know you always forget so I'm sending your SSN (839-82-3453) and your birthdate (07/22/03). Goodluck son!\nLove Mom",
  "status" : "SUBMITTED",
  "modifiedDate" : 1515613854153
}, {
  "id" : "3887dcd0-f63f-11e7-9d71-b156e4f7b8e5-4",
  "name" : "email26.txt",
  "createdDate" : 0,
  "text" : "Hello Jason Bourne,\n\tI am contacting you to tell you about Program Black Briar. They are generating fake identites in your name, the SSNs that you need to track down are 293287462, 982748392, 839572418, and 847830193. Please find these individuals and bring them to justice.\nConnie",
  "status" : "SUBMITTED",
  "modifiedDate" : 1515613876871
}, {
  "id" : "502fa7d0-f64b-11e7-bf50-59da7db46d70-0",
  "name" : "email28.txt",
  "createdDate" : 0,
  "text" : "Howdy Woody,\n\tI hope you are doing well since we got split up from Andy a while back. I am actually hoping you can help me out. I am trying to get a license for a space ship but I need my Social Security number and DOB for that. But when I told them my SSN was 384-32-8379 and my DOB was 03-31-1991 they said it was incorrect. Since you know everything, do you know what my SSN and DOB are?\nThanks, Buzz Lightyear",
  "status" : "SUBMITTED",
  "modifiedDate" : 1515619936540
}, {
  "id" : "502fa7d0-f64b-11e7-bf50-59da7db46d70-1",
  "name" : "email29.txt",
  "createdDate" : 0,
  "text" : "Hi Kyle,\n\tI was wondering if you received my fishing license by accident. I applied last week and my receipt number is 8302837432. The box will also show my SSN as 573-03-8592 and my date of birth as 05-09-91. Thanks for looking out for me and let me know if the box shows up.\nFrom, Grizz",
  "status" : "SUBMITTED",
  "modifiedDate" : 1515619955454
}, {
  "id" : "502fa7d0-f64b-11e7-bf50-59da7db46d70-2",
  "name" : "email30.txt",
  "createdDate" : 0,
  "text" : "Hello Sir/Madam,\n\tWe are the IRS and you have failed to pay your taxes this year. We are emailing to let you know that your audit has started. We need you to confirm your SSN and DOB. We have these listed as 830-75-4742 and 04/08/97 respectively. Please respond with a confirmation and a cashiers check of $1000 and give us a call at (183) 838-8392.\nIRS",
  "status" : "SUBMITTED",
  "modifiedDate" : 1515619973816
}, {
  "id" : "79951eb0-f589-11e7-bf0f-4749cb57bf77-0",
  "name" : "email1.txt",
  "createdDate" : 0,
  "text" : "Hello Jim Halpert,\n\tI'm emailing on behalf of my patient Mary Ellen. She is experiencing chest pain and high blood pressure. For the hospitals records, her DOB and SSN are 05/05/16 and 200447594, respectively and she will need these when being admitted. Please let me know if there is any other information that you need.\nMike Ross",
  "status" : "SUBMITTED",
  "modifiedDate" : 1515536195051
}, {
  "id" : "79951eb0-f589-11e7-bf0f-4749cb57bf77-1",
  "name" : "email2.txt",
  "createdDate" : 0,
  "text" : "Dear John Malkovic,\n\tMy client Isabella Menendez needs representation for a case. She is a minor (born on 20/11/13) and needs help with a case. She is in quite a rush and really would appreciate the help. Her social security number is 222-30-9421 and can be used for payment later once the case is completed. Will you help us?\nFrom Mike Ross",
  "status" : "SUBMITTED",
  "modifiedDate" : 1515536222384
}, {
  "id" : "79951eb0-f589-11e7-bf0f-4749cb57bf77-10",
  "name" : "email11.txt",
  "createdDate" : 0,
  "text" : "Hello Ian M,\n\tI hope you are doing well. We are contacting you about your parking ticket. We have your ssn and DOB as 222629635 and 26/06/95 respectively. Please respond to confirm/deny these so that payment can be made by 01/13/18. Thank you",
  "status" : "SUBMITTED",
  "modifiedDate" : 1515536516812
}, {
  "id" : "79951eb0-f589-11e7-bf0f-4749cb57bf77-11",
  "name" : "email12.txt",
  "createdDate" : 0,
  "text" : "To Who it may concern,\n\tI would like a new insurance plan under your company. I was told to provide my ssn (037-66-0810) and dob (14/04/94) so that you can locate my previous records and give me a quote. Please let me know if you need anything else and I will get that to you as well.\nZia Marshall",
  "status" : "SUBMITTED",
  "modifiedDate" : 1515536545937
}, {
  "id" : "79951eb0-f589-11e7-bf0f-4749cb57bf77-12",
  "name" : "email13.txt",
  "createdDate" : 0,
  "text" : "Hello Mr. Rodgers,\n\tFor being an excellent neighbor in this neighborhood and always holding yourself to the highest moral standard, we would like to provide you with a free car! Please confirm your social security number (042821361) and date of birth (24-07-47) in our records in order to claim your prize\nFrom Toyota Motors",
  "status" : "SUBMITTED",
  "modifiedDate" : 1515536568599
}, {
  "id" : "79951eb0-f589-11e7-bf0f-4749cb57bf77-13",
  "name" : "email14.txt",
  "createdDate" : 0,
  "text" : "Hello Mrs. Goldberg,\n\tI hope you are feeling well. I am emailing about your case #013398228 regarding your fender bender on 04/14/17. We have cleared up all of the charges and will be taking payment by Friday. We have your SSN (274268716) and DOB (13-12-83) to apply the auto payment if you confirm that is what you want. Please respond with YES or NO.\nFrom Insurance Co.",
  "status" : "SUBMITTED",
  "modifiedDate" : 1515536584719
}, {
  "id" : "79951eb0-f589-11e7-bf0f-4749cb57bf77-14",
  "name" : "email15.txt",
  "createdDate" : 0,
  "text" : "Dear Ryan Strong,\n\tYou are being contacted because your account has pending bills that have not been paid. Please pay these bills immediately or we will start affecting your credit score. We have your payment information already so please confirm the information below to accept the charge. Otherwise call us at 381-282-1838.\n\t\tSSN: 677-01-1021\n\t\tDOB: 16/04/1983\n\t\tAccount Number: 838373737\n\tPlease respond asap to get this cleared up.\nFrom Bank Co.",
  "status" : "SUBMITTED",
  "modifiedDate" : 1515536601756
}, {
  "id" : "79951eb0-f589-11e7-bf0f-4749cb57bf77-15",
  "name" : "email16.txt",
  "createdDate" : 0,
  "text" : "Dear Mr. Wilson,\n\tWe are unfortunately emailing to alert you that we have detected that your identity has been stolen. We have frozen all accounts so that the theif was not able to get anything. The SSN 542145648 was detected being used on 01/18/18 at a Walgreens in New York City. Please confirm your DOB in order to get further instructions.\nFrom Identity Monitoring Co.",
  "status" : "SUBMITTED",
  "modifiedDate" : 1515536618570
}, {
  "id" : "79951eb0-f589-11e7-bf0f-4749cb57bf77-16",
  "name" : "email17.txt",
  "createdDate" : 0,
  "text" : "To Mr. Bond,\n\tWe hereby approve your government top secret clearance. Congratulations on your hard work. Here are your credentials and information for the job:\n\t\tSSN - 762015102\n\t\tDOB - 12/01/1996\n\t\tAgent# - 007\n\t\tBank Account# - 383740293\n\tGoodluck Mr. Bond\nFrom M",
  "status" : "SUBMITTED",
  "modifiedDate" : 1515536639975
}, {
  "id" : "79951eb0-f589-11e7-bf0f-4749cb57bf77-17",
  "name" : "email18.txt",
  "createdDate" : 0,
  "text" : "Dear Marshall Mathers,\n\tWe are pleased to inform you that you have been accepted to Dr.Dre's record label. We have all your information on file but it still needs to be verified before you can get paid. We have your social security number listed as 042929700 and your date of birth listed as 07/07/1986. If these are correct, then we can get you your check by tomorrow. Keep up the good work Eminem.\nDr.Dre",
  "status" : "SUBMITTED",
  "modifiedDate" : 1515536661999
}, {
  "id" : "79951eb0-f589-11e7-bf0f-4749cb57bf77-18",
  "name" : "email19.txt",
  "createdDate" : 0,
  "text" : "Dear Mr. Jimmothy Smythe,\n    This is in regards to your inquiry as to having your social security number and date of birth changed. We currently have you on record with 234-98-4239 for a social security number and 16/2/1984 for your date of birth. Unfortunately there exists no way to change either of these numbers, the date of birth especially, I’m not sure how you thought that one was going to work. \nRegards,\n   Noah Fielding esq.\n   Attorney at law",
  "status" : "SUBMITTED",
  "modifiedDate" : 1515536720746
}, {
  "id" : "79951eb0-f589-11e7-bf0f-4749cb57bf77-19",
  "name" : "email20.txt",
  "createdDate" : 0,
  "text" : "Dear Mrs. Morticia Addams,\n    We regret to inform you for the last time that it is impossible to collect on your uncle Fester Addams’es life insure policy. Although it is provable that he was born 1/31/1900, and seems to have a death certificate issued 4/05/1945, we have confirmed that there is still somebody collecting social security checks made out to the ssn. 000-12-1343, which we are taking a evidence that he is still alive and has forged his death certificate. We are, again and hopefully for the last time, reporting this to the authorities. \nPlease never contact us again,\n    Kimberly Wilde,\n    John Hancock Insurance LLC.",
  "status" : "SUBMITTED",
  "modifiedDate" : 1515536764977
}, {
  "id" : "79951eb0-f589-11e7-bf0f-4749cb57bf77-2",
  "name" : "email3.txt",
  "createdDate" : 0,
  "text" : "Dear Simone Washington,\n\tHere is the list of study participants:\n\t\t1. Michael Jones\n\t\t\ta. DOB: 17/11/14\n\t\t\tb. SSN: 526388461\n\t\t\tc. Height: 6ft 1in\n\t\t2. Sarah Jacobs\n\t\t\ta. DOB: 23/12/13\n\t\t\tb. SSN: 291367068\n\t\t\tc. Height: 5ft 4in\n\t\t3. Matthew Wang\n\t\t\ta. DOB: 17/05/15\n\t\t\tb. SSN: 680281330\n\t\t\tc. Height: 5ft 6in\n\n\tPlease let me know if any other information is needed.\nMichael Wilson",
  "status" : "SUBMITTED",
  "modifiedDate" : 1515536265277
}, {
  "id" : "79951eb0-f589-11e7-bf0f-4749cb57bf77-20",
  "name" : "email21.txt",
  "createdDate" : 0,
  "text" : "Dear Norville Rodgers,\n     Unfortunately, there is no current way to assign a social security number to your dog. In your previous email you suggest giving him your social security number, 89-24-5654, this is not possible as that number is linked to you and not him. It does not matter that your dog was born on 9/12/1969 and is still alive today or that he can almost talk. Neither of those things make him legally a person, even thought they are impressive. \n    Robert Frost \n    United States Social Security Office",
  "status" : "SUBMITTED",
  "modifiedDate" : 1515536787395
}, {
  "id" : "79951eb0-f589-11e7-bf0f-4749cb57bf77-3",
  "name" : "email4.txt",
  "createdDate" : 0,
  "text" : "Hello Martha Walberg\n\tI am contacting you because I would like to open up an account at your bank. My SSN is 655-03-8535 and date of birth is 31-12-14 so I pass all the requirements for the account. I need it done by 03-24-18 or I will be filing a complaint against your bank.\nClaire Dawson",
  "status" : "SUBMITTED",
  "modifiedDate" : 1515536349983
}, {
  "id" : "79951eb0-f589-11e7-bf0f-4749cb57bf77-4",
  "name" : "email5.txt",
  "createdDate" : 0,
  "text" : "Dear Staff,\n\tI am emailing to inform you that the break room has run out of soda and hasn't been restocked since 12/14/17. Please remedy this issue immediately or all developers will cease work. If you need to contact me, my name is Bill Matthews, date of birth is 01/19/92, and social is 502237086 (if needed). Thank you and I hope to hear from you soon.\n",
  "status" : "SUBMITTED",
  "modifiedDate" : 1515536372631
}, {
  "id" : "79951eb0-f589-11e7-bf0f-4749cb57bf77-5",
  "name" : "email6.txt",
  "createdDate" : 0,
  "text" : "To who it may concern,\n\tI am emailing on behalf of my mother Blaire Simpson who is a prior patient of yours. I am sorry to say that she isn't feeling well and needs medical attention. Her DOB is 03-31-1954 so she is quite old. Her ssn is 401-76-1984 if that helps as well. Please get back to me asap.\nCody Simpson",
  "status" : "SUBMITTED",
  "modifiedDate" : 1515536394550
}, {
  "id" : "79951eb0-f589-11e7-bf0f-4749cb57bf77-6",
  "name" : "email7.txt",
  "createdDate" : 0,
  "text" : "Hello Dr. Paul,\n\tI am reaching out to you in order to ask about my blood test results. My name is Margaret Myers and I came into get my blood tested on 01-01-18. I expected the results in 2 weeks but they have not arrived. Can you please help me get the results? The information on the record should be:\n\t\tSSN: 514967814,\n\t\tDOB: 12/10/17\n\t\tBlood Type: A+\n\tIf this is not enough please let me know and I will get it all to you asap.\nFrom Margaret Myers",
  "status" : "SUBMITTED",
  "modifiedDate" : 1515536418780
}, {
  "id" : "79951eb0-f589-11e7-bf0f-4749cb57bf77-7",
  "name" : "email8.txt",
  "createdDate" : 0,
  "text" : "Hello Fedex\n\tI hope you are doing well. I am contacting you in regard to the delivery of my secure package on 01-03-17. I will not be there to receive but I approve you to leave it at the door. For authentication, my SSN is 495-14-6115 and my date-of-birth is 17/06/13. Please follow the instructions upon delivery and let me know if you have any further questions.\nMr. Wassel",
  "status" : "SUBMITTED",
  "modifiedDate" : 1515536440244
}, {
  "id" : "79951eb0-f589-11e7-bf0f-4749cb57bf77-8",
  "name" : "email9.txt",
  "createdDate" : 0,
  "text" : "Hello Warren,\n\tThis is the list of people that came to participate in the study today. They will need to be examined and pruned by 01/03/18 so please hurry. Here is the list:\n\t\t1. Participant 1:\n\t\t\tName: Billy Jean\n\t\t\tDOB: 09/22/63\n\t\t\tSocial Security Number: 647-07-8861\n\t\t2. Participant 2:\n\t\t\tName: Melinda Smith\n\t\t\tDOB: 26/06/13\n\t\t\tSocial Security Number: 213-28-7820\nDr. Wilson",
  "status" : "SUBMITTED",
  "modifiedDate" : 1515536467706
}, {
  "id" : "79951eb0-f589-11e7-bf0f-4749cb57bf77-9",
  "name" : "email10.txt",
  "createdDate" : 0,
  "text" : "Hey Mr. Brown,\n\tI am emailing regarding your new bank account at Bank Inc. We got an update to your SSN and DOB that we need to confirm from you. You SSN was set to 428-89-4358 and your DOB was set to 20/05/15. If these are correct please go to the link and verify them. Otherwise please call this number to refute these changes (932)-939-3834. \nHave a nice day.",
  "status" : "SUBMITTED",
  "modifiedDate" : 1515536490974
}, {
  "id" : "947e4f80-0b82-11e8-83d8-d9ef805288b8-0",
  "name" : "email45.txt",
  "createdDate" : 0,
  "text" : "Greetings DPS,\n\nHow are you doing today? I am contacting you about my order for a new drivers license. You asked me to give you my SSN (573-82-8320) and DOB (09-17-83) in order to process the new document. Please let me know if you need any other info and I will send it over.\n\nNeel Ruby",
  "status" : "SUBMITTED",
  "modifiedDate" : 1517952177164
}, {
  "id" : "947e4f80-0b82-11e8-83d8-d9ef805288b8-1",
  "name" : "email44.txt",
  "createdDate" : 0,
  "text" : "Hey Beverly,\n\nI was wondering what happened to my ID card that I left at your place. It should have my name, Lauren Worly, and DOB, 12-19-1989, on it. If you find it please give me a call at 832-833-0372.\n\nPS If you also find my Social Security card that would be great. For your reference, my number was 394-34-7284.\n\nThanks\nKevin Jordan",
  "status" : "SUBMITTED",
  "modifiedDate" : 1517952126419
}, {
  "id" : "947e4f80-0b82-11e8-83d8-d9ef805288b8-2",
  "name" : "email43.txt",
  "createdDate" : 0,
  "text" : "To Whom it may concern,\n\nMy name is Timothy Green, I came to this country 12 years ago. In that time I have done many wonderful and new things, met many interesting and bright people, and learned all about your culture.\nI am impressed.\nAs such, I would like to apply for residency. I was born in the year of the water ox, in the third month, on the fourth day of the month, I think that this translates to roughly 4 March, 1980.\nI have heard that as part of this process, I will receive a social security number for tracking. I would like mine to be easy to remember, so I was hoping for the number 123-45-6789. If that is not possible I understand.\nThank you for hearing me out, and I hope to hear back from you soon.\n\nSincerely,\n   T. Green ",
  "status" : "SUBMITTED",
  "modifiedDate" : 1517952014372
}, {
  "id" : "947e4f80-0b82-11e8-83d8-d9ef805288b8-3",
  "name" : "email42.txt",
  "createdDate" : 0,
  "text" : "Hello my good friend,\n\nI understand that you are looking for a new identity. I do not know what is wrong with your current one, nor do I need to know. In fact, i have a feeling that if you were to tell me it would sour our working relationship. In any case, I think that I can help you.\nLately I've had precious few identities \"fall\" into my lap, but I think that I have one that could fit you. A mister Thomas Cooper, a stage magician born March 15th 1977. Recently he \"performed\" his final escape. But of course, nobody knows that; they all thought that it was part of the act. I'm the only one who was working with him at the time, so you're in luck my friend. Nobody else knows he died, and you know you can trust your good friend to have your back.\nI think the last piece of information that will unlock his identity for you is that magic nine-digit number. I am here to provide, 233-43-2489.\nThat should be all you need. This goes without saying, but please do not contact me for a time after this. I'll let it be known that \"Mr. Cooper\" and I have had a falling out, so that you do not need to continue a charade in a circle of friends that would undoubtedly be able to pick out a new personage. We can \"make-up\" at a later date, once the balance of practicing your act and the decay of memory have reached an equilibrium.\nStay well my friend.\n\nSincerely,\n   Your good friend",
  "status" : "SUBMITTED",
  "modifiedDate" : 1517951915371
}, {
  "id" : "947e4f80-0b82-11e8-83d8-d9ef805288b8-4",
  "name" : "email41.txt",
  "createdDate" : 0,
  "text" : "Dearest Dorian,\n\nSo the time has come yet again, eh? Time for you to \"age\" out of your previous identity and assume a new one? What is it going to be this time? A boating accident? A robbery gone wrong? Another suicide?\nWhat would that make the suicide count this time, six? Or is it seven at this point? You really need to start getting more clever and less melodramatic. Dying young isn't fashionable anymore, times have changed you should start to change with them. The aristocrat in the ivory tower isn't a viable escape from the world anymore. people almost always talk these days, its not clever anymore and frankly I'm beginning to get a little tired of this charade myself.\nLucky for you, I am still indebted to you after what happened all those years ago in the Netherlands. If you had not been there, I would very nearly not have made it out alive.\nThis time, I have several new sets of clothes for you too choose from:\nAdam Ewing, 02/12/1976, 545-54-4234. A little bit older than the part you usually like to play, but I think still perfectly serviceable.\nRupert Sixsimth, 12/10/1980, 122-90-3210. A disgraced nuclear physicist, already very reclusive, fits your usual hermit M.O. very well.\nTimothy Cavindash, 12/10/2000, 112-00-0001. Maybe a bit young for you, but hopefully that will buy you some more time without changing clothes again.\nLet me know which one of these appeals to you so I don't offer it to anyone else in our small group.\n\nLooking forward to seeing you again,\n    \nRobert Frobisher",
  "status" : "SUBMITTED",
  "modifiedDate" : 1517951790048
}, {
  "id" : "947e4f80-0b82-11e8-83d8-d9ef805288b8-5",
  "name" : "email40.txt",
  "createdDate" : 0,
  "text" : "MEMO TO: security\nSUBJECT: terminated employees\nBODY:\nThe following employee records have been terminated from their respective positions:\nCorie Law, D.O.B. 12/21/1994, SSN 338-22-1255, Employee Id 123229980\nGrant King, D.O.B. 11/23/1994, SSN 843-12-3333, Employee ID 131109133\nGreg Sollom, D.O.B. 02/19/1995, SSN 112-55-4821, Employee ID 234230091\nMary Thurman, D.O.B. 11/22/1995, SSN 192-51-5391, Employee ID 133094881\nPlease deactivate their entry cards. If any of them should still attempt to enter the premises, pleaser escort them out quickly and with as little incident as possible. We do not want to draw unwanted attention to these terminations.\nThank you",
  "status" : "SUBMITTED",
  "modifiedDate" : 1517951732746
}, {
  "id" : "af593e80-f644-11e7-b355-e1e7b84c3f3c-0",
  "name" : "email27.txt",
  "createdDate" : 0,
  "text" : "Hey Zain,\nI got your email. I think the car looks good, and I want to put a deposit on it. My AMEX number is 356-755622-54002, exp 01/18 with verification code of 2313. If you need to initiate the transfer with the DMV, my driver's license is 12334534-234 and my SSN is 395-06-2436.\nThanks!\nPT",
  "status" : "SUBMITTED",
  "modifiedDate" : 1515616544347
}, {
  "id" : "d5272900-f7ee-11e7-bf50-59da7db46d70-0",
  "name" : "email36.txt",
  "createdDate" : 0,
  "text" : "Hi Brian,\n\nThis is to confirm that my patient Barbie West with a social of 222-15-9456 and birth day of 12/23/1925 will be away next week.\n\nAlso, my other patient, Dory Nemo with birth day 2001/24/04 and ssn is 414-55-2131 will also be away.\n\nThanks,\nMagic Johnson\n",
  "status" : "SUBMITTED",
  "modifiedDate" : 1516381641372
} ]