{
  "id" : "15ca6720-08f7-11e7-9114-410e459ff229-7",
  "name" : "Address List 9_7.txt",
  "version" : 3,
  "text" : "137 Teaticket Hwy, East Falmouth MA 2536\n",
  "docLength" : 0,
  "language" : "EN",
  "status" : "SUBMITTED",
  "modifiedDate" : 1489526780131,
  "documentSet" : [ ],
  "preannotation" : [ "PRE_RULE" ],
  "sentences" : [ {
    "id" : "s0",
    "begin" : 0,
    "end" : 40,
    "text" : "137 Teaticket Hwy, East Falmouth MA 2536",
    "tokens" : [ {
      "id" : "s0-t0",
      "begin" : 0,
      "end" : 3,
      "text" : "137",
      "whiteSpace" : false
    }, {
      "id" : "s0-t1",
      "begin" : 4,
      "end" : 13,
      "text" : "Teaticket",
      "whiteSpace" : false
    }, {
      "id" : "s0-t2",
      "begin" : 14,
      "end" : 17,
      "text" : "Hwy",
      "whiteSpace" : false
    }, {
      "id" : "s0-t3",
      "begin" : 17,
      "end" : 18,
      "text" : ",",
      "whiteSpace" : false
    }, {
      "id" : "s0-t4",
      "begin" : 19,
      "end" : 23,
      "text" : "East",
      "whiteSpace" : false
    }, {
      "id" : "s0-t5",
      "begin" : 24,
      "end" : 32,
      "text" : "Falmouth",
      "whiteSpace" : false
    }, {
      "id" : "s0-t6",
      "begin" : 33,
      "end" : 35,
      "text" : "MA",
      "whiteSpace" : false
    }, {
      "id" : "s0-t7",
      "begin" : 36,
      "end" : 40,
      "text" : "2536",
      "whiteSpace" : false
    } ]
  } ],
  "mentions" : [ {
    "id" : "rulepre_0",
    "properties" : {
      "SIRE_MENTION_ROLE" : "Street_ID",
      "SIRE_ENTITY_SUBTYPE" : "NONE",
      "SIRE_MENTION_TYPE" : "NONE",
      "SIRE_MENTION_CLASS" : "SPC"
    },
    "type" : "Street_ID",
    "begin" : 0,
    "end" : 3,
    "inCoref" : false
  }, {
    "id" : "rulepre_1",
    "properties" : {
      "SIRE_MENTION_ROLE" : "Street_Name",
      "SIRE_ENTITY_SUBTYPE" : "NONE",
      "SIRE_MENTION_TYPE" : "NONE",
      "SIRE_MENTION_CLASS" : "SPC"
    },
    "type" : "Street_Name",
    "begin" : 4,
    "end" : 13,
    "inCoref" : false
  }, {
    "id" : "rulepre_2",
    "properties" : {
      "SIRE_MENTION_ROLE" : "Street_Type",
      "SIRE_ENTITY_SUBTYPE" : "NONE",
      "SIRE_MENTION_TYPE" : "NONE",
      "SIRE_MENTION_CLASS" : "SPC"
    },
    "type" : "Street_Type",
    "begin" : 14,
    "end" : 17,
    "inCoref" : false
  }, {
    "id" : "rulepre_4",
    "properties" : {
      "SIRE_MENTION_ROLE" : "Street_Direction",
      "SIRE_ENTITY_SUBTYPE" : "NONE",
      "SIRE_MENTION_TYPE" : "NONE",
      "SIRE_MENTION_CLASS" : "SPC"
    },
    "type" : "Street_Direction",
    "begin" : 19,
    "end" : 23,
    "inCoref" : false
  }, {
    "id" : "s0-m6",
    "properties" : {
      "SIRE_MENTION_ROLE" : "City",
      "SIRE_ENTITY_SUBTYPE" : "NONE",
      "SIRE_MENTION_TYPE" : "NONE",
      "SIRE_MENTION_CLASS" : "SPC"
    },
    "type" : "City",
    "begin" : 24,
    "end" : 32,
    "inCoref" : false
  }, {
    "id" : "rulepre_3",
    "properties" : {
      "SIRE_MENTION_ROLE" : "State",
      "SIRE_ENTITY_SUBTYPE" : "NONE",
      "SIRE_MENTION_TYPE" : "NONE",
      "SIRE_MENTION_CLASS" : "SPC"
    },
    "type" : "State",
    "begin" : 33,
    "end" : 35,
    "inCoref" : false
  } ],
  "relations" : [ ],
  "corefs" : [ ],
  "typeResolved" : true,
  "userResolved" : false
}