{
  "id" : "1e873050-08f7-11e7-8c66-35e044ecf34d-3",
  "name" : "Address List 9_215.txt",
  "version" : 3,
  "text" : "1903 Cobbs Ford Rd, Prattville AL 36066\n",
  "docLength" : 0,
  "language" : "EN",
  "status" : "SUBMITTED",
  "modifiedDate" : 1489526875693,
  "documentSet" : [ ],
  "preannotation" : [ "PRE_RULE" ],
  "sentences" : [ {
    "id" : "s0",
    "begin" : 0,
    "end" : 39,
    "text" : "1903 Cobbs Ford Rd, Prattville AL 36066",
    "tokens" : [ {
      "id" : "s0-t0",
      "begin" : 0,
      "end" : 4,
      "text" : "1903",
      "whiteSpace" : false
    }, {
      "id" : "s0-t1",
      "begin" : 5,
      "end" : 10,
      "text" : "Cobbs",
      "whiteSpace" : false
    }, {
      "id" : "s0-t2",
      "begin" : 11,
      "end" : 15,
      "text" : "Ford",
      "whiteSpace" : false
    }, {
      "id" : "s0-t3",
      "begin" : 16,
      "end" : 18,
      "text" : "Rd",
      "whiteSpace" : false
    }, {
      "id" : "s0-t4",
      "begin" : 18,
      "end" : 19,
      "text" : ",",
      "whiteSpace" : false
    }, {
      "id" : "s0-t5",
      "begin" : 20,
      "end" : 30,
      "text" : "Prattville",
      "whiteSpace" : false
    }, {
      "id" : "s0-t6",
      "begin" : 31,
      "end" : 33,
      "text" : "AL",
      "whiteSpace" : false
    }, {
      "id" : "s0-t7",
      "begin" : 34,
      "end" : 39,
      "text" : "36066",
      "whiteSpace" : false
    } ]
  } ],
  "mentions" : [ {
    "id" : "rulepre_0",
    "properties" : {
      "SIRE_MENTION_ROLE" : "Street_ID",
      "SIRE_ENTITY_SUBTYPE" : "NONE",
      "SIRE_MENTION_TYPE" : "NONE",
      "SIRE_MENTION_CLASS" : "SPC"
    },
    "type" : "Street_ID",
    "begin" : 0,
    "end" : 4,
    "inCoref" : false
  }, {
    "id" : "rulepre_1",
    "properties" : {
      "SIRE_MENTION_ROLE" : "Street_Name",
      "SIRE_ENTITY_SUBTYPE" : "NONE",
      "SIRE_MENTION_TYPE" : "NONE",
      "SIRE_MENTION_CLASS" : "SPC"
    },
    "type" : "Street_Name",
    "begin" : 5,
    "end" : 15,
    "inCoref" : false
  }, {
    "id" : "rulepre_2",
    "properties" : {
      "SIRE_MENTION_ROLE" : "Street_Type",
      "SIRE_ENTITY_SUBTYPE" : "NONE",
      "SIRE_MENTION_TYPE" : "NONE",
      "SIRE_MENTION_CLASS" : "SPC"
    },
    "type" : "Street_Type",
    "begin" : 16,
    "end" : 18,
    "inCoref" : false
  }, {
    "id" : "s0-m6",
    "properties" : {
      "SIRE_MENTION_ROLE" : "City",
      "SIRE_ENTITY_SUBTYPE" : "NONE",
      "SIRE_MENTION_TYPE" : "NONE",
      "SIRE_MENTION_CLASS" : "SPC"
    },
    "type" : "City",
    "begin" : 20,
    "end" : 30,
    "inCoref" : false
  }, {
    "id" : "rulepre_3",
    "properties" : {
      "SIRE_MENTION_ROLE" : "State",
      "SIRE_ENTITY_SUBTYPE" : "NONE",
      "SIRE_MENTION_TYPE" : "NONE",
      "SIRE_MENTION_CLASS" : "SPC"
    },
    "type" : "State",
    "begin" : 31,
    "end" : 33,
    "inCoref" : false
  }, {
    "id" : "rulepre_4",
    "properties" : {
      "SIRE_MENTION_ROLE" : "Zip_Code",
      "SIRE_ENTITY_SUBTYPE" : "NONE",
      "SIRE_MENTION_TYPE" : "NONE",
      "SIRE_MENTION_CLASS" : "SPC"
    },
    "type" : "Zip_Code",
    "begin" : 34,
    "end" : 39,
    "inCoref" : false
  } ],
  "relations" : [ ],
  "corefs" : [ ],
  "typeResolved" : true,
  "userResolved" : false
}