{
  "id" : "ed8851e0-09c9-11e7-ba59-934669a05b50-48",
  "name" : "Address List 9_57.txt",
  "version" : 3,
  "text" : "2246 N Victor Ave Tulsa, OK 74110-2003\n",
  "docLength" : 0,
  "language" : "EN",
  "status" : "SUBMITTED",
  "modifiedDate" : 1489694595087,
  "documentSet" : [ ],
  "preannotation" : [ "PRE_RULE" ],
  "sentences" : [ {
    "id" : "s0",
    "begin" : 0,
    "end" : 38,
    "text" : "2246 N Victor Ave Tulsa, OK 74110-2003",
    "tokens" : [ {
      "id" : "s0-t0",
      "begin" : 0,
      "end" : 4,
      "text" : "2246",
      "whiteSpace" : false
    }, {
      "id" : "s0-t1",
      "begin" : 5,
      "end" : 6,
      "text" : "N",
      "whiteSpace" : false
    }, {
      "id" : "s0-t2",
      "begin" : 7,
      "end" : 13,
      "text" : "Victor",
      "whiteSpace" : false
    }, {
      "id" : "s0-t3",
      "begin" : 14,
      "end" : 17,
      "text" : "Ave",
      "whiteSpace" : false
    }, {
      "id" : "s0-t4",
      "begin" : 18,
      "end" : 23,
      "text" : "Tulsa",
      "whiteSpace" : false
    }, {
      "id" : "s0-t5",
      "begin" : 23,
      "end" : 24,
      "text" : ",",
      "whiteSpace" : false
    }, {
      "id" : "s0-t6",
      "begin" : 25,
      "end" : 27,
      "text" : "OK",
      "whiteSpace" : false
    }, {
      "id" : "s0-t7",
      "begin" : 28,
      "end" : 38,
      "text" : "74110-2003",
      "whiteSpace" : false
    } ]
  } ],
  "mentions" : [ {
    "id" : "rulepre_0",
    "properties" : {
      "SIRE_MENTION_TYPE" : "NONE",
      "SIRE_MENTION_CLASS" : "SPC",
      "SIRE_MENTION_ROLE" : "Street_ID",
      "SIRE_ENTITY_SUBTYPE" : "NONE"
    },
    "type" : "Street_ID",
    "begin" : 0,
    "end" : 4,
    "inCoref" : false
  }, {
    "id" : "s0-m7",
    "properties" : {
      "SIRE_MENTION_ROLE" : "Street_Direction",
      "SIRE_ENTITY_SUBTYPE" : "NONE",
      "SIRE_MENTION_TYPE" : "NONE",
      "SIRE_MENTION_CLASS" : "SPC"
    },
    "type" : "Street_Direction",
    "begin" : 5,
    "end" : 6,
    "inCoref" : false
  }, {
    "id" : "rulepre_1",
    "properties" : {
      "SIRE_MENTION_TYPE" : "NONE",
      "SIRE_MENTION_CLASS" : "SPC",
      "SIRE_MENTION_ROLE" : "Street_Name",
      "SIRE_ENTITY_SUBTYPE" : "NONE"
    },
    "type" : "Street_Name",
    "begin" : 7,
    "end" : 13,
    "inCoref" : false
  }, {
    "id" : "s0-m8",
    "properties" : {
      "SIRE_MENTION_ROLE" : "Street_Type",
      "SIRE_ENTITY_SUBTYPE" : "NONE",
      "SIRE_MENTION_TYPE" : "NONE",
      "SIRE_MENTION_CLASS" : "SPC"
    },
    "type" : "Street_Type",
    "begin" : 14,
    "end" : 17,
    "inCoref" : false
  }, {
    "id" : "rulepre_2",
    "properties" : {
      "SIRE_MENTION_ROLE" : "City",
      "SIRE_ENTITY_SUBTYPE" : "NONE",
      "SIRE_MENTION_TYPE" : "NONE",
      "SIRE_MENTION_CLASS" : "SPC"
    },
    "type" : "City",
    "begin" : 18,
    "end" : 23,
    "inCoref" : false
  }, {
    "id" : "rulepre_3",
    "properties" : {
      "SIRE_MENTION_TYPE" : "NONE",
      "SIRE_MENTION_CLASS" : "SPC",
      "SIRE_MENTION_ROLE" : "State",
      "SIRE_ENTITY_SUBTYPE" : "NONE"
    },
    "type" : "State",
    "begin" : 25,
    "end" : 27,
    "inCoref" : false
  }, {
    "id" : "rulepre_5",
    "properties" : {
      "SIRE_MENTION_TYPE" : "NONE",
      "SIRE_MENTION_CLASS" : "SPC",
      "SIRE_MENTION_ROLE" : "Zip_Code",
      "SIRE_ENTITY_SUBTYPE" : "NONE"
    },
    "type" : "Zip_Code",
    "begin" : 28,
    "end" : 38,
    "inCoref" : false
  } ],
  "relations" : [ ],
  "corefs" : [ ],
  "typeResolved" : true,
  "userResolved" : false
}