{
  "id" : "ed8851e0-09c9-11e7-ba59-934669a05b50-32",
  "name" : "Address List 9_41.txt",
  "version" : 3,
  "text" : "1095 Industrial Pkwy, Saraland AL 36571\n",
  "docLength" : 0,
  "language" : "EN",
  "status" : "SUBMITTED",
  "modifiedDate" : 1489693348070,
  "documentSet" : [ ],
  "preannotation" : [ "PRE_RULE" ],
  "sentences" : [ {
    "id" : "s0",
    "begin" : 0,
    "end" : 39,
    "text" : "1095 Industrial Pkwy, Saraland AL 36571",
    "tokens" : [ {
      "id" : "s0-t0",
      "begin" : 0,
      "end" : 4,
      "text" : "1095",
      "whiteSpace" : false
    }, {
      "id" : "s0-t1",
      "begin" : 5,
      "end" : 15,
      "text" : "Industrial",
      "whiteSpace" : false
    }, {
      "id" : "s0-t2",
      "begin" : 16,
      "end" : 20,
      "text" : "Pkwy",
      "whiteSpace" : false
    }, {
      "id" : "s0-t3",
      "begin" : 20,
      "end" : 21,
      "text" : ",",
      "whiteSpace" : false
    }, {
      "id" : "s0-t4",
      "begin" : 22,
      "end" : 30,
      "text" : "Saraland",
      "whiteSpace" : false
    }, {
      "id" : "s0-t5",
      "begin" : 31,
      "end" : 33,
      "text" : "AL",
      "whiteSpace" : false
    }, {
      "id" : "s0-t6",
      "begin" : 34,
      "end" : 39,
      "text" : "36571",
      "whiteSpace" : false
    } ]
  } ],
  "mentions" : [ {
    "id" : "s0-m6",
    "properties" : {
      "SIRE_MENTION_ROLE" : "Street_ID",
      "SIRE_ENTITY_SUBTYPE" : "NONE",
      "SIRE_MENTION_TYPE" : "NONE",
      "SIRE_MENTION_CLASS" : "SPC"
    },
    "type" : "Street_ID",
    "begin" : 0,
    "end" : 4,
    "inCoref" : false
  }, {
    "id" : "s0-m3",
    "properties" : {
      "SIRE_MENTION_ROLE" : "Street_Name",
      "SIRE_ENTITY_SUBTYPE" : "NONE",
      "SIRE_MENTION_TYPE" : "NONE",
      "SIRE_MENTION_CLASS" : "SPC"
    },
    "type" : "Street_Name",
    "begin" : 5,
    "end" : 15,
    "inCoref" : false
  }, {
    "id" : "s0-m4",
    "properties" : {
      "SIRE_MENTION_ROLE" : "Street_Type",
      "SIRE_ENTITY_SUBTYPE" : "NONE",
      "SIRE_MENTION_TYPE" : "NONE",
      "SIRE_MENTION_CLASS" : "SPC"
    },
    "type" : "Street_Type",
    "begin" : 16,
    "end" : 20,
    "inCoref" : false
  }, {
    "id" : "s0-m5",
    "properties" : {
      "SIRE_MENTION_ROLE" : "City",
      "SIRE_ENTITY_SUBTYPE" : "NONE",
      "SIRE_MENTION_TYPE" : "NONE",
      "SIRE_MENTION_CLASS" : "SPC"
    },
    "type" : "City",
    "begin" : 22,
    "end" : 30,
    "inCoref" : false
  }, {
    "id" : "rulepre_0",
    "properties" : {
      "SIRE_MENTION_TYPE" : "NONE",
      "SIRE_MENTION_CLASS" : "SPC",
      "SIRE_MENTION_ROLE" : "State",
      "SIRE_ENTITY_SUBTYPE" : "NONE"
    },
    "type" : "State",
    "begin" : 31,
    "end" : 33,
    "inCoref" : false
  }, {
    "id" : "rulepre_1",
    "properties" : {
      "SIRE_MENTION_TYPE" : "NONE",
      "SIRE_MENTION_CLASS" : "SPC",
      "SIRE_MENTION_ROLE" : "Zip_Code",
      "SIRE_ENTITY_SUBTYPE" : "NONE"
    },
    "type" : "Zip_Code",
    "begin" : 34,
    "end" : 39,
    "inCoref" : false
  } ],
  "relations" : [ ],
  "corefs" : [ ],
  "typeResolved" : true,
  "userResolved" : false
}