"lemma","poscode","surface"
"alabama","3","alabama","al"
"arizona","3","arizona","az"
"alaska","3","alaska","ak"
"australian antarctic territory","3","australian antarctic territory","aat"
"alberta","3","alberta","ab"
"yukon","3","yukon","yt","the yukon","yukon territory"
"wyoming","3","wyoming","wy"
"wisconsin","3","wisconsin","wi"
"western australia","3","western australia","wa"
"west virginia","3","west virginia","wv"
"washington","3","washington","wa"
"virginia","3","virginia","va"
"victoria","3","victoria","vic"
"vermont","3","vermont","vt"
"utah","3","utah","ut"
"texas","3","texas","tx"
"tennessee","3","tennessee","tn"
"tasmania","3","tasmania","tas"
"southern australia","3","southern australia","sa"
"south dakota","3","south dakota","sd"
"south carolina","3","south carolina","sc"
"saskatchewan","3","saskatchewan","sk"
"rhode island","3","rhode island","ri"
"queensland","3","queensland","qld"
"quebec","3","quebec","qc"
"prince edward island","3","prince edward island","pe","pei"
"pennsylvania","3","pennsylvania","pa"
"oregon","3","oregon","or"
"ontario","3","ontario","on"
"oklahoma","3","oklahoma","ok"
"ohio","3","ohio","oh"
"nunavut","3","nunavut","nu"
"northwest territories","3","northwest territories","nt","nwt"
"nova scotia","3","nova scotia","ns"
"northern territory","3","northern territory","nt"
"north dakota","3","north dakota","nd"
"north carolina","3","north carolina","nc"
"newfoundland","3","newfoundland","nl"
"new york","3","new york","ny"
"new south wales","3","new south wales","nsw"
"new mexico","3","new mexico","nm"
"new jersey","3","new jersey","nj"
"new hampshire","3","new hampshire","nh"
"new brunswick","3","new brunswick","nb"
"nevada","3","nevada","nv"
"nebraska","3","nebraska","ne"
"montana","3","montana","mt"
"missouri","3","missouri","mo"
"mississippi","3","mississippi","ms"
"minnesota","3","minnesota","mn"
"michigan","3","michigan","mi"
"massachusetts","3","massachusetts","ma"
"maryland","3","maryland","md"
"manitoba","3","manitoba","mb"
"maine","3","maine","me"
"louisiana","3","louisiana","la"
"kentucky","3","kentucky","ky"
"kansas","3","kansas","ks"
"jervis bay territory","3","jervis bay territory","jbt"
"iowa","3","iowa","ia"
"indiana","3","indiana","in"
"illinois","3","illinois","il"
"idaho","3","idaho","id"
"hawaii","3","hawaii","hi"
"georgia","3","georgia","ga"
"florida","3","florida","fl"
"district of columbia","3","district of columbia","dc"
"delaware","3","delaware","de"
"connecticut","3","connecticut","ct"
"colorado","3","colorado","co"
"california","3","california","ca"
"british columbia","3","british columbia","bc"
"australian capital territory","3","australian capital territory","act"
"arkansas","3","arkansas","ar"
