"lemma","poscode","surface"
"barbeque","3","barbeque","bbq","barbecue"
"bathing box","3","bathing box","bbox"
"antenna","3","antenna","ant"
"allotment","3","allotment"
"apartment","3","apartment","apartement","apt","aprt","apparement","appartment"
"suite","3","suite","ste"
"substation","3","substation","subs"
"studio","3","studio","stu"
"strata unit","3","strata unit","su"
"stop","3","stop"
"tenancy","3","tenancy","tncy"
"station","3","station"
"stall","3","stall","stl","stll","sl"
"space","3","space","spc"
"site","3","site"
"sign","3","sign"
"showroom","3","showroom","shrm"
"shed","3","shed","shd"
"section","3","section","sec"
"room","3","room","rm"
"reserve","3","reserve","rsve","rsrv","rsv"
"rear of","3","rear of","r / o","r o"
"rear","3","rear"
"portion","3","portion","por"
"pier","3","pier"
"penthouse","3","penthouse","pths","ph","pent house"
"office","3","office","ofc","off","offc"
"marine berth","3","marine berth","mb","mbth"
"maisonette","3","maisonette","msnt"
"lower","3","lower","lwr"
"lot","3","lot"
"location","3","location","loc"
"lobby","3","lobby","lby","lbby"
"lease","3","lease","lse"
"kiosk","3","kiosk","ksk"
"hangar","3","hangar","hngr"
"hall","3","hall"
"garage","3","garage","grge"
"front","3","front","frnt"
"flat","3","flat","ft","fl","flt","f"
"farm","3","farm","frm"
"factory","3","factory","fcty","fty","fy"
"extension","3","extension","ext","extn"
"duplex","3","duplex","dup"
"department","3","department","dept"
"club","3","club"
"carspace","3","carspace","cars"
"carpark","3","carpark","carp"
"caravan","3","caravan","cvan"
"cage","3","cage"
"building","3","building","bdg","bldg","blg"
"berth","3","berth","brth"
"number","3","number","#","nbr","num","no","nmbr","nr"
"tower","3","tower","twr"
"townhouse","3","townhouse","tnhs"
"bungalow","3","bungalow","bongalow","bunglow","bungalo","bngw","bnglw"
"trailer","3","trailer","trlr"
"unit","3","unit","un","unt"
"van","3","van"
"vault","3","vault","vlt"
"villa","3","villa","vlla","vl"
"ward","3","ward","wrd","wd"
"warehouse","3","warehouse","we","whs"
"workshop","3","workshop","wshp","wkshp","wksp"
