"lemma","poscode","surface"
"circuit","3","circuit","crct","circ","cct","cirt","ci","circt"
"circlet","3","circlet","clt"
"circles","3","circles","cirs"
"circle","3","circle","cir","circel"
"chase","3","chase","ch","chas"
"centreway","3","centreway","cnwy"
"centers","3","centers","ctrs"
"center","3","center","centre","cetr","cntr","ctr","c","cen"
"caravan","3","caravan","cvan","cvn","c van"
"causeway","3","causeway","csway","cswy","causewy","caus","cause","cway"
"canyon","3","canyon","cyn","cnyn"
"boulevard","3","boulevard","bd","bde","blv","blvd","blvde","blvrd","boulavard","boul","boulv","bvd","boulevarde"
"cape","3","cape","cpe"
"camp","3","camp","cp"
"byway","3","byway","bywy"
"avenues","3","avenues","avs","aves","avens","avenus","avns","avnus","avnues"
"bypass","3","bypass","bypa","byps","bps","byp"
"butte","3","butte","btte","bte"
"burgs","3","burgs","brgs"
"burg","3","burg","bg"
"brow","3","brow","brw"
"brooks","3","brooks","brks"
"brook","3","brook","brk"
"broadway","3","broadway","bdwy","bway","bwy","brdway"
"bridge","3","bridge","bdge","br","brdg","bri","brg"
"break","3","break","brk"
"brae","3","brae","br"
"branch","3","branch","br","brnch","brch"
"brace","3","brace","br","brce"
"bowl","3","bowl","bl"
"boundary","3","boundary","bdy"
"bottoms","3","bottoms","bttms","btms","bottms"
"bottom","3","bottom","bot","bottm","btm","bttm"
"boardwalk","3","boardwalk","bwk","bwlk","board walk"
"avenue","3","avenue","av","ave","aven","avenu","avn","avnu","avnue"
"bluff","3","bluff","blf","bluf","bluffs"
"block","3","block","blk","blck"
"bend","3","bend","bnd"
"belt","3","belt","blt"
"beach","3","beach","baech","bch","beech"
"bayou","3","bayou","byu","bayoo"
"bay","3","bay"
"basin","3","basin","basn","bsn"
"bank","3","bank","bnk"
"back","3","back","bk"
"autoroute","3","autoroute","aut"
"artery","3","artery","art","arty"
"arterial","3","arterial","artl"
"arcade","3","arcade","arc"
"approach","3","approach","app","apch","appr"
"apartments","3","apartments","apts","appartments"
"annex","3","annex","anx"
"anchorage","3","anchorage","ancg"
"amble","3","amble","ambl"
"alleyway","3","alleyway","alwy","allyway","allwy"
"alley","3","alley","aly","ally","alee"
"acres","3","acres","acrs"
"access","3","access","accs"
"abbey","3","abbey","abby"
"cul de sac","3","cul de sac","cul-de-sac","culdesac","cds","cusac","csac"
"crossway","3","crossway","cowy","crwy","xway","xwy","x-way","x way","x-wy","xwy"
"crossroad","3","crossroad","crd","cross road","xroad","x-road","x road","xrd","x-rd","x rd"
"crossing","3","crossing","crsg","xing","csg","x ing","x-ing"
"dene","3","dene"
"dell","3","dell"
"dale","3","dale","dle"
"cutting","3","cutting","cttg","ctg","cutt"
"curve","3","curve","cve","crv","crve","curv"
"cul","3","cul"
"cruiseway","3","cruiseway","cuwy","crwy"
"crossroads","3","crossroads","cross roads","xrds"
"cross","3","cross","cs","crss"
"croft","3","croft","cft"
"crief","3","crief","crf"
"crest","3","crest","crst","cst"
"crescent","3","crescent","cr","cres","crs","crecent"
"creek","3","creek","cr","crk"
"cove","3","cove","cov","ce","cv"
"county route","3","county route","cr","c.r.","c.r","c r","co.r","co r","c.rt","c rt","co.rt","co rt","cty.r","cty r","cty.rt","cty rt","c.rte","c rte","co.rte","co rte","cty.rte","cty rte","county touring route"
"courtyard","3","courtyard","cyd","ctyd"
"courts","3","courts","crts","cts"
"court","3","court","ct","crt"
"course","3","course","crse"
"corso","3","corso","cso"
"corseo","3","corseo","cseo"
"corners","3","corners","cnrs","crns","cors"
"corner","3","corner","cnr","crn","cor"
"copse","3","copse","cps"
"connector","3","connector","conr","cnctr","cntr"
"connection","3","connection","cntn","cxn"
"concourse","3","concourse","con","concs","concse","cnc"
"concession","3","concession","conc"
"concord","3","concord","cncd","cncrd"
"commons","3","commons","cmmns","cmns","comms"
"common","3","common","cmmn","comm","cmn"
"colonnade","3","colonnade","clde","clnde"
"cluster","3","cluster","clr","clstr"
"county road","3","county road","cr","c.r.","c.r","c r","co.r","co r","c.rd","c rd","co.rd","co rd","cty.r","cty r","cty.rd","cty rd"
"close","3","close","cl","cls","clse"
"cliffs","3","cliffs","clfs"
"cliff","3","cliff","clf"
"claim","3","claim","clm"
"circus","3","circus","crcs","crc"
"county highway","3","county highway","ch","c.h.","c.h","c h","c.hw","c hw","co.hw","co hw","cty.hw","cty hw","c.hgwy","c hgwy","co.hgwy","co hgwy","cty.hgwy","cty hgwy","c.hway","c hway","co.hway","co hway","cty.hway","cty hway","c.hwy","c hwy","co.hwy","co hwy","cty.hwy","cty hwy","c.hi","c hi","co.hi","co hi","cty.hi","cty hi"
"gulch","3","gulch"
"grove","3","grove","gr","grv","grve","gro"
"grounds","3","grounds","grnds"
"ground","3","ground","grnd"
"green","3","green","grn","gn"
"grange","3","grange","gra"
"expressway","3","expressway","exp","expwy","expway","expy"
"driveway","3","driveway","drwy","dvwy","dwy","dway","drvwy"
"glen","3","glen","gln"
"glade","3","glade","gl","gld","glde"
"gateway","3","gateway","gwy","gway","gtwy","gtway"
"gates","3","gates","gtes"
"gate","3","gate","ga","gte"
"gardens","3","gardens","gdns","grds","grdns"
"garden","3","garden","gdn","grd","grdn"
"gap","3","gap"
"frontage","3","frontage","frtg","fr"
"front","3","front","frnt"
"freeway","3","freeway","frwy","fw","fwy","fway"
"formation","3","formation","form","fmtn"
"foreshore","3","foreshore","fshr","fore shore"
"ford","3","ford","frd"
"footway","3","footway","ftwy","foot way"
"follow","3","follow","folw"
"flats","3","flats","flts"
"flat","3","flat","fl","flt"
"firetrail","3","firetrail","fit","fitr","fire trail"
"firetrack","3","firetrack","ftrk","fire track"
"fireline","3","fireline","fline","fire line","flne"
"fields","3","fields","flds","fds"
"field","3","field","fld","fd"
"ferry","3","ferry","fry","fy"
"fern","3","fern"
"farms","3","farms","frms"
"farm","3","farm","frm"
"fare","3","fare"
"falls","3","falls","fls"
"fall","3","fall","fl"
"fairway","3","fairway","fawy","fy"
"extensions","3","extensions","exts"
"extension","3","extension","ex","ext","extn","exten"
"exit","3","exit"
"estates","3","estates","ests"
"estate","3","estate","est"
"esplanade","3","esplanade","esp","espl"
"entrance","3","entrance","ent","entr"
"end","3","end"
"elm","3","elm"
"elbow","3","elbow","elb"
"edge","3","edge","edg"
"easement","3","easement","esmt"
"drove","3","drove","drov"
"drive","3","drive","dr","drv","dv","dve"
"downs","3","downs","dns","dwns"
"down","3","down","dn"
"diversion","3","diversion","divers"
"divide","3","divide","div"
"distributor","3","distributor","dstr"
"dip","3","dip"
"deviation","3","deviation","devn"
"grand boulevard","3","grand boulevard","gbd","grbd","grdbd","gdbd","g bd","gr bd","grd bd","gd bd","g blvd","gr blvd","grd blvd","gd blvd","g bde","gr bde","grd bde","gd bde","g blvrd","gr blvrd","grd blvrd","gd blvrd","g boul","gr boul","grd boul","gd boul","g bvd","gr bvd","grd bvd","gd bvd","g bld","gr bld","grd bld","gd bld"
"park","3","park","pk","prk"
"parade","3","parade","pde","prd","prde"
"palms","3","palms","plms"
"paddock","3","paddock","padk"
"overpass","3","overpass","over pass","opas"
"overlook","3","overlook","over look","ovlk"
"overbridge","3","overbridge","ovrb","over bridge"
"oval","3","oval"
"outlook","3","outlook","out","otlk"
"outlet","3","outlet","otlt"
"oaks","3","oaks"
"nook","3","nook","nk"
"neaves","3","neaves","nvs"
"motorway","3","motorway","mway","mwy","mtwy"
"number","3","number","#","nbr","num","no","nmbr","nr"
"moor","3","moor"
"junction","3","junction","jct","jnc","jnct","jctn","jtn","junct","j"
"intersection","3","intersection","intn","inter section","intsctn"
"mills","3","mills","mls"
"mill","3","mill","ml"
"mile","3","mile","mi"
"mews","3","mews","mws"
"mew","3","mew","mw"
"meander","3","meander","mndr","mdr","mr"
"mead","3","mead","md"
"highway","3","highway","hgwy","hw","hway","hwy","hi","hwye","hywy"
"meadows","3","meadows","mdws"
"meadow","3","meadow","mdw"
"maze","3","maze"
"manor","3","manor","mnr"
"highroad","3","highroad","hrd","high road","hird","hi.rd","hi rd"
"mall","3","mall","ml"
"lynne","3","lynne","lynn"
"lot","3","lot"
"loops","3","loops","lps"
"loop","3","loop","lp"
"lookout","3","lookout","lkt","look out"
"loaf","3","loaf","lf"
"little","3","little","lit","ltl","lt"
"link","3","link","lnk","lk"
"line","3","line","ln"
"limits","3","limits","lmts"
"light","3","light","lgt","lt"
"lees","3","lees"
"laneway","3","laneway","lnwy"
"lane","3","lane","l","ln","la"
"landing","3","landing","ldg","lndg","landng"
"land","3","land"
"lagoon","3","lagoon","lagn","lgn","lagon"
"ladder","3","ladder","ladr"
"knolls","3","knolls","knls"
"knoll","3","knoll","knol","knl"
"knob","3","knob"
"keys","3","keys","kys"
"key","3","key","ky"
"junctions","3","junctions","jcts"
"isle","3","isle"
"islands","3","islands","iss","ids","islds"
"island","3","island","is","id","i","isl","isld"
"interstate","3","interstate","inter state","i"
"interchange","3","interchange","intg","intchg","inter change"
"inlet","3","inlet","inlt"
"impasse","3","impasse","imp"
"hub","3","hub"
"hollow","3","hollow","hllw"
"hills","3","hills","hls"
"hill","3","hill","hl"
"highlands","3","highlands","hghlds","hlds","hglds"
"heath","3","heath","hth"
"heads","3","heads","hds"
"head","3","head","hd"
"heights","3","heights","hghts","hgts","hieghts","ht","hts","hgths"
"haven","3","haven","hvn"
"harbors","3","harbors","hbrs"
"harbor","3","harbor","harbour","hbr","hrbr"
"hanger","3","hanger","hngr"
"gully","3","gully","gly"
"service road","3","service road","svc rd","svc road","service rd"
"shore","3","shore","shor","shr"
"shoals","3","shoals","shls"
"shoal","3","shoal","shl"
"serviceway","3","serviceway","swy","svwy","svcwy"
"run","3","run","rn"
"row","3","row","rw"
"route","3","route","rt","rte"
"roundabout","3","roundabout"
"round","3","round","rnd"
"rotary","3","rotary","rty"
"rosebowl","3","rosebowl","rsbl","rose bowl"
"right of way","3","right of way","rowy","rightofway","rofw","row","r o w","r of w","r / o / w"
"reserve","3","reserve","res","resrv","resv","rsrv","rserv","rserve","rsrve"
"ronde","3","ronde","rnde"
"railroad right of way","3","railroad right of way","rr row","rr-row","rrrow","rr.row","rr r / o / w"
"rocks","3","rocks","rks"
"roadway","3","roadway","rdwy","rdw","rdy"
"pathway","3","pathway","phwy","pway","pthway","pthwy","ptway","ptwy"
"roadside","3","roadside","rdsd","road side"
"roads","3","roads","raods","rds"
"road","3","road","raod","rd"
"riviera","3","riviera","rvra"
"riverway","3","riverway","rvwy"
"rise","3","rise","ri"
"ring","3","ring"
"ridgeway","3","ridgeway","rgwy","rdgwy","ridge way"
"ridges","3","ridges","rdgs"
"ridge","3","ridge","rdge","rdg"
"ride","3","ride"
"return","3","return","rtn"
"retreat","3","retreat","rt","rtt"
"parkway","3","parkway","pkwy","parkwy","pky","pkway","prkwy","prkway","pkw","pwy"
"rest","3","rest","rst"
"reef","3","reef"
"reach","3","reach","rch"
"range","3","range","rng","rnge","rang"
"rapids","3","rapids","rpds"
"rapid","3","rapid","rpd"
"ranch","3","ranch","rnch"
"ranae","3","ranae","ran"
"ramp","3","ramp","rmp"
"ramble","3","ramble","ra","rmbl"
"radial","3","radial","radl"
"parklands","3","parklands","pkld","pklds","parkland","park lands","park land"
"quays","3","quays","quys","qys"
"quay","3","quay","quy","qy"
"quadrant","3","quadrant","qdrt","qd"
"quadrangle","3","quadrangle","qdgl"
"quad","3","quad","qd"
"pursuit","3","pursuit","pur"
"promenade","3","promenade","prom","prm"
"private","3","private","pvt"
"priors","3","priors","prrs"
"prairie","3","prairie","pr"
"ports","3","ports","prts"
"port","3","port","prt"
"pointe","3","pointe","pte","pnte"
"point","3","point","piont","pnt","pt"
"pocket","3","pocket","pkt","pokt","pckt"
"prarie","3","prarie","pr"
"plaza","3","plaza","plz","plza","pz"
"plateau","3","plateau","plat","plt"
"plains","3","plains","plns","pls"
"plain","3","plain","pln","pl"
"place","3","place","pl","pla","plc"
"pond","3","pond"
"pines","3","pines","pns","pnes"
"pine","3","pine","pne","pn"
"pike","3","pike","pk"
"pier","3","pier"
"piazza","3","piazza","piaz","pzza"
"peninsula","3","peninsula","psla"
"path","3","path","pth"
"passage","3","passage","psge","pass"
"pass","3","pass","ps"
"part","3","part","prt"
"parkways","3","parkways","pkwys"
"underpass","3","underpass","upas","upass","ups","under pass"
"walkway","3","walkway","wkwy","wky","wlkwy"
"walk","3","walk","wlk","wk"
"wade","3","wade"
"vue","3","vue"
"vista","3","vista","vst","vsta","vis"
"views","3","views","vws"
"view","3","view","vw"
"viaduct","3","viaduct","via","viad","vdct","viadct"
"vennel","3","vennel"
"valleys","3","valleys","vlys","vllys"
"valley","3","valley","vlly","vly","vy"
"township road","3","township road","tr","t.r.","t.r","t r","t rd","t.rd","trd","twpr","twp.r","twp r","twp.rd","twp rd","tshp.r","tshp r","tshp.rd","tshp rd"
"vale","3","vale","va","vl"
"us route","3","us route","us rte"
"us highway","3","us highway","us hwy"
"unions","3","unions","uns"
"union","3","union","un"
"turnpike","3","turnpike","tpk","tpke"
"throughway","3","throughway","thru","thro","thruway","trwy"
"turn","3","turn","tn","trn"
"turnabout","3","turnabout","trnabt"
"tunnel","3","tunnel","tun","tunl"
"trunkway","3","trunkway","tkwy"
"truck trail","3","truck trail","trktrl"
"triangle","3","triangle","tri"
"trees","3","trees","trs"
"tramway","3","tramway","tmwy"
"tram","3","tram"
"trailer","3","trailer","trlr"
"trail","3","trail","tr","trl"
"trafficway","3","trafficway","trfy"
"track","3","track","tr","trk","trak"
"trace","3","trace","trce"
"townline","3","townline","tline"
"towers","3","towers","twrs"
"tower","3","tower","twr"
"tor","3","tor"
"top","3","top"
"tollway","3","tollway","tlwy","twy"
"thoroughway","3","thoroughway","thwy"
"thicket","3","thicket","thick"
"thoroughfare","3","thoroughfare","thor","throughfare","thorough fare","thfr"
"terrace","3","terrace","tce","ter","tr","terr","terace","terrac","terrasse","tsse"
"tarn","3","tarn","tn"
"summit","3","summit","smt","sumt"
"subway","3","subway","sbwy"
"subdivision","3","subdivision","subdiv"
"strip","3","strip","strp"
"streets","3","streets","sts"
"state road","3","state road","sr","stateroad","s.r.","s.r","s r","s.road","s road","st.road","st road","staterd","srd","s.rd","s rd","state rd","strd","st.rd","st rd"
"street","3","street","st","str"
"stravenue","3","stravenue","stra","strav"
"strands","3","strands","strnds","strds"
"strand","3","strand","stra","strnd","strd"
"steps","3","steps","stps"
"stairs","3","stairs","strs"
"squares","3","squares","sqs"
"square","3","square","sq","sqr"
"spur","3","spur","spr"
"springs","3","springs","spgs","sprngs"
"spring","3","spring","spg","sprng"
"space","3","space","spc"
"sound","3","sound","snd"
"slope","3","slope","slpe","slp"
"slip","3","slip"
"skyway","3","skyway","skwy"
"siding","3","siding","sdng","sdg"
"shunt","3","shunt","shun","shnt"
"shores","3","shores","shors","shrs"
"township route","3","township route","tr","t.r.","t.r","t r","t rt","t.rt","trt","t.rte","t rte","twpr","twp.r","twp r","twp.rt","twp rt","twp.rte","twp rte","tshp.r","tshp r","tshp.rt","tshp rt","tshp.rte","tshp rte"
"stairway","3","stairway","stwy","strwy","stair way","st.wy","st wy","str.way","str way"
"township highway","3","township highway","th","t.h.","t.h","t h","twp.h","twp h","tshp.h","tshp h","t.hw","t hw","twp.hw","twp hw","tshp.hw","tshp hw","t.hgwy","t hgwy","twp.hgwy","twp hgwy","tshp.hgwy","tshp hgwy","t.hway","t hway","twp.hway","twp hway","tshp.hway","tshp hway","t.hwy","t hwy","twp.hwy","twp hwy","tshp.hwy","tshp hwy","t.hi","t hi","twp.hi","twp hi","tshp.hi","tshp hi"
"state route","3","state route","sr","stateroute","s.r.","s.r","s r","s.route","s route","st.route","st route","statert","srt","s.rt","s rt","srte","s.rte","s rte","state rt","state rte","strt","strte","st.rt","st rt","st.rte","st rte"
"state highway","3","state highway","s.highway","s highway","st.highway","st highway","sh","s.h.","s.h","s h","st.h","st h","s.hw","s hw","st.hw","st hw","s.hwy","s hwy","shwy","s.hgwy","s hgwy","st.hgwy","st hgwy","s.hway","s hway","st.hway","st hway","s.hwy","s hwy","st.hwy","st hwy","s.hi","s hi","st.hi","st hi","statehighway"
"yard","3","yard","yd","yrd"
"wynd","3","wynd","wyn"
"wharf","3","wharf","whrf","whf"
"wells","3","wells","wls"
"well","3","well","wl"
"ways","3","ways","wys"
"way","3","way","wy"
"waters","3","waters","wtrs"
