[ {
  "id" : "e0e0e031-3d97-11e8-8407-d58220e35598",
  "name" : "states",
  "createdDate" : 1523458315699,
  "workspace" : "43220680-0b51-11e8-92a7-61e4ed9adf4a",
  "properties" : {
    "language" : "EN"
  },
  "posCodes" : [ {
    "id" : "1",
    "name" : "Pronoun",
    "createdDate" : 0
  }, {
    "id" : "2",
    "name" : "Verb",
    "createdDate" : 0
  }, {
    "id" : "3",
    "name" : "Noun",
    "createdDate" : 0
  }, {
    "id" : "4",
    "name" : "Adjective",
    "createdDate" : 0
  }, {
    "id" : "5",
    "name" : "Adverb",
    "createdDate" : 0
  }, {
    "id" : "6",
    "name" : "Adposition",
    "createdDate" : 0
  }, {
    "id" : "7",
    "name" : "Interjection",
    "createdDate" : 0
  }, {
    "id" : "8",
    "name" : "Conjunction",
    "createdDate" : 0
  }, {
    "id" : "9",
    "name" : "Determiner",
    "createdDate" : 0
  }, {
    "id" : "10",
    "name" : "Quantifier",
    "createdDate" : 0
  }, {
    "id" : "0",
    "name" : "Unknown",
    "createdDate" : 0
  } ],
  "numItems" : 74
}, {
  "id" : "eeb6e601-3d97-11e8-bb11-f563498bd1fb",
  "name" : "unit_types",
  "createdDate" : 1523458338912,
  "workspace" : "43220680-0b51-11e8-92a7-61e4ed9adf4a",
  "properties" : {
    "language" : "EN"
  },
  "posCodes" : [ {
    "id" : "1",
    "name" : "Pronoun",
    "createdDate" : 0
  }, {
    "id" : "2",
    "name" : "Verb",
    "createdDate" : 0
  }, {
    "id" : "3",
    "name" : "Noun",
    "createdDate" : 0
  }, {
    "id" : "4",
    "name" : "Adjective",
    "createdDate" : 0
  }, {
    "id" : "5",
    "name" : "Adverb",
    "createdDate" : 0
  }, {
    "id" : "6",
    "name" : "Adposition",
    "createdDate" : 0
  }, {
    "id" : "7",
    "name" : "Interjection",
    "createdDate" : 0
  }, {
    "id" : "8",
    "name" : "Conjunction",
    "createdDate" : 0
  }, {
    "id" : "9",
    "name" : "Determiner",
    "createdDate" : 0
  }, {
    "id" : "10",
    "name" : "Quantifier",
    "createdDate" : 0
  }, {
    "id" : "0",
    "name" : "Unknown",
    "createdDate" : 0
  } ],
  "numItems" : 64
}, {
  "id" : "f95e4121-3d97-11e8-aaf3-350569a310fb",
  "name" : "street_types",
  "createdDate" : 1523458356786,
  "workspace" : "43220680-0b51-11e8-92a7-61e4ed9adf4a",
  "properties" : {
    "language" : "EN"
  },
  "posCodes" : [ {
    "id" : "1",
    "name" : "Pronoun",
    "createdDate" : 0
  }, {
    "id" : "2",
    "name" : "Verb",
    "createdDate" : 0
  }, {
    "id" : "3",
    "name" : "Noun",
    "createdDate" : 0
  }, {
    "id" : "4",
    "name" : "Adjective",
    "createdDate" : 0
  }, {
    "id" : "5",
    "name" : "Adverb",
    "createdDate" : 0
  }, {
    "id" : "6",
    "name" : "Adposition",
    "createdDate" : 0
  }, {
    "id" : "7",
    "name" : "Interjection",
    "createdDate" : 0
  }, {
    "id" : "8",
    "name" : "Conjunction",
    "createdDate" : 0
  }, {
    "id" : "9",
    "name" : "Determiner",
    "createdDate" : 0
  }, {
    "id" : "10",
    "name" : "Quantifier",
    "createdDate" : 0
  }, {
    "id" : "0",
    "name" : "Unknown",
    "createdDate" : 0
  } ],
  "numItems" : 403
} ]